time,open,high,low,close,volume,value,foreign_buy_vol,foreign_sell_vol,foreign_buy_val,foreign_sell_val,foreign_room
2009-10-27,8.36,10.15,8.36,9.94,123900,1231566.0,,,,,
2009-10-28,10.29,10.29,10.29,10.29,22800,234611.99999999997,,,,,
2009-10-29,11.0,11.0,10.41,11.0,141900,1560900.0,,,,,
2009-10-30,11.54,11.54,10.41,10.42,88400,921128.0,,,,,
2009-11-02,10.29,10.29,10.29,10.29,4400,45275.99999999999,,,,,
2009-11-03,9.59,9.59,9.59,9.59,2000,19180.0,,,,,
2009-11-04,8.92,8.92,8.92,8.92,12000,107040.0,,,,,
2009-11-05,8.31,8.51,8.31,8.51,87900,748029.0,,,,,
2009-11-06,8.32,8.45,7.75,7.75,43500,337125.0,,,,,
2009-11-09,8.18,8.18,7.32,7.34,35600,261304.0,,,,,
2009-11-10,7.75,7.75,7.25,7.58,48900,370662.0,,,,,
2009-11-11,7.8,7.99,7.62,7.99,30800,246092.0,,,,,
2009-11-12,8.29,8.29,8.27,8.29,32300,267767.0,,,,,
2009-11-13,7.82,8.44,7.82,8.38,16800,140784.0,,,,,
2009-11-16,7.69,8.18,7.67,7.67,52000,398840.0,,,,,
2009-11-17,7.73,7.79,7.62,7.79,19500,151905.0,,,,,
2009-11-18,7.62,7.71,7.62,7.71,10000,77100.0,,,,,
2009-11-19,7.8,7.8,7.43,7.43,28700,213241.0,,,,,
2009-11-20,7.62,7.62,7.19,7.19,11900,85561.0,,,,,
2009-11-23,7.62,7.62,7.12,7.21,8800,63448.0,,,,,
2009-11-24,7.53,7.53,7.12,7.25,1000,7250.0,,,,,
2009-11-25,7.23,7.23,6.73,6.73,5000,33650.0,,,,,
2009-11-26,6.3,6.32,6.3,6.3,4500,28350.0,,,,,
2009-11-27,5.87,6.73,5.87,6.21,42100,261441.0,,,,,
2009-11-30,6.28,6.37,5.95,6.37,13400,85358.0,,,,,
2009-12-01,6.63,6.65,6.5,6.5,17600,114400.0,,,,,
2009-12-02,6.86,7.01,6.19,6.19,9700,60043.00000000001,,,,,
2009-12-03,6.32,6.5,6.13,6.17,6100,37637.0,,,,,
2009-12-04,6.5,6.5,6.13,6.13,8300,50879.0,,,,,
2009-12-07,6.13,6.41,5.96,6.39,13400,85626.0,,,,,
2009-12-08,6.47,6.69,6.32,6.5,8600,55900.0,,,,,
2009-12-09,6.39,6.39,6.02,6.02,13300,80066.0,,,,,
2009-12-10,6.49,6.49,5.69,5.76,21600,124416.0,,,,,
2009-12-11,5.85,5.85,5.44,5.44,8600,46784.0,,,,,
2009-12-14,5.3,5.76,5.3,5.76,7600,43776.0,,,,,
2009-12-15,5.5,5.87,5.5,5.85,19800,115830.0,,,,,
2009-12-16,5.48,5.61,5.41,5.41,9800,53018.0,,,,,
2009-12-17,5.22,5.87,5.22,5.57,9500,52915.0,,,,,
2009-12-18,6.04,6.06,5.95,6.06,18200,110292.0,,,,,
2009-12-21,6.39,6.45,6.13,6.45,6200,39990.0,,,,,
2009-12-22,6.75,6.75,6.13,6.13,5100,31263.0,,,,,
2009-12-23,5.95,6.36,5.95,6.32,3300,20856.0,,,,,
2009-12-24,6.65,6.69,5.95,6.5,13400,87100.0,,,,,
2009-12-25,6.69,6.69,6.36,6.36,16100,102396.0,,,,,
2009-12-28,6.5,6.65,6.45,6.49,9400,61006.0,,,,,
2009-12-29,6.5,6.56,6.13,6.41,11600,74356.0,,,,,
2009-12-30,6.49,6.5,6.32,6.5,16800,109200.0,,,,,
2009-12-31,6.78,6.78,5.95,6.32,10100,63832.0,,,,,
2010-01-04,6.8,6.84,6.6,6.84,30700,209988.0,,,,,
2010-01-05,7.21,7.21,7.02,7.06,21700,153202.0,,,,,
2010-01-06,7.25,7.25,6.88,6.88,9000,61920.0,,,,,
2010-01-07,7.12,7.21,6.88,7.08,18900,133812.0,,,,,
2010-01-08,7.25,7.25,6.95,6.97,51600,359652.0,,,,,
2010-01-11,6.89,6.89,6.86,6.88,13500,92880.0,,,,,
2010-01-12,7.06,7.25,6.89,6.89,24800,170872.0,,,,,
2010-01-13,7.25,7.25,6.84,7.06,9400,66364.0,,,,,
2010-01-14,7.06,7.53,7.06,7.53,36500,274845.0,,,,,
2010-01-15,7.9,7.97,7.73,7.84,24000,188160.0,,,,,
2010-01-18,7.62,7.9,7.36,7.53,13600,102408.0,,,,,
2010-01-19,7.56,8.08,7.56,8.08,35900,290072.0,,,,,
2010-01-20,8.36,8.44,7.71,7.71,51300,395523.0,,,,,
2010-01-21,7.8,7.8,7.71,7.71,2100,16191.0,,,,,
2010-01-22,7.43,7.43,7.25,7.25,2000,14500.0,,,,,
2010-01-25,7.34,7.84,7.34,7.82,4300,33626.0,,,,,
2010-01-26,7.99,7.99,7.8,7.9,4600,36340.0,,,,,
2010-01-27,7.43,7.43,7.36,7.36,6900,50784.0,,,,,
2010-01-28,7.62,7.62,7.62,7.62,100,762.0,,,,,
2010-01-29,7.8,7.8,7.15,7.15,3300,23595.0,,,,,
2010-02-01,6.91,7.06,6.91,7.06,3100,21886.0,,,,,
2010-02-02,7.06,7.06,7.06,7.06,500,3530.0,,,,,
2010-02-03,7.06,7.06,6.6,6.6,8300,54780.0,,,,,
2010-02-04,7.08,7.17,7.08,7.17,2400,17208.0,,,,,
2010-02-05,7.12,7.12,6.69,6.69,1300,8697.0,,,,,
2010-02-08,7.15,7.15,7.15,7.15,200,1430.0,,,,,
2010-02-09,6.88,7.15,6.88,7.15,1000,7150.0,,,,,
2010-02-10,7.23,7.25,7.23,7.23,1900,13737.0,,,,,
2010-02-11,7.73,7.73,7.25,7.25,700,5075.0,,,,,
2010-02-12,7.88,7.88,7.06,7.25,2300,16675.0,,,,,
2010-02-22,7.25,7.95,7.25,7.43,2000,14860.0,,,,,
2010-02-23,7.19,7.19,7.15,7.15,1700,12155.0,,,,,
2010-02-24,7.25,7.25,7.25,7.25,200,1450.0,,,,,
2010-02-25,7.06,7.06,6.97,6.97,1000,6970.0,,,,,
2010-02-26,6.97,7.23,6.97,7.04,4200,29568.0,,,,,
2010-03-01,7.08,7.15,7.08,7.15,8900,63635.0,,,,,
2010-03-02,7.4,7.4,7.14,7.23,700,5061.0,,,,,
2010-03-03,7.23,7.41,7.23,7.25,7500,54375.0,,,,,
2010-03-04,7.36,7.43,7.3,7.41,5100,37791.0,,,,,
2010-03-05,7.28,7.34,7.25,7.27,20000,145400.0,,,,,
2010-03-08,7.77,7.79,7.77,7.79,8100,63099.0,,,,,
2010-03-09,7.99,8.32,7.79,8.16,87400,713184.0,,,,,
2010-03-10,8.18,8.18,7.51,7.99,14900,119051.0,,,,,
2010-03-11,7.99,7.99,7.62,7.99,10300,82297.0,,,,,
2010-03-12,7.73,8.1,7.73,8.05,16200,130410.00000000001,,,,,
2010-03-15,8.29,8.29,8.05,8.17,14200,116014.0,,,,,
2010-03-16,8.15,8.15,7.58,7.6,14100,107160.0,,,,,
2010-03-17,7.6,7.7,7.6,7.7,2400,18480.0,,,,,
2010-03-18,7.7,7.7,7.52,7.7,12700,97790.0,,,,,
2010-03-19,7.7,7.7,7.5,7.5,9700,72750.0,,,,,
2010-03-22,7.5,7.5,7.3,7.4,5400,39960.0,,,,,
2010-03-23,7.46,7.5,7.46,7.5,4200,31500.0,,,,,
2010-03-24,7.5,7.5,7.5,7.5,100,750.0,,,,,
2010-03-25,7.68,7.68,7.04,7.58,400,3032.0,,,,,
2010-03-26,7.79,7.79,7.3,7.5,1300,9750.0,,,,,
2010-03-29,7.3,7.4,7.3,7.4,10500,77700.0,,,,,
2010-03-30,7.1,7.3,7.1,7.22,5700,41154.0,,,,,
2010-03-31,7.3,7.46,7.3,7.46,3500,26110.0,,,,,
2010-04-01,7.3,7.3,7.3,7.3,3900,28470.0,,,,,
2010-04-02,7.4,7.4,7.24,7.4,1700,12580.0,,,,,
2010-04-05,7.68,7.68,7.68,7.68,100,768.0,,,,,
2010-04-06,7.5,7.7,7.4,7.4,6600,48840.0,,,,,
2010-04-07,7.87,7.87,7.36,7.7,17800,137060.0,,,,,
2010-04-08,7.79,7.83,7.3,7.77,17000,132090.0,,,,,
2010-04-09,7.79,7.79,7.5,7.5,500,3750.0,,,,,
2010-04-12,7.79,7.79,7.44,7.44,22300,165912.0,,,,,
2010-04-13,7.34,7.77,7.34,7.77,7000,54390.0,,,,,
2010-04-14,7.66,7.7,7.66,7.66,3300,25278.0,,,,,
2010-04-15,7.66,8.15,7.66,7.79,7100,55309.0,,,,,
2010-04-16,7.89,7.89,7.6,7.6,1600,12160.0,,,,,
2010-04-19,7.52,7.68,7.52,7.68,12700,97536.0,,,,,
2010-04-20,7.52,7.7,7.32,7.56,7800,58968.0,,,,,
2010-04-21,7.5,8.05,7.5,8.05,24800,199640.00000000003,,,,,
2010-04-22,8.49,8.54,8.11,8.11,21000,170310.0,,,,,
2010-04-26,9.02,9.02,8.29,8.5,24200,205700.0,,,,,
2010-04-27,8.09,8.5,8.09,8.5,26200,222700.0,,,,,
2010-04-28,8.58,8.88,8.05,8.05,9400,75670.0,,,,,
2010-04-29,8.09,8.74,8.09,8.66,23600,204376.0,,,,,
2010-05-04,8.54,8.7,7.95,8.68,48400,420112.0,,,,,
2010-05-05,8.86,8.86,8.11,8.11,3200,25952.0,,,,,
2010-05-06,8.47,8.6,8.11,8.6,53600,460960.0,,,,,
2010-05-07,8.49,8.52,8.49,8.5,41600,353600.0,,,,,
2010-05-10,8.52,8.58,8.23,8.52,16700,142284.0,,,,,
2010-05-11,8.86,8.86,8.41,8.49,19900,168951.0,,,,,
2010-05-12,8.54,8.54,8.11,8.45,18400,155480.0,,,,,
2010-05-13,8.37,8.47,8.29,8.39,16200,135918.0,,,,,
2010-05-14,8.39,8.49,8.39,8.49,10600,89994.0,,,,,
2010-05-17,8.47,8.49,8.41,8.45,11000,92949.99999999999,,,,,
2010-05-18,8.41,8.58,8.29,8.45,30100,254344.99999999997,,,,,
2010-05-19,8.31,8.31,8.19,8.19,25700,210483.0,,,,,
2010-05-20,8.27,8.49,7.89,8.49,30800,261492.0,,,,,
2010-05-21,8.41,8.52,8.09,8.27,21800,180286.0,,,,,
2010-05-24,8.68,8.68,7.99,8.49,2500,21225.0,,,,,
2010-05-25,8.49,8.58,8.19,8.49,27900,236871.0,,,,,
2010-05-26,7.99,8.58,7.99,8.39,39600,332244.0,,,,,
2010-05-27,8.68,8.68,8.19,8.19,5600,45864.0,,,,,
2010-05-28,8.56,8.78,7.99,8.58,11200,96096.0,,,,,
2010-05-31,7.93,8.49,7.93,8.49,9800,83202.0,,,,,
2010-06-01,8.49,8.49,8.29,8.47,8400,71148.0,,,,,
2010-06-02,8.49,8.49,8.43,8.47,4600,38962.0,,,,,
2010-06-03,8.88,8.88,8.37,8.47,4400,37268.0,,,,,
2010-06-04,8.8,8.8,8.13,8.45,5900,49854.99999999999,,,,,
2010-06-07,8.45,8.45,8.45,8.45,0,0.0,,,,,
2010-06-08,8.49,8.49,8.49,8.49,100,849.0,,,,,
2010-06-09,8.49,8.54,8.39,8.39,2400,20136.0,,,,,
2010-06-10,8.39,8.39,8.39,8.39,0,0.0,,,,,
2010-06-11,8.47,8.47,8.29,8.29,3100,25698.999999999996,,,,,
2010-06-14,8.45,8.45,8.43,8.43,2900,24447.0,,,,,
2010-06-15,7.89,8.39,7.89,8.39,200,1678.0,,,,,
2010-06-16,8.47,8.7,8.19,8.7,136300,1185810.0,,,,,
2010-06-17,9.2,9.2,8.58,9.2,152500,1403000.0,,,,,
2010-06-18,9.41,9.41,9.31,9.41,55400,521314.0,,,,,
2010-06-21,10.06,10.06,9.43,9.43,92200,869446.0,,,,,
2010-06-22,9.37,9.37,9.29,9.29,49200,457067.99999999994,,,,,
2010-06-23,8.66,8.88,8.66,8.66,115800,1002828.0,,,,,
2010-06-24,8.7,8.8,8.45,8.49,15500,131595.0,,,,,
2010-06-25,8.29,8.58,8.07,8.29,28600,237093.99999999997,,,,,
2010-06-28,8.49,8.68,8.49,8.49,15200,129048.0,,,,,
2010-06-29,8.5,8.56,8.09,8.09,3800,30742.0,,,,,
2010-06-30,8.66,8.66,8.09,8.13,22300,181299.00000000003,,,,,
2010-07-01,8.47,8.47,7.87,8.03,32200,258565.99999999997,,,,,
2010-07-02,8.27,8.27,7.77,8.17,15800,129086.0,,,,,
2010-07-05,8.07,8.09,7.91,7.91,14000,110740.0,,,,,
2010-07-06,8.09,8.17,7.5,7.85,27700,217445.0,,,,,
2010-07-07,8.23,8.23,7.4,7.85,24100,189185.0,,,,,
2010-07-08,7.7,7.89,7.56,7.83,10100,79083.0,,,,,
2010-07-09,7.85,7.89,7.83,7.87,12100,95227.0,,,,,
2010-07-12,7.87,7.87,7.7,7.83,6700,52461.0,,,,,
2010-07-13,8.35,8.37,7.89,8.37,32900,275373.0,,,,,
2010-07-14,8.58,8.58,7.97,8.09,10300,83327.0,,,,,
2010-07-15,8.15,8.37,8.15,8.17,24200,197714.0,,,,,
2010-07-16,8.09,8.39,8.09,8.29,9300,77096.99999999999,,,,,
2010-07-19,7.89,8.23,7.89,8.23,4200,34566.0,,,,,
2010-07-20,7.72,8.17,7.72,8.09,14300,115687.0,,,,,
2010-07-21,8.07,8.09,7.89,8.09,10700,86563.0,,,,,
2010-07-22,8.11,8.11,7.7,8.05,2600,20930.000000000004,,,,,
2010-07-23,8.19,8.19,7.72,8.03,8600,69058.0,,,,,
2010-07-26,8.17,8.17,7.72,7.72,6600,50952.0,,,,,
2010-07-27,7.6,7.97,7.6,7.77,10800,83916.0,,,,,
2010-07-28,8.15,8.15,7.72,7.72,3700,28564.0,,,,,
2010-07-29,7.36,7.79,7.36,7.74,8500,65790.0,,,,,
2010-07-30,7.79,8.19,7.79,8.19,41900,343161.0,,,,,
2010-08-02,8.68,8.68,8.13,8.13,3000,24390.000000000004,,,,,
2010-08-03,8.33,8.33,7.89,7.89,1100,8679.0,,,,,
2010-08-04,7.89,8.15,7.72,7.72,13900,107308.0,,,,,
2010-08-05,7.72,7.72,7.72,7.72,0,0.0,,,,,
2010-08-06,8.05,8.05,7.62,8.01,1300,10413.0,,,,,
2010-08-09,8.07,8.07,7.48,7.5,9400,70500.0,,,,,
2010-08-10,7.87,7.87,7.32,7.58,7800,59124.0,,,,,
2010-08-11,7.3,7.58,7.3,7.58,7100,53818.0,,,,,
2010-08-12,7.6,7.6,7.1,7.1,9100,64610.0,,,,,
2010-08-13,7.28,7.4,7.24,7.4,5800,42920.0,,,,,
2010-08-16,7.48,7.7,7.48,7.7,8200,63140.0,,,,,
2010-08-17,7.79,7.79,7.4,7.4,4100,30340.0,,,,,
2010-08-18,7.14,7.3,7.14,7.3,3000,21900.0,,,,,
2010-08-19,7.4,7.4,7.12,7.22,6600,47652.0,,,,,
2010-08-20,7.7,7.7,7.3,7.64,12800,97792.0,,,,,
2010-08-23,7.95,7.95,7.14,7.14,5600,39984.0,,,,,
2010-08-24,7.2,7.3,6.95,7.26,6400,46464.0,,,,,
2010-08-25,7.1,7.18,6.69,7.18,17000,122060.0,,,,,
2010-08-26,7.1,7.28,7.1,7.2,8100,58320.0,,,,,
2010-08-27,7.1,7.1,6.99,7.1,6500,46150.0,,,,,
2010-08-30,7.46,7.46,7.44,7.44,1600,11904.0,,,,,
2010-08-31,7.58,7.58,7.4,7.4,3000,22200.0,,,,,
2010-09-01,7.5,7.58,7.5,7.58,1600,12128.0,,,,,
2010-09-06,7.77,7.89,7.66,7.89,8200,64698.0,,,,,
2010-09-07,7.68,7.79,7.68,7.79,4100,31939.0,,,,,
2010-09-08,7.34,7.62,7.28,7.62,16700,127254.0,,,,,
2010-09-09,7.52,7.85,7.5,7.5,4000,30000.0,,,,,
2010-09-10,7.7,7.7,7.2,7.5,25800,193500.0,,,,,
2010-09-13,7.3,7.44,7.3,7.44,9500,70680.0,,,,,
2010-09-14,7.46,7.46,7.46,7.46,3100,23126.0,,,,,
2010-09-15,7.85,7.85,7.24,7.46,2100,15666.0,,,,,
2010-09-16,7.56,7.68,7.5,7.56,10200,77112.0,,,,,
2010-09-17,7.56,7.56,7.56,7.56,0,0.0,,,,,
2010-09-20,7.56,7.56,7.56,7.56,100,756.0,,,,,
2010-09-21,7.3,7.83,7.1,7.83,900,7047.0,,,,,
2010-09-22,7.64,7.77,7.64,7.77,4000,31080.0,,,,,
2010-09-23,7.5,7.68,7.42,7.6,20600,156560.0,,,,,
2010-09-24,7.54,7.6,7.54,7.6,18500,140600.0,,,,,
2010-09-27,7.68,7.68,7.68,7.68,5000,38400.0,,,,,
2010-09-28,7.52,7.68,7.52,7.68,1300,9984.0,,,,,
2010-09-29,7.6,7.6,7.58,7.58,3000,22740.0,,,,,
2010-09-30,7.56,7.89,7.56,7.89,3800,29982.0,,,,,
2010-10-01,7.89,7.89,7.89,7.89,0,0.0,,,,,
2010-10-04,7.2,7.32,7.2,7.3,1600,11680.0,,,,,
2010-10-05,7.3,7.3,7.3,7.3,0,0.0,,,,,
2010-10-06,7.79,7.79,7.2,7.2,4300,30960.0,,,,,
2010-10-07,7.7,7.72,7.48,7.5,2900,21750.0,,,,,
2010-10-08,7.68,7.68,7.68,7.68,100,768.0,,,,,
2010-10-11,7.68,7.68,7.68,7.68,100,768.0,,,,,
2010-10-12,7.68,7.68,7.68,7.68,100,768.0,,,,,
2010-10-13,7.38,7.38,7.38,7.38,100,738.0,,,,,
2010-10-14,7.6,7.6,7.6,7.6,8000,60800.0,,,,,
2010-10-15,7.6,7.6,7.6,7.6,11100,84360.0,,,,,
2010-10-18,7.68,7.7,7.6,7.6,4400,33440.0,,,,,
2010-10-19,7.89,7.89,7.46,7.46,1300,9698.0,,,,,
2010-10-20,7.6,7.6,7.6,7.6,1500,11400.0,,,,,
2010-10-21,7.6,7.6,7.6,7.6,1100,8360.0,,,,,
2010-10-22,7.7,7.7,7.16,7.16,13500,96660.0,,,,,
2010-10-25,7.54,7.6,7.54,7.6,3200,24320.0,,,,,
2010-10-26,7.6,7.6,7.6,7.6,1000,7600.0,,,,,
2010-10-27,7.22,7.22,7.2,7.2,4400,31680.0,,,,,
2010-10-28,7.32,7.32,7.32,7.32,100,732.0,,,,,
2010-10-29,7.68,7.68,7.68,7.68,1000,7680.0,,,,,
2010-11-01,7.2,7.2,7.14,7.14,1000,7140.0,,,,,
2010-11-02,6.83,6.83,6.83,6.83,300,2049.0,,,,,
2010-11-03,7.26,7.3,6.71,7.3,13600,99280.0,,,,,
2010-11-04,7.74,7.74,7.6,7.72,2700,20844.0,,,,,
2010-11-05,7.93,7.93,7.75,7.75,5000,38750.0,,,,,
2010-11-08,7.72,7.75,7.7,7.75,5500,42625.0,,,,,
2010-11-09,7.68,7.68,7.68,7.68,3500,26880.0,,,,,
2010-11-10,7.68,7.68,7.68,7.68,5000,38400.0,,,,,
2010-11-11,7.32,7.6,7.32,7.4,1100,8140.0,,,,,
2010-11-12,7.5,7.56,7.5,7.56,2000,15120.0,,,,,
2010-11-15,7.34,7.34,7.3,7.3,800,5840.0,,,,,
2010-11-16,7.58,7.58,6.87,6.87,3900,26793.0,,,,,
2010-11-17,7.1,7.1,6.91,6.91,600,4146.0,,,,,
2010-11-18,7.44,7.48,7.44,7.48,15400,115192.0,,,,,
2010-11-19,7.83,7.83,7.83,7.83,800,6264.0,,,,,
2010-11-22,7.5,7.5,7.5,7.5,3200,24000.0,,,,,
2010-11-23,7.32,7.32,7.3,7.3,2900,21170.0,,,,,
2010-11-24,7.3,7.3,7.3,7.3,0,0.0,,,,,
2010-11-25,7.01,7.58,7.01,7.1,1400,9940.0,,,,,
2010-11-26,7.01,7.6,6.73,6.73,1400,9422.0,,,,,
2010-11-29,6.71,7.3,6.71,7.3,7200,52560.0,,,,,
2010-11-30,7.3,7.3,7.3,7.3,0,0.0,,,,,
2010-12-01,7.5,7.5,7.5,7.5,100,750.0,,,,,
2010-12-02,7.5,7.5,7.5,7.5,0,0.0,,,,,
2010-12-03,7.3,7.66,7.3,7.66,500,3830.0,,,,,
2010-12-06,7.1,7.5,7.1,7.5,16000,120000.0,,,,,
2010-12-07,7.1,7.1,7.1,7.1,3000,21300.0,,,,,
2010-12-08,7.1,7.6,7.1,7.2,39700,285840.0,,,,,
2010-12-09,7.5,7.5,7.5,7.5,200,1500.0,,,,,
2010-12-10,7.5,7.7,7.5,7.7,8200,63140.0,,,,,
2010-12-13,7.66,7.66,7.66,7.66,7500,57450.0,,,,,
2010-12-14,7.46,7.46,7.46,7.46,1000,7460.0,,,,,
2010-12-15,7.46,7.46,7.46,7.46,0,0.0,,,,,
2010-12-16,7.46,7.46,7.46,7.46,0,0.0,,,,,
2010-12-17,7.46,7.46,7.46,7.46,0,0.0,,,,,
2010-12-20,7.48,7.48,7.46,7.46,1000,7460.0,,,,,
2010-12-21,7.6,7.6,7.6,7.6,100,760.0,,,,,
2010-12-22,7.79,7.79,7.79,7.79,100,779.0,,,,,
2010-12-23,7.3,7.3,7.3,7.3,1000,7300.0,,,,,
2010-12-24,7.7,7.7,7.32,7.5,3400,25500.0,,,,,
2010-12-27,7.7,7.7,7.7,7.7,100,770.0,,,,,
2010-12-28,7.7,7.79,7.7,7.79,23900,186181.0,,,,,
2010-12-29,7.79,7.79,7.77,7.77,30100,233877.0,,,,,
2010-12-30,7.6,7.77,7.6,7.72,28500,220020.0,,,,,
2010-12-31,7.77,7.91,7.77,7.89,36000,284040.0,,,,,
2011-01-04,7.89,7.89,7.89,7.89,0,0.0,,,,,
2011-01-05,7.89,7.89,7.89,7.89,0,0.0,,,,,
2011-01-06,7.89,7.89,7.89,7.89,0,0.0,,,,,
2011-01-07,7.87,7.87,7.87,7.87,1000,7870.0,,,,,
2011-01-10,7.85,7.95,7.85,7.95,28500,226575.0,,,,,
2011-01-11,7.95,7.95,7.95,7.95,0,0.0,,,,,
2011-01-12,7.95,7.95,7.95,7.95,0,0.0,,,,,
2011-01-13,7.85,7.89,7.7,7.7,55000,423500.0,,,,,
2011-01-14,7.6,7.6,7.6,7.6,300,2280.0,,,,,
2011-01-17,7.3,7.44,7.3,7.44,1000,7440.0,,,,,
2011-01-18,7.87,7.87,7.6,7.6,29600,224960.0,,,,,
2011-01-19,7.5,7.5,7.5,7.5,2700,20250.0,,,,,
2011-01-20,7.79,7.89,7.79,7.87,21700,170779.0,,,,,
2011-01-21,7.5,7.52,7.5,7.52,1400,10528.0,,,,,
2011-01-24,7.7,7.7,7.7,7.7,100,770.0,,,,,
2011-01-25,7.7,7.7,7.7,7.7,0,0.0,,,,,
2011-01-26,7.85,7.85,7.85,7.85,100,785.0,,,,,
2011-01-27,8.39,8.39,8.39,8.39,100,839.0,,,,,
2011-01-28,8.09,8.27,7.81,7.81,1500,11715.0,,,,,
2011-02-08,7.7,7.7,7.7,7.7,100,770.0,,,,,
2011-02-09,7.7,7.7,7.7,7.7,0,0.0,,,,,
2011-02-10,7.99,7.99,7.6,7.6,1300,9880.0,,,,,
2011-02-11,7.6,7.6,7.6,7.6,0,0.0,,,,,
2011-02-14,7.64,7.64,7.6,7.6,2400,18240.0,,,,,
2011-02-15,7.85,7.85,7.6,7.6,200,1520.0,,,,,
2011-02-16,7.5,7.5,7.5,7.5,400,3000.0,,,,,
2011-02-17,7.24,7.7,7.24,7.7,900,6930.0,,,,,
2011-02-18,7.5,7.6,7.5,7.5,500,3750.0,,,,,
2011-02-21,7.5,7.5,7.5,7.5,0,0.0,,,,,
2011-02-22,7.01,7.01,7.01,7.01,31100,218011.0,,,,,
2011-02-23,7.48,7.48,7.48,7.48,100,748.0,,,,,
2011-02-24,7.48,7.48,7.48,7.48,700,5236.0,,,,,
2011-02-25,7.48,7.48,7.48,7.48,0,0.0,,,,,
2011-02-28,7.5,7.5,7.5,7.5,10900,81750.0,,,,,
2011-03-01,7.5,7.5,7.5,7.5,100,750.0,,,,,
2011-03-02,7.5,7.5,7.5,7.5,0,0.0,,,,,
2011-03-03,7.5,7.5,7.01,7.5,4200,31500.0,,,,,
2011-03-04,7.5,7.5,7.5,7.5,0,0.0,,,,,
2011-03-07,7.46,7.48,7.46,7.48,3200,23936.0,,,,,
2011-03-08,7.6,7.6,7.6,7.6,10300,78280.0,,,,,
2011-03-09,7.6,7.6,7.6,7.6,0,0.0,,,,,
2011-03-10,7.56,7.56,7.56,7.56,500,3780.0,,,,,
2011-03-11,7.56,7.66,7.56,7.6,21400,162640.0,,,,,
2011-03-14,7.6,7.6,7.6,7.6,0,0.0,,,,,
2011-03-15,7.56,7.6,7.56,7.6,8000,60800.0,,,,,
2011-03-16,7.6,7.6,7.6,7.6,0,0.0,,,,,
2011-03-17,7.58,7.6,7.58,7.6,5000,38000.0,,,,,
2011-03-18,7.06,7.06,7.06,7.06,700,4942.0,,,,,
2011-03-21,7.4,7.4,7.38,7.38,1200,8856.0,,,,,
2011-03-22,7.22,7.22,7.22,7.22,300,2166.0,,,,,
2011-03-23,7.3,7.3,7.3,7.3,1000,7300.0,,,,,
2011-03-24,7.3,7.3,7.3,7.3,0,0.0,,,,,
2011-03-25,7.58,7.58,7.5,7.5,1900,14250.0,,,,,
2011-03-28,7.5,7.5,7.5,7.5,0,0.0,,,,,
2011-03-29,7.5,7.5,7.5,7.5,0,0.0,,,,,
2011-03-30,7.58,7.6,7.5,7.6,12900,98040.0,,,,,
2011-03-31,8.09,8.09,7.12,8.05,5000,40250.0,,,,,
2011-04-01,8.05,8.05,8.05,8.05,0,0.0,,,,,
2011-04-04,8.05,8.05,8.05,8.05,0,0.0,,,,,
2011-04-05,8.05,8.05,8.05,8.05,0,0.0,,,,,
2011-04-06,7.5,7.79,7.5,7.79,2600,20254.0,,,,,
2011-04-07,7.18,7.18,7.18,7.18,800,5744.0,,,,,
2011-04-08,7.18,7.18,7.18,7.18,0,0.0,,,,,
2011-04-13,7.18,7.18,7.18,7.18,0,0.0,,,,,
2011-04-14,7.18,7.18,7.18,7.18,0,0.0,,,,,
2011-04-15,7.18,7.18,7.18,7.18,0,0.0,,,,,
2011-04-18,7.18,7.18,7.18,7.18,0,0.0,,,,,
2011-04-19,7.18,7.18,7.18,7.18,0,0.0,,,,,
2011-04-20,7.3,7.68,7.3,7.68,8000,61440.0,,,,,
2011-04-21,7.68,7.68,7.68,7.68,0,0.0,,,,,
2011-04-22,7.68,7.68,7.68,7.68,0,0.0,,,,,
2011-04-25,7.68,7.68,7.68,7.68,0,0.0,,,,,
2011-04-26,7.68,7.68,7.68,7.68,0,0.0,,,,,
2011-04-27,7.68,7.68,7.68,7.68,0,0.0,,,,,
2011-04-28,7.46,7.5,7.46,7.5,8000,60000.0,,,,,
2011-04-29,7.1,7.1,7.1,7.1,2000,14200.0,,,,,
2011-05-04,7.3,7.3,7.3,7.3,3300,24090.0,,,,,
2011-05-05,7.41,7.41,7.41,7.41,900,6669.0,,,,,
2011-05-06,7.41,7.41,7.41,7.41,0,0.0,,,,,
2011-05-09,7.41,7.41,7.41,7.41,0,0.0,,,,,
2011-05-10,7.41,7.41,7.41,7.41,0,0.0,,,,,
2011-05-11,7.41,7.41,7.41,7.41,0,0.0,,,,,
2011-05-12,7.41,7.41,7.41,7.41,0,0.0,,,,,
2011-05-13,7.41,7.41,7.41,7.41,0,0.0,,,,,
2011-05-16,6.98,6.98,6.98,6.98,2900,20242.0,,,,,
2011-05-17,6.98,6.98,6.98,6.98,0,0.0,,,,,
2011-05-18,6.98,6.98,6.98,6.98,0,0.0,,,,,
2011-05-19,6.98,6.98,6.98,6.98,0,0.0,,,,,
2011-05-20,6.98,6.98,6.98,6.98,0,0.0,,,,,
2011-05-23,6.98,6.98,6.98,6.98,0,0.0,,,,,
2011-05-24,6.98,6.98,6.98,6.98,0,0.0,,,,,
2011-05-25,6.56,6.56,6.52,6.52,5300,34556.0,,,,,
2011-05-26,6.77,6.77,6.77,6.77,200,1354.0,,,,,
2011-05-27,6.77,6.77,6.77,6.77,0,0.0,,,,,
2011-05-30,6.77,6.77,6.77,6.77,0,0.0,,,,,
2011-05-31,7.24,7.24,7.24,7.24,100,724.0,,,,,
2011-06-01,7.72,7.72,7.72,7.72,100,772.0,,,,,
2011-06-02,8.23,8.23,8.23,8.23,100,823.0,,,,,
2011-06-03,8.78,8.78,8.78,8.78,100,877.9999999999999,,,,,
2011-06-06,9.21,9.21,8.17,8.17,2100,17157.0,,,,,
2011-06-07,8.17,8.17,8.17,8.17,0,0.0,,,,,
2011-06-08,7.83,7.83,7.83,7.83,500,3915.0,,,,,
2011-06-09,7.72,7.72,7.72,7.72,300,2316.0,,,,,
2011-06-10,7.72,7.72,7.72,7.72,200,1544.0,,,,,
2011-06-13,7.72,7.72,7.72,7.72,0,0.0,,,,,
2011-06-14,8.15,8.15,8.15,8.15,100,815.0,,,,,
2011-06-15,8.15,8.15,8.15,8.15,0,0.0,,,,,
2011-06-16,8.15,8.15,8.15,8.15,0,0.0,,,,,
2011-06-17,8.15,8.15,8.15,8.15,0,0.0,,,,,
2011-06-20,8.15,8.15,8.15,8.15,0,0.0,,,,,
2011-06-21,7.62,7.62,7.6,7.6,1800,13680.0,,,,,
2011-06-22,7.6,7.6,7.6,7.6,0,0.0,,,,,
2011-06-23,7.6,7.6,7.6,7.6,0,0.0,,,,,
2011-06-24,7.09,8.04,7.09,8.04,1100,8843.999999999998,,,,,
2011-06-27,8.3,8.3,8.3,8.3,100,830.0000000000001,,,,,
2011-06-28,7.72,7.72,7.72,7.72,500,3860.0,,,,,
2011-06-29,8.25,8.25,8.25,8.25,100,825.0,,,,,
2011-06-30,8.25,8.25,8.25,8.25,0,0.0,,,,,
2011-07-01,8.25,8.25,8.25,8.25,0,0.0,,,,,
2011-07-04,8.25,8.25,8.25,8.25,0,0.0,,,,,
2011-07-05,8.25,8.25,8.25,8.25,0,0.0,,,,,
2011-07-06,8.25,8.25,8.25,8.25,0,0.0,,,,,
2011-07-07,8.25,8.25,8.25,8.25,0,0.0,,,,,
2011-07-08,8.25,8.25,8.25,8.25,0,0.0,,,,,
2011-07-11,8.25,8.25,8.25,8.25,0,0.0,,,,,
2011-07-12,8.25,8.25,8.25,8.25,0,0.0,,,,,
2011-07-13,8.25,8.25,8.25,8.25,0,0.0,,,,,
2011-07-14,8.25,8.25,8.25,8.25,0,0.0,,,,,
2011-07-15,8.25,8.25,8.25,8.25,0,0.0,,,,,
2011-07-18,7.68,7.68,7.68,7.68,100,768.0,,,,,
2011-07-19,7.15,7.15,7.15,7.15,100,715.0,,,,,
2011-07-20,6.67,6.67,6.67,6.67,200,1334.0,,,,,
2011-07-21,6.24,6.24,6.24,6.24,100,624.0,,,,,
2011-07-22,6.24,6.24,6.24,6.24,0,0.0,,,,,
2011-07-25,6.24,6.24,6.24,6.24,0,0.0,,,,,
2011-07-26,6.24,6.24,6.24,6.24,0,0.0,,,,,
2011-07-27,6.24,6.24,6.24,6.24,0,0.0,,,,,
2011-07-28,6.24,6.24,6.24,6.24,0,0.0,,,,,
2011-07-29,6.24,6.24,6.24,6.24,0,0.0,,,,,
2011-08-01,6.24,6.24,6.24,6.24,0,0.0,,,,,
2011-08-02,6.24,6.24,6.24,6.24,0,0.0,,,,,
2011-08-03,6.24,6.24,6.24,6.24,0,0.0,,,,,
2011-08-04,6.24,6.24,6.24,6.24,0,0.0,,,,,
2011-08-05,6.24,6.24,6.24,6.24,0,0.0,,,,,
2011-08-08,6.24,6.24,6.24,6.24,0,0.0,,,,,
2011-08-09,6.24,6.24,6.24,6.24,0,0.0,,,,,
2011-08-10,6.24,6.24,6.24,6.24,0,0.0,,,,,
2011-08-11,6.24,6.24,6.24,6.24,0,0.0,,,,,
2011-08-12,6.24,6.24,6.24,6.24,0,0.0,,,,,
2011-08-15,6.24,6.24,6.24,6.24,1700,10608.0,,,,,
2011-08-16,6.24,6.24,6.24,6.24,0,0.0,,,,,
2011-08-17,5.82,5.82,5.82,5.82,300,1746.0,,,,,
2011-08-18,5.82,5.82,5.82,5.82,0,0.0,,,,,
2011-08-19,5.82,5.82,5.82,5.82,0,0.0,,,,,
2011-08-22,5.82,5.82,5.82,5.82,0,0.0,,,,,
2011-08-23,5.82,5.82,5.82,5.82,0,0.0,,,,,
2011-08-24,5.82,5.82,5.82,5.82,0,0.0,,,,,
2011-08-25,5.82,5.82,5.82,5.82,0,0.0,,,,,
2011-08-26,5.82,5.82,5.82,5.82,0,0.0,,,,,
2011-08-29,5.82,5.82,5.82,5.82,0,0.0,,,,,
2011-08-30,5.82,5.82,5.82,5.82,0,0.0,,,,,
2011-08-31,5.82,5.82,5.82,5.82,0,0.0,,,,,
2011-09-01,5.82,5.82,5.82,5.82,0,0.0,,,,,
2011-09-05,5.82,5.82,5.82,5.82,0,0.0,,,,,
2011-09-06,5.82,5.82,5.82,5.82,0,0.0,,,,,
2011-09-07,5.82,5.82,5.82,5.82,0,0.0,,,,,
2011-09-08,5.82,5.82,5.82,5.82,0,0.0,,,,,
2011-09-09,5.82,5.82,5.82,5.82,0,0.0,,,,,
2011-09-12,5.82,5.82,5.82,5.82,0,0.0,,,,,
2011-09-13,5.82,5.82,5.82,5.82,0,0.0,,,,,
2011-09-14,5.82,5.82,5.82,5.82,0,0.0,,,,,
2011-09-15,5.82,5.82,5.82,5.82,0,0.0,,,,,
2011-09-16,5.82,5.82,5.82,5.82,0,0.0,,,,,
2011-09-19,5.82,5.82,5.82,5.82,0,0.0,,,,,
2011-09-20,5.82,5.82,5.82,5.82,0,0.0,,,,,
2011-09-21,5.82,5.82,5.82,5.82,0,0.0,,,,,
2011-09-22,5.82,5.82,5.82,5.82,0,0.0,,,,,
2011-09-23,5.82,5.82,5.82,5.82,0,0.0,,,,,
2011-09-26,5.82,5.82,5.82,5.82,0,0.0,,,,,
2011-09-27,5.93,5.93,5.93,5.93,600,3558.0,,,,,
2011-09-28,5.93,5.93,5.93,5.93,0,0.0,,,,,
2011-09-29,5.93,5.93,5.93,5.93,0,0.0,,,,,
2011-09-30,5.93,5.93,5.93,5.93,0,0.0,,,,,
2011-10-03,5.93,5.93,5.93,5.93,0,0.0,,,,,
2011-10-04,5.93,5.93,5.93,5.93,0,0.0,,,,,
2011-10-05,5.93,5.93,5.93,5.93,0,0.0,,,,,
2011-10-06,5.93,5.93,5.93,5.93,0,0.0,,,,,
2011-10-07,5.93,5.93,5.93,5.93,0,0.0,,,,,
2011-10-10,5.93,5.93,5.93,5.93,0,0.0,,,,,
2011-10-11,5.93,5.93,5.93,5.93,0,0.0,,,,,
2011-10-12,5.93,5.93,5.93,5.93,0,0.0,,,,,
2011-10-13,5.93,5.93,5.93,5.93,0,0.0,,,,,
2011-10-14,5.93,5.93,5.93,5.93,0,0.0,,,,,
2011-10-17,5.93,5.93,5.93,5.93,0,0.0,,,,,
2011-10-18,5.93,5.93,5.93,5.93,0,0.0,,,,,
2011-10-19,6.03,6.03,6.03,6.03,300,1809.0,,,,,
2011-10-20,6.03,6.03,6.03,6.03,0,0.0,,,,,
2011-10-21,5.63,5.63,5.63,5.63,100,563.0,,,,,
2011-10-24,5.63,5.63,5.63,5.63,0,0.0,,,,,
2011-10-25,5.25,5.25,5.25,5.25,100,525.0,,,,,
2011-10-26,5.25,5.25,5.25,5.25,0,0.0,,,,,
2011-10-27,5.47,5.47,5.47,5.47,0,0.0,,,,,
2011-10-28,5.47,5.47,5.47,5.47,0,0.0,,,,,
2011-10-31,5.47,5.47,5.47,5.47,0,0.0,,,,,
2011-11-01,4.9,4.9,4.9,4.9,100,490.00000000000006,,,,,
2011-11-02,4.9,4.9,4.9,4.9,0,0.0,,,,,
2011-11-03,4.9,4.9,4.9,4.9,0,0.0,,,,,
2011-11-04,4.59,4.59,4.59,4.59,100,459.0,,,,,
2011-11-07,4.59,4.59,4.59,4.59,0,0.0,,,,,
2011-11-08,4.59,4.59,4.59,4.59,0,0.0,,,,,
2011-11-09,4.59,4.59,4.59,4.59,0,0.0,,,,,
2011-11-10,4.59,4.59,4.59,4.59,0,0.0,,,,,
2011-11-11,4.59,4.59,4.59,4.59,0,0.0,,,,,
2011-11-14,4.59,4.59,4.59,4.59,0,0.0,,,,,
2011-11-15,4.59,4.59,4.59,4.59,0,0.0,,,,,
2011-11-16,4.59,4.59,4.59,4.59,0,0.0,,,,,
2011-11-17,4.59,4.59,4.59,4.59,0,0.0,,,,,
2011-11-18,4.59,4.59,4.59,4.59,0,0.0,,,,,
2011-11-21,4.59,4.59,4.59,4.59,0,0.0,,,,,
2011-11-22,4.59,4.59,4.59,4.59,0,0.0,,,,,
2011-11-23,4.59,4.59,4.59,4.59,0,0.0,,,,,
2011-11-24,4.59,4.59,4.59,4.59,0,0.0,,,,,
2011-11-25,4.59,4.59,4.59,4.59,0,0.0,,,,,
2011-11-28,4.59,4.59,4.59,4.59,0,0.0,,,,,
2011-11-29,4.59,4.59,4.59,4.59,0,0.0,,,,,
2011-11-30,4.59,4.59,4.59,4.59,0,0.0,,,,,
2011-12-01,4.9,4.9,4.9,4.9,100,490.00000000000006,,,,,
2011-12-02,4.9,4.9,4.9,4.9,0,0.0,,,,,
2011-12-05,4.9,4.9,4.9,4.9,0,0.0,,,,,
2011-12-06,4.9,4.9,4.9,4.9,0,0.0,,,,,
2011-12-07,4.9,4.9,4.9,4.9,0,0.0,,,,,
2011-12-08,4.9,4.9,4.9,4.9,0,0.0,,,,,
2011-12-09,4.9,4.9,4.9,4.9,0,0.0,,,,,
2011-12-12,4.9,4.9,4.9,4.9,0,0.0,,,,,
2011-12-13,4.9,4.9,4.9,4.9,0,0.0,,,,,
2011-12-14,4.96,4.96,4.96,4.96,10000,49600.0,,,,,
2011-12-15,4.96,4.96,4.96,4.96,0,0.0,,,,,
2011-12-16,4.96,4.96,4.96,4.96,0,0.0,,,,,
2011-12-19,4.96,4.96,4.96,4.96,0,0.0,,,,,
2011-12-20,4.96,4.96,4.96,4.96,0,0.0,,,,,
2011-12-21,4.96,4.96,4.96,4.96,900,4464.0,,,,,
2011-12-22,4.96,4.96,4.96,4.96,0,0.0,,,,,
2011-12-23,4.96,4.96,4.96,4.96,0,0.0,,,,,
2011-12-26,4.96,4.96,4.96,4.96,0,0.0,,,,,
2011-12-27,4.96,4.96,4.96,4.96,0,0.0,,,,,
2011-12-28,4.96,4.96,4.96,4.96,0,0.0,,,,,
2011-12-29,4.96,4.96,4.96,4.96,0,0.0,,,,,
2011-12-30,4.96,4.96,4.96,4.96,0,0.0,,,,,
2012-01-03,4.96,4.96,4.96,4.96,0,0.0,,,,,
2012-01-04,4.96,4.96,4.96,4.96,0,0.0,,,,,
2012-01-05,4.96,4.96,4.96,4.96,0,0.0,,,,,
2012-01-06,4.96,4.96,4.96,4.96,0,0.0,,,,,
2012-01-09,4.96,4.96,4.96,4.96,0,0.0,,,,,
2012-01-10,4.96,4.96,4.96,4.96,0,0.0,,,,,
2012-01-11,4.96,4.96,4.96,4.96,0,0.0,,,,,
2012-01-12,4.96,4.96,4.96,4.96,0,0.0,,,,,
2012-01-13,4.96,4.96,4.96,4.96,0,0.0,,,,,
2012-01-16,4.96,4.96,4.96,4.96,0,0.0,,,,,
2012-01-17,4.96,4.96,4.96,4.96,0,0.0,,,,,
2012-01-18,4.96,4.96,4.96,4.96,0,0.0,,,,,
2012-01-19,4.85,4.85,4.85,4.85,1000,4850.0,,,,,
2012-01-20,4.96,4.96,4.96,4.96,1000,4960.0,,,,,
2012-01-30,4.96,4.96,4.96,4.96,0,0.0,,,,,
2012-01-31,4.96,4.96,4.96,4.96,0,0.0,,,,,
2012-02-01,4.96,4.96,4.96,4.96,0,0.0,,,,,
2012-02-02,4.96,4.96,4.96,4.96,5000,24800.0,,,,,
2012-02-03,4.96,4.96,4.96,4.96,0,0.0,,,,,
2012-02-06,5.2,5.2,4.96,4.96,7500,37200.0,,,,,
2012-02-07,4.96,4.96,4.96,4.96,0,0.0,,,,,
2012-02-08,4.96,4.96,4.79,4.79,2500,11975.0,,,,,
2012-02-09,4.65,4.96,4.63,4.96,7600,37696.0,,,,,
2012-02-10,4.96,4.96,4.96,4.96,0,0.0,,,,,
2012-02-13,4.96,4.96,4.96,4.96,0,0.0,,,,,
2012-02-14,4.96,4.96,4.96,4.96,0,0.0,,,,,
2012-02-15,4.96,4.96,4.96,4.96,0,0.0,,,,,
2012-02-16,5.07,5.07,5.07,5.07,100,507.0,,,,,
2012-02-17,5.07,5.07,5.07,5.07,0,0.0,,,,,
2012-02-20,5.07,5.07,5.07,5.07,0,0.0,,,,,
2012-02-21,5.07,5.07,5.07,5.07,0,0.0,,,,,
2012-02-22,5.07,5.07,5.07,5.07,0,0.0,,,,,
2012-02-23,5.29,5.29,5.29,5.29,100,529.0,,,,,
2012-02-24,5.65,5.65,5.65,5.65,100,565.0,,,,,
2012-02-27,5.27,5.27,5.27,5.27,100,527.0,,,,,
2012-02-28,5.27,5.27,5.27,5.27,0,0.0,,,,,
2012-02-29,5.27,5.27,5.27,5.27,4100,21607.0,,,,,
2012-03-01,5.27,5.27,5.27,5.27,0,0.0,,,,,
2012-03-02,4.92,4.92,4.92,4.92,100,492.0,,,,,
2012-03-05,5.25,5.25,5.25,5.25,6800,35700.0,,,,,
2012-03-06,5.25,5.25,5.25,5.25,0,0.0,,,,,
2012-03-07,5.6,5.6,4.92,4.92,300,1476.0,,,,,
2012-03-08,4.85,4.85,4.79,4.79,1000,4790.0,,,,,
2012-03-09,4.79,4.79,4.79,4.79,0,0.0,,,,,
2012-03-12,4.79,4.79,4.79,4.79,0,0.0,,,,,
2012-03-13,4.63,4.63,4.63,4.63,500,2315.0,,,,,
2012-03-14,4.63,4.63,4.63,4.63,0,0.0,,,,,
2012-03-15,4.94,4.94,4.94,4.94,100,494.00000000000006,,,,,
2012-03-16,4.63,4.68,4.63,4.65,3100,14415.000000000002,,,,,
2012-03-19,4.65,4.65,4.65,4.65,0,0.0,,,,,
2012-03-20,4.96,4.96,4.96,4.96,100,496.0,,,,,
2012-03-21,5.29,5.29,5.29,5.29,1100,5819.0,,,,,
2012-03-22,4.94,4.94,4.94,4.94,500,2470.0,,,,,
2012-03-23,4.85,5.27,4.85,5.27,2000,10540.0,,,,,
2012-03-26,4.92,5.6,4.92,5.6,800,4480.0,,,,,
2012-03-27,5.6,5.6,5.6,5.6,0,0.0,,,,,
2012-03-28,5.6,5.91,5.6,5.84,500,2920.0,,,,,
2012-03-29,5.62,5.62,5.51,5.51,200,1102.0,,,,,
2012-03-30,5.51,5.51,5.51,5.51,100,551.0,,,,,
2012-04-03,5.51,5.51,5.51,5.51,0,0.0,,,,,
2012-04-04,5.14,5.14,5.14,5.14,200,1028.0,,,,,
2012-04-05,4.85,4.85,4.85,4.85,200,969.9999999999999,,,,,
2012-04-06,4.85,4.85,4.85,4.85,0,0.0,,,,,
2012-04-09,4.85,4.85,4.85,4.85,0,0.0,,,,,
2012-04-10,5.18,5.18,5.18,5.18,100,518.0,,,,,
2012-04-11,5.18,5.18,5.18,5.18,0,0.0,,,,,
2012-04-12,5.51,5.54,5.51,5.54,200,1108.0,,,,,
2012-04-13,5.49,5.49,5.49,5.49,100,549.0,,,,,
2012-04-16,5.73,5.87,5.73,5.87,1000,5870.0,,,,,
2012-04-17,5.47,5.47,5.47,5.47,1100,6017.0,,,,,
2012-04-18,5.14,5.14,5.14,5.14,100,514.0,,,,,
2012-04-19,5.49,5.49,5.49,5.49,100,549.0,,,,,
2012-04-20,5.87,5.87,5.87,5.87,200,1174.0,,,,,
2012-04-23,6.15,6.26,6.15,6.26,500,3130.0,,,,,
2012-04-24,6.26,6.26,6.26,6.26,0,0.0,,,,,
2012-04-25,6.26,6.26,6.26,6.26,0,0.0,,,,,
2012-04-26,6.62,6.68,6.4,6.68,500,3340.0,,,,,
2012-04-27,6.68,6.68,6.68,6.68,0,0.0,,,,,
2012-05-02,6.68,6.68,6.68,6.68,0,0.0,,,,,
2012-05-03,6.68,6.68,6.68,6.68,0,0.0,,,,,
2012-05-04,6.68,6.68,6.68,6.68,0,0.0,,,,,
2012-05-07,6.68,6.68,6.68,6.68,0,0.0,,,,,
2012-05-08,6.22,6.22,6.22,6.22,100,622.0,,,,,
2012-05-09,6.22,6.22,6.22,6.22,0,0.0,,,,,
2012-05-10,6.09,6.09,5.8,5.8,300,1740.0,,,,,
2012-05-11,5.8,5.8,5.8,5.8,0,0.0,,,,,
2012-05-14,5.8,5.8,5.8,5.8,0,0.0,,,,,
2012-05-15,5.95,5.95,5.95,5.95,100,595.0,,,,,
2012-05-16,5.95,5.95,5.95,5.95,0,0.0,,,,,
2012-05-17,6.07,6.07,6.07,6.07,1000,6070.0,,,,,
2012-05-18,6.07,6.07,6.07,6.07,0,0.0,,,,,
2012-05-21,5.72,5.72,5.72,5.72,100,572.0,,,,,
2012-05-22,5.72,5.72,5.72,5.72,0,0.0,,,,,
2012-05-23,5.32,5.32,5.32,5.32,100,532.0,,,,,
2012-05-24,4.97,4.97,4.97,4.97,100,497.0,,,,,
2012-05-25,4.97,4.97,4.97,4.97,0,0.0,,,,,
2012-05-28,5.3,5.3,5.3,5.3,100,530.0,,,,,
2012-05-29,4.97,4.97,4.97,4.97,100,497.0,,,,,
2012-05-30,5.3,5.3,5.3,5.3,2200,11660.0,,,,,
2012-05-31,5.3,5.3,5.3,5.3,0,0.0,,,,,
2012-06-01,5.3,5.3,5.3,5.3,0,0.0,,,,,
2012-06-04,5.3,5.3,5.3,5.3,0,0.0,,,,,
2012-06-05,4.97,4.97,4.97,4.97,100,497.0,,,,,
2012-06-06,4.97,4.97,4.97,4.97,0,0.0,,,,,
2012-06-07,4.97,4.97,4.97,4.97,0,0.0,,,,,
2012-06-08,4.97,4.97,4.97,4.97,0,0.0,,,,,
2012-06-11,4.97,4.97,4.97,4.97,0,0.0,,,,,
2012-06-12,4.9,4.9,4.9,4.9,800,3920.0000000000005,,,,,
2012-06-13,4.9,4.9,4.9,4.9,0,0.0,,,,,
2012-06-14,4.9,4.9,4.9,4.9,0,0.0,,,,,
2012-06-15,4.9,4.9,4.9,4.9,0,0.0,,,,,
2012-06-18,5.23,5.23,5.23,5.23,100,523.0,,,,,
2012-06-19,5.23,5.23,5.23,5.23,0,0.0,,,,,
2012-06-20,5.25,5.25,5.25,5.25,500,2625.0,,,,,
2012-06-21,5.25,5.25,5.25,5.25,0,0.0,,,,,
2012-06-22,5.25,5.25,5.25,5.25,0,0.0,,,,,
2012-06-25,5.25,5.25,5.25,5.25,0,0.0,,,,,
2012-06-26,5.28,5.35,5.28,5.35,300,1605.0,,,,,
2012-06-27,5.35,5.35,5.35,5.35,0,0.0,,,,,
2012-06-28,5.35,5.35,5.35,5.35,0,0.0,,,,,
2012-06-29,5.14,5.14,5.14,5.14,200,1028.0,,,,,
2012-07-02,5.32,5.32,5.32,5.32,400,2128.0,,,,,
2012-07-03,5.32,5.32,5.32,5.32,0,0.0,,,,,
2012-07-04,5.32,5.32,5.32,5.32,0,0.0,,,,,
2012-07-05,5.32,5.32,5.32,5.32,0,0.0,,,,,
2012-07-06,5.32,5.32,5.32,5.32,0,0.0,,,,,
2012-07-09,5.32,5.32,5.32,5.32,0,0.0,,,,,
2012-07-10,5.0,5.0,5.0,5.0,100,500.0,,,,,
2012-07-11,5.32,5.32,5.32,5.32,100,532.0,,,,,
2012-07-12,5.32,5.32,5.32,5.32,0,0.0,,,,,
2012-07-13,5.58,5.6,5.58,5.6,300,1680.0,,,,,
2012-07-16,5.6,5.6,5.6,5.6,0,0.0,,,,,
2012-07-17,5.6,5.6,5.6,5.6,0,0.0,,,,,
2012-07-18,5.6,5.6,5.6,5.6,0,0.0,,,,,
2012-07-19,5.6,5.6,5.6,5.6,0,0.0,,,,,
2012-07-20,5.63,5.63,5.63,5.63,200,1126.0,,,,,
2012-07-23,5.63,5.63,5.63,5.63,0,0.0,,,,,
2012-07-24,5.63,5.63,5.63,5.63,0,0.0,,,,,
2012-07-25,5.63,5.63,5.63,5.63,100,563.0,,,,,
2012-07-26,5.6,5.6,5.56,5.56,400,2224.0,,,,,
2012-07-27,5.6,5.6,5.6,5.6,1000,5600.0,,,,,
2012-07-30,5.6,5.6,5.6,5.6,0,0.0,,,,,
2012-07-31,5.6,5.6,5.6,5.6,0,0.0,,,,,
2012-08-01,5.6,5.6,5.6,5.6,0,0.0,,,,,
2012-08-02,5.6,5.6,5.6,5.6,0,0.0,,,,,
2012-08-03,5.53,5.53,5.49,5.49,700,3843.0,,,,,
2012-08-06,5.49,5.84,5.49,5.84,400,2336.0,,,,,
2012-08-07,5.84,5.95,5.84,5.95,800,4760.0,,,,,
2012-08-08,5.95,5.95,5.95,5.95,0,0.0,,,,,
2012-08-09,6.02,6.07,6.0,6.07,1300,7891.0,,,,,
2012-08-10,6.49,6.49,6.49,6.49,500,3245.0,,,,,
2012-08-13,6.49,6.49,6.49,6.49,0,0.0,,,,,
2012-08-14,6.49,6.49,6.49,6.49,100,649.0,,,,,
2012-08-15,6.77,6.77,6.77,6.77,200,1354.0,,,,,
2012-08-16,6.3,7.24,6.3,6.3,7700,48510.0,,,,,
2012-08-17,6.3,6.3,6.3,6.3,0,0.0,,,,,
2012-08-20,6.3,6.3,6.3,6.3,0,0.0,,,,,
2012-08-21,6.3,6.3,5.88,5.88,2200,12936.0,,,,,
2012-08-22,5.88,5.88,5.88,5.88,0,0.0,,,,,
2012-08-23,5.84,5.84,5.84,5.84,2900,16936.0,,,,,
2012-08-24,5.84,5.84,5.84,5.84,0,0.0,,,,,
2012-08-27,5.84,5.84,5.84,5.84,0,0.0,,,,,
2012-08-28,5.84,5.84,5.84,5.84,0,0.0,,,,,
2012-08-29,5.84,5.84,5.84,5.84,0,0.0,,,,,
2012-08-30,5.84,5.84,5.84,5.84,0,0.0,,,,,
2012-08-31,5.84,5.84,5.84,5.84,0,0.0,,,,,
2012-09-04,5.84,5.84,5.84,5.84,0,0.0,,,,,
2012-09-05,5.84,5.84,5.84,5.84,0,0.0,,,,,
2012-09-06,5.84,5.84,5.84,5.84,0,0.0,,,,,
2012-09-07,6.07,6.07,6.07,6.07,12800,77696.0,,,,,
2012-09-10,6.3,6.3,6.3,6.3,1000,6300.0,,,,,
2012-09-11,6.07,6.07,5.88,5.88,2600,15288.0,,,,,
2012-09-12,5.95,5.95,5.51,5.51,5100,28101.0,,,,,
2012-09-13,5.51,5.51,5.51,5.51,0,0.0,,,,,
2012-09-14,5.51,5.51,5.51,5.51,0,0.0,,,,,
2012-09-17,5.72,5.72,5.72,5.72,4100,23452.0,,,,,
2012-09-18,5.72,5.72,5.72,5.72,0,0.0,,,,,
2012-09-19,5.37,5.37,5.37,5.37,100,537.0,,,,,
2012-09-20,5.74,5.74,5.74,5.74,100,574.0,,,,,
2012-09-21,5.74,5.74,5.74,5.74,0,0.0,,,,,
2012-09-24,6.14,6.14,6.14,6.14,100,614.0,,,,,
2012-09-25,6.14,6.14,6.14,6.14,0,0.0,,,,,
2012-09-26,5.84,5.84,5.84,5.84,1000,5840.0,,,,,
2012-09-27,5.95,5.95,5.95,5.95,1000,5950.0,,,,,
2012-09-28,6.07,6.07,6.07,6.07,100,607.0,,,,,
2012-10-01,6.07,6.07,6.07,6.07,0,0.0,,,,,
2012-10-02,6.07,6.07,6.07,6.07,0,0.0,,,,,
2012-10-03,6.07,6.07,6.07,6.07,0,0.0,,,,,
2012-10-04,6.07,6.07,6.07,6.07,0,0.0,,,,,
2012-10-05,6.07,6.07,6.07,6.07,0,0.0,,,,,
2012-10-08,6.07,6.07,6.07,6.07,0,0.0,,,,,
2012-10-09,6.07,6.07,6.07,6.07,0,0.0,,,,,
2012-10-10,6.07,6.07,6.07,6.07,0,0.0,,,,,
2012-10-11,6.07,6.07,6.07,6.07,0,0.0,,,,,
2012-10-12,6.07,6.07,6.07,6.07,0,0.0,,,,,
2012-10-15,6.07,6.07,6.07,6.07,0,0.0,,,,,
2012-10-16,6.07,6.07,6.07,6.07,0,0.0,,,,,
2012-10-17,6.07,6.07,6.07,6.07,0,0.0,,,,,
2012-10-18,6.07,6.07,6.07,6.07,0,0.0,,,,,
2012-10-19,6.07,6.07,6.07,6.07,0,0.0,,,,,
2012-10-22,5.65,5.65,5.65,5.65,100,565.0,,,,,
2012-10-23,5.65,5.65,5.65,5.65,0,0.0,,,,,
2012-10-24,5.65,5.65,5.65,5.65,0,0.0,,,,,
2012-10-25,5.65,5.65,5.65,5.65,0,0.0,,,,,
2012-10-26,5.72,5.72,5.72,5.72,1000,5720.0,,,,,
2012-10-29,5.72,5.72,5.72,5.72,0,0.0,,,,,
2012-10-30,5.72,5.72,5.72,5.72,0,0.0,,,,,
2012-10-31,5.72,5.72,5.72,5.72,0,0.0,,,,,
2012-11-01,6.12,6.12,6.12,6.12,200,1224.0,,,,,
2012-11-02,6.12,6.12,6.12,6.12,0,0.0,,,,,
2012-11-05,6.12,6.12,6.12,6.12,0,0.0,,,,,
2012-11-06,6.12,6.12,6.12,6.12,0,0.0,,,,,
2012-11-07,6.14,6.14,6.14,6.14,1700,10438.0,,,,,
2012-11-08,6.16,6.16,6.16,6.16,2000,12320.0,,,,,
2012-11-09,6.21,6.21,6.21,6.21,2000,12420.0,,,,,
2012-11-12,6.21,6.21,6.21,6.21,0,0.0,,,,,
2012-11-13,6.42,6.42,6.42,6.42,100,642.0,,,,,
2012-11-14,6.42,6.77,6.42,6.77,4200,28434.0,,,,,
2012-11-15,6.58,6.77,6.54,6.77,700,4739.0,,,,,
2012-11-16,6.77,7.01,6.77,7.01,5700,39957.0,,,,,
2012-11-19,7.01,7.01,7.01,7.01,0,0.0,,,,,
2012-11-20,7.01,7.12,6.77,7.12,17600,125312.0,,,,,
2012-11-21,7.12,7.12,7.12,7.12,0,0.0,,,,,
2012-11-22,7.12,7.12,7.12,7.12,0,0.0,,,,,
2012-11-23,6.77,7.01,6.77,7.01,1500,10515.0,,,,,
2012-11-26,6.76,7.0,6.76,7.0,1400,9800.0,,,,,
2012-11-27,6.55,7.0,6.52,7.0,12400,86800.0,,,,,
2012-11-28,7.0,7.0,7.0,7.0,0,0.0,,,,,
2012-11-29,7.0,7.0,7.0,7.0,0,0.0,,,,,
2012-11-30,6.67,7.25,6.52,7.25,24400,176900.0,,,,,
2012-12-03,7.25,7.25,7.25,7.25,0,0.0,,,,,
2012-12-04,7.08,7.08,7.08,7.08,100,708.0,,,,,
2012-12-05,7.08,7.08,7.08,7.08,100,708.0,,,,,
2012-12-06,7.08,7.08,7.08,7.08,100,708.0,,,,,
2012-12-07,7.08,7.08,7.08,7.08,0,0.0,,,,,
2012-12-10,7.13,7.13,7.13,7.13,100,713.0,,,,,
2012-12-11,7.13,7.13,7.13,7.13,100,713.0,,,,,
2012-12-12,7.13,7.13,7.13,7.13,0,0.0,,,,,
2012-12-13,7.13,7.13,7.13,7.13,0,0.0,,,,,
2012-12-14,7.13,7.13,7.13,7.13,0,0.0,,,,,
2012-12-17,7.13,7.13,7.13,7.13,0,0.0,,,,,
2012-12-18,7.13,7.13,7.13,7.13,0,0.0,,,,,
2012-12-19,7.13,7.13,7.13,7.13,0,0.0,,,,,
2012-12-20,7.58,7.61,7.37,7.37,1500,11055.0,,,,,
2012-12-21,7.37,7.37,7.37,7.37,0,0.0,,,,,
2012-12-24,7.73,7.73,6.91,6.91,200,1382.0,,,,,
2012-12-25,7.05,7.39,7.0,7.39,1100,8129.0,,,,,
2012-12-26,7.71,7.73,7.71,7.73,1300,10049.0,,,,,
2012-12-27,7.73,8.07,7.73,8.07,300,2421.0,,,,,
2012-12-28,8.02,8.24,8.02,8.24,300,2472.0,,,,,
2013-01-02,7.99,8.256,7.99,8.256,800,6604.8,,,,,
2013-01-03,8.789,8.789,8.789,8.789,100,878.9,,,,,
2013-01-04,8.232,8.692,8.232,8.692,6900,59974.8,,,,,
2013-01-07,8.474,9.177,8.474,9.177,1400,12847.8,,,,,
2013-01-08,9.177,9.177,9.177,9.177,0,0.0,,,,,
2013-01-09,8.959,9.08,8.547,9.08,400,3632.0,,,,,
2013-01-10,9.08,9.08,9.08,9.08,0,0.0,,,,,
2013-01-11,8.959,9.104,8.959,9.104,200,1820.8,,,,,
2013-01-14,9.104,9.104,9.104,9.104,0,0.0,,,,,
2013-01-15,9.104,9.104,9.104,9.104,0,0.0,,,,,
2013-01-16,8.208,9.346,8.208,9.346,200,1869.2,,,,,
2013-01-17,9.346,9.346,9.346,9.346,0,0.0,,,,,
2013-01-18,8.716,8.716,8.426,8.716,7700,67113.2,,,,,
2013-01-21,8.716,8.91,8.716,8.91,400,3564.0,,,,,
2013-01-22,8.111,8.838,8.111,8.838,300,2651.4,,,,,
2013-01-23,8.838,8.838,8.838,8.838,100,883.8,,,,,
2013-01-24,8.595,8.91,8.595,8.91,8100,72171.0,,,,,
2013-01-25,8.474,8.499,8.474,8.474,4700,39827.8,,,,,
2013-01-28,8.256,8.353,8.232,8.256,37100,306297.60000000003,,,,,
2013-01-29,8.232,8.353,8.232,8.353,17500,146177.5,,,,,
2013-01-30,8.232,8.232,8.232,8.232,700,5762.4,,,,,
2013-01-31,8.256,8.474,8.232,8.474,1000,8474.0,,,,,
2013-02-01,8.256,8.256,8.232,8.232,24000,197568.0,,,,,
2013-02-04,8.232,8.232,8.232,8.232,0,0.0,,,,,
2013-02-05,8.232,8.232,8.232,8.232,0,0.0,,,,,
2013-02-06,8.232,8.232,8.232,8.232,5000,41160.0,,,,,
2013-02-07,8.305,8.571,8.305,8.571,200,1714.2,,,,,
2013-02-08,8.571,8.571,8.571,8.571,0,0.0,,,,,
2013-02-18,8.789,8.789,8.789,8.789,100,878.9,,,,,
2013-02-19,8.789,8.789,8.789,8.789,0,0.0,,,,,
2013-02-20,8.281,8.402,8.281,8.402,10100,84860.2,,,,,
2013-02-21,8.402,8.402,8.402,8.402,0,0.0,,,,,
2013-02-22,8.232,8.329,8.232,8.329,18800,156585.2,,,,,
2013-02-25,8.353,8.378,8.353,8.353,10200,85200.59999999999,,,,,
2013-02-26,8.571,8.571,8.571,8.571,100,857.1,,,,,
2013-02-27,7.748,8.402,7.748,8.402,2500,21005.0,,,,,
2013-02-28,8.402,8.402,8.402,8.402,0,0.0,,,,,
2013-03-01,8.668,8.668,8.668,8.668,100,866.8,,,,,
2013-03-04,8.668,8.668,8.668,8.668,0,0.0,,,,,
2013-03-05,8.668,8.668,8.668,8.668,0,0.0,,,,,
2013-03-06,8.668,8.668,8.668,8.668,0,0.0,,,,,
2013-03-07,8.668,8.668,8.668,8.668,0,0.0,,,,,
2013-03-08,8.668,8.668,8.668,8.668,0,0.0,,,,,
2013-03-11,8.668,8.668,8.668,8.668,0,0.0,,,,,
2013-03-12,8.668,8.668,8.668,8.668,0,0.0,,,,,
2013-03-13,8.668,8.668,8.668,8.668,0,0.0,,,,,
2013-03-14,8.668,8.668,8.668,8.668,0,0.0,,,,,
2013-03-15,8.668,8.668,8.668,8.668,0,0.0,,,,,
2013-03-18,8.523,8.523,8.523,8.523,6100,51990.3,,,,,
2013-03-19,8.232,8.232,8.232,8.232,1100,9055.2,,,,,
2013-03-20,8.329,8.329,8.232,8.232,500,4116.0,,,,,
2013-03-21,8.232,8.232,8.232,8.232,0,0.0,,,,,
2013-03-22,8.232,8.232,8.232,8.232,0,0.0,,,,,
2013-03-25,8.232,8.232,8.232,8.232,0,0.0,,,,,
2013-03-26,8.232,8.232,8.232,8.232,0,0.0,,,,,
2013-03-27,8.232,8.232,8.232,8.232,0,0.0,,,,,
2013-03-28,8.353,8.353,8.353,8.353,100,835.3,,,,,
2013-03-29,8.353,8.474,8.353,8.474,1600,13558.4,,,,,
2013-04-01,8.474,8.474,8.474,8.474,0,0.0,,,,,
2013-04-02,8.474,8.474,8.474,8.474,0,0.0,,,,,
2013-04-03,8.474,8.474,8.474,8.474,0,0.0,,,,,
2013-04-04,8.474,8.474,8.474,8.474,0,0.0,,,,,
2013-04-05,8.474,8.474,8.474,8.474,0,0.0,,,,,
2013-04-08,8.474,8.474,8.474,8.474,0,0.0,,,,,
2013-04-09,8.474,8.474,8.474,8.474,0,0.0,,,,,
2013-04-10,8.474,8.474,8.474,8.474,0,0.0,,,,,
2013-04-11,8.474,8.474,8.474,8.474,0,0.0,,,,,
2013-04-12,8.474,8.474,8.474,8.474,0,0.0,,,,,
2013-04-15,7.748,7.748,7.7,7.7,5600,43120.0,,,,,
2013-04-16,7.7,7.7,7.7,7.7,0,0.0,,,,,
2013-04-17,7.7,7.7,7.7,7.7,0,0.0,,,,,
2013-04-18,7.7,7.7,7.7,7.7,100,770.0,,,,,
2013-04-22,7.7,7.7,7.7,7.7,0,0.0,,,,,
2013-04-23,7.7,7.7,7.7,7.7,0,0.0,,,,,
2013-04-24,7.7,7.7,7.7,7.7,0,0.0,,,,,
2013-04-25,7.748,7.748,7.748,7.748,2200,17045.600000000002,,,,,
2013-04-26,7.748,7.748,7.748,7.748,0,0.0,,,,,
2013-05-02,7.748,7.748,7.748,7.748,0,0.0,,,,,
2013-05-03,8.184,8.184,8.184,8.184,100,818.4,,,,,
2013-05-06,8.281,8.523,8.281,8.523,10100,86082.3,,,,,
2013-05-07,8.474,8.499,8.474,8.499,6300,53543.7,,,,,
2013-05-08,8.499,9.322,8.474,9.322,6500,60592.99999999999,,,,,
2013-05-09,9.322,9.322,9.322,9.322,0,0.0,,,,,
2013-05-10,8.474,8.474,8.474,8.474,400,3389.6,,,,,
2013-05-13,8.474,8.474,8.474,8.474,0,0.0,,,,,
2013-05-14,7.772,8.426,7.772,8.426,200,1685.2,,,,,
2013-05-15,8.426,8.426,8.426,8.426,0,0.0,,,,,
2013-05-16,7.99,8.474,7.99,8.474,300,2542.2000000000003,,,,,
2013-05-17,8.474,8.474,8.474,8.474,0,0.0,,,,,
2013-05-20,8.934,8.934,8.934,8.934,100,893.4,,,,,
2013-05-21,8.281,8.281,8.281,8.281,100,828.1,,,,,
2013-05-22,7.506,8.716,7.506,8.716,400,3486.4,,,,,
2013-05-23,9.096,9.096,9.096,9.096,100,909.6,,,,,
2013-05-24,9.475,9.601,9.475,9.601,200,1920.2000000000005,,,,,
2013-05-27,8.843,8.843,8.843,8.843,300,2652.9,,,,,
2013-05-28,8.843,8.843,8.843,8.843,0,0.0,,,,,
2013-05-29,8.211,8.843,8.085,8.843,10100,89314.3,,,,,
2013-05-30,8.186,8.186,7.959,8.085,5400,43659.00000000001,,,,,
2013-05-31,8.818,8.818,8.818,8.818,100,881.8,,,,,
2013-06-03,8.085,9.323,8.085,8.565,76000,650940.0,,,,,
2013-06-04,8.565,8.565,8.565,8.565,0,0.0,,,,,
2013-06-05,8.565,8.565,8.565,8.565,0,0.0,,,,,
2013-06-06,8.565,8.565,8.565,8.565,0,0.0,,,,,
2013-06-07,8.565,8.565,8.565,8.565,0,0.0,,,,,
2013-06-10,8.565,8.565,8.54,8.54,900,7685.999999999999,,,,,
2013-06-11,8.464,9.071,8.464,9.071,1000,9071.0,,,,,
2013-06-12,9.045,9.045,8.793,8.793,1300,11430.9,,,,,
2013-06-13,8.767,8.793,8.767,8.793,2000,17586.0,,,,,
2013-06-14,9.576,9.576,9.576,9.576,100,957.6,,,,,
2013-06-17,8.641,9.096,8.641,9.096,200,1819.2,,,,,
2013-06-18,9.829,9.829,9.829,9.829,100,982.9,,,,,
2013-06-19,10.081,10.612,8.868,8.868,300,2660.4,,,,,
2013-06-20,8.363,9.601,8.363,9.601,2100,20162.1,,,,,
2013-06-21,9.601,9.601,9.601,9.601,0,0.0,,,,,
2013-06-24,9.096,9.955,9.096,9.955,300,2986.5,,,,,
2013-06-25,9.955,9.955,9.955,9.955,0,0.0,,,,,
2013-06-26,8.969,8.969,8.969,8.969,100,896.9,,,,,
2013-06-27,8.969,8.969,8.969,8.969,0,0.0,,,,,
2013-06-28,8.793,8.793,8.793,8.793,200,1758.6,,,,,
2013-07-01,8.793,8.793,8.793,8.793,0,0.0,,,,,
2013-07-02,8.793,8.793,8.793,8.793,0,0.0,,,,,
2013-07-03,8.793,8.793,8.793,8.793,100,879.3,,,,,
2013-07-04,8.793,8.793,8.793,8.793,100,879.3,,,,,
2013-07-05,8.793,8.793,8.793,8.793,0,0.0,,,,,
2013-07-08,8.793,8.793,8.793,8.793,0,0.0,,,,,
2013-07-09,8.793,8.793,8.793,8.793,0,0.0,,,,,
2013-07-10,8.793,8.793,8.793,8.793,0,0.0,,,,,
2013-07-11,8.793,8.793,8.793,8.793,0,0.0,,,,,
2013-07-12,9.551,9.551,8.085,8.565,1200,10278.0,,,,,
2013-07-15,8.565,8.565,8.565,8.565,0,0.0,,,,,
2013-07-16,8.565,8.565,8.565,8.565,0,0.0,,,,,
2013-07-17,8.818,8.818,8.818,8.818,100,881.8,,,,,
2013-07-18,8.818,8.818,8.818,8.818,0,0.0,,,,,
2013-07-19,9.601,9.601,8.793,8.793,200,1758.6,,,,,
2013-07-22,8.793,8.793,8.793,8.793,0,0.0,,,,,
2013-07-23,8.793,8.793,8.793,8.793,0,0.0,,,,,
2013-07-24,8.793,8.793,8.793,8.793,0,0.0,,,,,
2013-07-25,8.793,8.793,8.793,8.793,0,0.0,,,,,
2013-07-26,7.959,7.959,7.959,7.959,300,2387.7,,,,,
2013-07-29,8.565,8.565,8.565,8.565,100,856.5,,,,,
2013-07-30,8.565,9.348,8.565,9.348,1300,12152.4,,,,,
2013-07-31,9.071,9.071,9.071,9.071,100,907.1,,,,,
2013-08-01,8.414,8.843,8.414,8.742,700,6119.400000000001,,,,,
2013-08-02,9.601,9.601,9.601,9.601,100,960.1,,,,,
2013-08-05,9.601,9.601,9.601,9.601,0,0.0,,,,,
2013-08-06,10.359,10.359,10.359,10.359,100,1035.9,,,,,
2013-08-07,11.37,11.37,10.359,10.359,800,8287.2,,,,,
2013-08-08,9.323,9.323,9.323,9.323,1000,9323.0,,,,,
2013-08-09,8.969,9.323,8.414,9.323,1000,9323.0,,,,,
2013-08-12,8.843,9.298,8.414,9.298,1600,14876.8,,,,,
2013-08-13,8.843,9.323,8.388,9.323,1000,9323.0,,,,,
2013-08-14,9.323,9.323,9.323,9.323,0,0.0,,,,,
2013-08-15,10.106,10.106,10.106,10.106,100,1010.6,,,,,
2013-08-16,9.096,9.601,9.096,9.576,2500,23940.0,,,,,
2013-08-19,9.601,9.601,8.641,8.641,1100,9505.1,,,,,
2013-08-20,8.641,8.818,8.59,8.818,1800,15872.4,,,,,
2013-08-21,8.616,8.767,8.616,8.767,200,1753.4,,,,,
2013-08-22,9.601,9.601,9.601,9.601,100,960.1,,,,,
2013-08-23,9.601,9.601,9.601,9.601,0,0.0,,,,,
2013-08-26,8.868,8.868,8.868,8.868,100,886.8000000000001,,,,,
2013-08-27,8.868,8.868,8.868,8.868,0,0.0,,,,,
2013-08-28,8.59,8.944,8.59,8.944,4300,38459.2,,,,,
2013-08-29,8.944,8.944,8.944,8.944,0,0.0,,,,,
2013-08-30,8.944,8.944,8.944,8.944,0,0.0,,,,,
2013-09-03,9.247,9.247,9.247,9.247,100,924.7,,,,,
2013-09-04,9.247,9.247,9.247,9.247,0,0.0,,,,,
2013-09-05,9.247,9.247,9.247,9.247,0,0.0,,,,,
2013-09-06,8.843,8.843,8.843,8.843,1100,9727.3,,,,,
2013-09-09,8.843,8.843,8.843,8.843,0,0.0,,,,,
2013-09-10,9.475,9.475,9.475,9.475,100,947.5,,,,,
2013-09-11,8.843,9.348,8.818,9.348,13800,129002.4,,,,,
2013-09-12,9.096,10.106,9.096,10.106,1800,18190.8,,,,,
2013-09-13,9.348,9.348,9.096,9.096,19800,180100.8,,,,,
2013-09-16,9.121,9.348,9.096,9.348,4800,44870.4,,,,,
2013-09-17,9.348,9.348,9.348,9.348,0,0.0,,,,,
2013-09-18,9.096,9.096,9.071,9.096,4100,37293.6,,,,,
2013-09-19,9.854,9.854,9.854,9.854,100,985.4,,,,,
2013-09-20,9.096,9.854,9.096,9.854,300,2956.2,,,,,
2013-09-23,9.854,9.854,9.854,9.854,0,0.0,,,,,
2013-09-24,9.096,10.738,9.096,10.738,4400,47247.2,,,,,
2013-09-25,10.106,10.106,10.106,10.106,1000,10106.0,,,,,
2013-09-26,10.106,10.106,10.106,10.106,0,0.0,,,,,
2013-09-27,10.106,10.106,10.106,10.106,0,0.0,,,,,
2013-09-30,10.106,10.106,10.106,10.106,0,0.0,,,,,
2013-10-01,10.106,10.106,10.106,10.106,0,0.0,,,,,
2013-10-02,10.106,10.106,10.106,10.106,0,0.0,,,,,
2013-10-03,10.106,10.106,10.106,10.106,0,0.0,,,,,
2013-10-04,10.106,10.106,10.106,10.106,21100,213236.6,,,,,
2013-10-07,9.854,9.854,9.854,9.854,2000,19708.0,,,,,
2013-10-08,10.106,10.612,10.106,10.106,17200,173823.2,,,,,
2013-10-09,10.106,10.359,10.106,10.359,300,3107.7,,,,,
2013-10-10,10.106,10.106,10.106,10.106,10000,101060.0,,,,,
2013-10-11,10.586,10.586,10.586,10.586,100,1058.6,,,,,
2013-10-14,10.106,10.106,10.106,10.106,100,1010.6,,,,,
2013-10-15,10.864,10.864,10.864,10.864,100,1086.4,,,,,
2013-10-16,10.864,10.864,10.864,10.864,0,0.0,,,,,
2013-10-17,10.612,10.612,10.106,10.612,1900,20162.8,,,,,
2013-10-18,10.106,10.586,10.106,10.586,13540,143334.44,,,,,
2013-10-21,10.106,10.991,10.106,10.991,900,9891.9,,,,,
2013-10-22,10.991,10.991,10.991,10.991,0,0.0,,,,,
2013-10-23,10.991,10.991,10.991,10.991,0,0.0,,,,,
2013-10-24,10.991,10.991,10.991,10.991,0,0.0,,,,,
2013-10-25,10.106,10.106,10.106,10.106,500,5053.0,,,,,
2013-10-28,9.601,10.106,9.601,10.106,2000,20212.0,,,,,
2013-10-29,10.738,10.738,10.738,10.738,100,1073.8,,,,,
2013-10-30,9.854,10.106,9.854,10.106,3600,36381.6,,,,,
2013-10-31,10.106,10.106,10.106,10.106,0,0.0,,,,,
2013-11-01,10.106,10.106,10.106,10.106,0,0.0,,,,,
2013-11-04,10.106,10.106,10.106,10.106,0,0.0,,,,,
2013-11-05,10.106,10.106,10.106,10.106,0,0.0,,,,,
2013-11-06,9.854,9.854,9.854,9.854,6300,62080.2,,,,,
2013-11-07,9.854,9.854,9.854,9.854,0,0.0,,,,,
2013-11-08,9.854,10.586,9.854,10.586,1360,14396.96,,,,,
2013-11-11,10.586,10.586,10.586,10.586,0,0.0,,,,,
2013-11-12,10.586,10.586,10.586,10.586,0,0.0,,,,,
2013-11-13,10.586,10.586,10.586,10.586,0,0.0,,,,,
2013-11-14,10.106,10.106,10.106,10.106,15200,153611.2,,,,,
2013-11-15,10.106,10.233,10.106,10.233,14400,147355.2,,,,,
2013-11-18,10.359,10.561,10.359,10.561,200,2112.2,,,,,
2013-11-19,10.561,10.561,10.561,10.561,0,0.0,,,,,
2013-11-20,10.561,10.561,10.561,10.561,0,0.0,,,,,
2013-11-21,10.561,10.561,10.561,10.561,800,8448.8,,,,,
2013-11-22,10.354,10.587,10.354,10.587,6000,63522.0,,,,,
2013-11-25,10.587,10.587,10.587,10.587,0,0.0,,,,,
2013-11-26,10.587,10.587,10.587,10.587,0,0.0,,,,,
2013-11-27,10.587,10.587,10.587,10.587,0,0.0,,,,,
2013-11-28,9.577,10.742,9.577,10.742,900,9667.8,,,,,
2013-11-29,10.742,10.742,10.742,10.742,0,0.0,,,,,
2013-12-02,10.846,10.872,10.846,10.872,3900,42400.8,,,,,
2013-12-03,11.105,11.13,11.105,11.13,5100,56763.00000000001,,,,,
2013-12-04,11.13,11.13,11.13,11.13,0,0.0,,,,,
2013-12-05,11.13,11.13,11.13,11.13,0,0.0,,,,,
2013-12-06,10.483,11.13,10.354,11.13,3600,40068.0,,,,,
2013-12-09,11.13,11.13,11.13,11.13,0,0.0,,,,,
2013-12-10,11.13,11.13,11.13,11.13,0,0.0,,,,,
2013-12-11,11.13,11.13,11.13,11.13,0,0.0,,,,,
2013-12-12,11.13,11.13,11.13,11.13,0,0.0,,,,,
2013-12-13,11.13,11.13,11.13,11.13,0,0.0,,,,,
2013-12-16,11.13,11.13,11.13,11.13,0,0.0,,,,,
2013-12-17,11.13,11.13,11.13,11.13,0,0.0,,,,,
2013-12-18,11.13,11.13,11.13,11.13,0,0.0,,,,,
2013-12-19,11.13,11.13,11.13,11.13,0,0.0,,,,,
2013-12-20,11.001,11.001,10.354,10.354,5700,59017.8,,,,,
2013-12-23,10.224,10.354,10.095,10.354,8500,88009.0,,,,,
2013-12-24,10.354,10.354,10.354,10.354,0,0.0,,,,,
2013-12-25,10.354,10.354,10.354,10.354,400,4141.599999999999,,,,,
2013-12-26,10.354,10.354,10.354,10.354,3000,31062.0,,,,,
2013-12-27,10.846,10.846,10.846,10.846,100,1084.6,,,,,
2013-12-30,10.846,10.846,10.846,10.846,0,0.0,,,,,
2013-12-31,10.846,10.846,10.846,10.846,0,0.0,,,,,
2014-01-02,10.846,10.846,10.846,10.846,820,8893.72,,,,,
2014-01-03,10.846,10.846,10.846,10.846,0,0.0,,,,,
2014-01-06,10.846,10.846,10.82,10.846,1000,10846.0,,,,,
2014-01-07,10.354,10.432,10.354,10.432,12100,126227.2,,,,,
2014-01-08,10.82,10.82,10.483,10.483,1100,11531.3,,,,,
2014-01-09,10.82,10.82,10.354,10.354,300,3106.2,,,,,
2014-01-10,10.82,10.82,10.82,10.82,100,1082.0,,,,,
2014-01-13,10.82,10.82,10.82,10.82,200,2164.0,,,,,
2014-01-14,10.354,10.82,10.354,10.82,900,9738.0,,,,,
2014-01-15,10.354,10.354,10.354,10.354,2000,20708.0,,,,,
2014-01-16,10.354,10.354,10.354,10.354,0,0.0,,,,,
2014-01-17,10.354,10.354,10.354,10.354,1000,10354.0,,,,,
2014-01-20,10.794,10.794,10.794,10.794,100,1079.4,,,,,
2014-01-21,10.794,10.794,10.794,10.794,0,0.0,,,,,
2014-01-22,10.354,10.82,10.354,10.82,2400,25968.0,,,,,
2014-01-23,10.82,10.82,10.82,10.82,0,0.0,,,,,
2014-01-24,10.354,10.768,10.354,10.768,4100,44148.8,,,,,
2014-01-27,10.613,10.613,10.613,10.613,400,4245.2,,,,,
2014-02-06,10.82,11.001,10.82,11.001,6700,73706.7,,,,,
2014-02-07,11.001,11.001,11.001,11.001,0,0.0,,,,,
2014-02-10,11.001,11.001,11.001,11.001,2300,25302.3,,,,,
2014-02-11,10.872,11.907,10.354,11.907,11100,132167.7,,,,,
2014-02-12,11.907,11.907,11.907,11.907,0,0.0,,,,,
2014-02-13,11.907,12.399,11.907,12.399,4300,53315.7,,,,,
2014-02-14,12.166,13.434,12.166,13.434,3400,45675.6,,,,,
2014-02-17,14.237,14.495,14.237,14.495,400,5798.0,,,,,
2014-02-18,13.201,15.531,13.046,13.201,3200,42243.2,,,,,
2014-02-19,14.237,14.237,14.237,14.237,100,1423.7,,,,,
2014-02-20,13.201,14.237,12.942,14.237,3740,53246.38,,,,,
2014-02-21,14.237,14.237,14.237,14.237,0,0.0,,,,,
2014-02-24,12.813,12.942,12.813,12.942,3200,41414.4,,,,,
2014-02-25,11.803,12.787,11.803,12.787,3400,43475.8,,,,,
2014-02-26,12.787,12.787,12.787,12.787,0,0.0,,,,,
2014-02-27,12.425,12.787,12.425,12.787,1100,14065.7,,,,,
2014-02-28,11.778,12.684,11.778,12.684,925,11732.7,,,,,
2014-03-03,11.648,13.331,11.441,13.331,1400,18663.4,,,,,
2014-03-04,12.528,12.787,12.528,12.787,1400,17901.800000000003,,,,,
2014-03-05,12.011,12.425,11.545,12.425,3130,38890.25,,,,,
2014-03-06,11.648,12.528,11.648,12.528,2870,35955.36,,,,,
2014-03-07,12.425,12.425,12.425,12.425,600,7455.0,,,,,
2014-03-10,12.425,12.425,12.425,12.425,100,1242.5,,,,,
2014-03-11,11.881,11.907,11.881,11.907,200,2381.4,,,,,
2014-03-12,11.855,12.399,11.855,12.399,1300,16118.7,,,,,
2014-03-13,11.26,12.269,11.26,12.269,5300,65025.7,,,,,
2014-03-14,12.269,12.269,12.269,12.269,60,736.14,,,,,
2014-03-17,12.269,12.269,12.269,12.269,0,0.0,,,,,
2014-03-18,11.648,11.648,11.234,11.234,305,3426.37,,,,,
2014-03-19,11.234,11.234,11.13,11.13,1800,20034.0,,,,,
2014-03-20,11.13,11.13,11.13,11.13,1520,16917.600000000002,,,,,
2014-03-21,12.062,12.062,12.062,12.062,100,1206.2,,,,,
2014-03-24,12.062,12.062,12.062,12.062,0,0.0,,,,,
2014-03-25,11.13,11.13,11.13,11.13,3345,37229.850000000006,,,,,
2014-03-26,11.907,11.907,11.907,11.907,100,1190.7,,,,,
2014-03-27,11.648,12.166,11.648,12.166,700,8516.2,,,,,
2014-03-28,12.166,12.166,12.166,12.166,0,0.0,,,,,
2014-03-31,12.166,12.166,12.166,12.166,0,0.0,,,,,
2014-04-01,12.166,12.166,12.166,12.166,0,0.0,,,,,
2014-04-02,12.166,12.166,12.166,12.166,0,0.0,,,,,
2014-04-03,12.166,12.166,12.166,12.166,0,0.0,,,,,
2014-04-04,12.166,12.166,12.166,12.166,100,1216.6,,,,,
2014-04-07,12.166,12.166,12.166,12.166,0,0.0,,,,,
2014-04-08,11.13,12.399,11.13,12.399,1300,16118.7,,,,,
2014-04-10,12.399,12.399,12.399,12.399,0,0.0,,,,,
2014-04-11,12.399,12.399,12.399,12.399,0,0.0,,,,,
2014-04-14,12.399,12.399,12.399,12.399,0,0.0,,,,,
2014-04-15,12.399,12.399,12.399,12.399,0,0.0,,,,,
2014-04-16,12.399,12.399,12.399,12.399,0,0.0,,,,,
2014-04-17,12.399,12.399,12.399,12.399,0,0.0,,,,,
2014-04-18,11.182,13.589,11.182,13.589,800,10871.2,,,,,
2014-04-21,13.589,13.589,13.589,13.589,0,0.0,,,,,
2014-04-22,13.589,13.589,13.589,13.589,0,0.0,,,,,
2014-04-23,13.589,13.589,13.589,13.589,0,0.0,,,,,
2014-04-24,12.243,13.978,12.243,13.978,1400,19569.2,,,,,
2014-04-25,12.58,12.58,12.58,12.58,100,1258.0,,,,,
2014-04-28,11.338,12.321,11.338,12.321,1200,14785.2,,,,,
2014-04-29,11.105,11.105,11.105,11.105,100,1110.5,,,,,
2014-05-05,11.829,11.855,10.095,11.855,1600,18968.0,,,,,
2014-05-06,10.872,11.803,10.69,11.803,2100,24786.300000000003,,,,,
2014-05-07,10.665,11.596,10.639,11.596,400,4638.4,,,,,
2014-05-08,10.457,10.82,10.457,10.82,2800,30296.0,,,,,
2014-05-09,9.759,11.596,9.759,9.836,300,2950.8,,,,,
2014-05-12,9.966,10.483,9.836,10.483,1500,15724.5,,,,,
2014-05-13,11.13,11.13,9.836,9.836,1700,16721.2,,,,,
2014-05-14,10.794,10.794,10.794,10.794,100,1079.4,,,,,
2014-05-15,11.389,11.389,11.389,11.389,3000,34167.0,,,,,
2014-05-16,10.25,11.363,10.25,11.363,1200,13635.6,,,,,
2014-05-19,10.25,11.338,10.25,11.338,3800,43084.4,,,,,
2014-05-20,10.224,11.26,10.224,11.26,2100,23646.0,,,,,
2014-05-21,10.25,11.363,10.147,10.147,2900,29426.3,,,,,
2014-05-22,10.874,10.874,10.874,10.874,100,1087.4,,,,,
2014-05-23,10.874,10.874,10.874,10.874,0,0.0,,,,,
2014-05-26,10.874,10.874,10.874,10.874,0,0.0,,,,,
2014-05-27,10.874,10.874,10.874,10.874,0,0.0,,,,,
2014-05-28,10.874,10.874,10.874,10.874,0,0.0,,,,,
2014-05-29,10.497,10.766,10.47,10.47,3100,32457.000000000004,,,,,
2014-05-30,10.497,10.766,10.497,10.766,1100,11842.6,,,,,
2014-06-02,10.766,10.766,10.766,10.766,0,0.0,,,,,
2014-06-03,10.632,11.035,10.497,11.035,6100,67313.5,,,,,
2014-06-04,11.035,11.035,11.035,11.035,0,0.0,,,,,
2014-06-05,9.959,9.959,9.959,9.959,500,4979.5,,,,,
2014-06-06,10.874,10.874,10.874,10.874,200,2174.8,,,,,
2014-06-09,10.874,10.874,10.874,10.874,0,0.0,,,,,
2014-06-10,9.797,9.797,9.797,9.797,100,979.7,,,,,
2014-06-11,10.685,10.685,10.685,10.685,100,1068.5,,,,,
2014-06-12,10.685,10.685,10.685,10.685,0,0.0,,,,,
2014-06-13,10.685,10.685,10.685,10.685,0,0.0,,,,,
2014-06-16,10.685,10.685,10.685,10.685,0,0.0,,,,,
2014-06-17,10.685,10.685,10.685,10.685,0,0.0,,,,,
2014-06-18,10.685,10.685,10.685,10.685,0,0.0,,,,,
2014-06-19,10.685,10.685,10.685,10.685,0,0.0,,,,,
2014-06-20,10.685,10.685,10.685,10.685,0,0.0,,,,,
2014-06-23,10.685,10.685,10.685,10.685,0,0.0,,,,,
2014-06-24,10.685,10.685,10.685,10.685,0,0.0,,,,,
2014-06-25,11.439,11.439,11.439,11.439,100,1143.9,,,,,
2014-06-26,11.439,11.439,11.439,11.439,0,0.0,,,,,
2014-06-27,10.362,10.362,10.362,10.362,200,2072.4,,,,,
2014-06-30,11.035,11.035,10.362,10.847,2700,29286.9,,,,,
2014-07-01,10.847,10.847,10.847,10.847,0,0.0,,,,,
2014-07-02,10.847,10.847,10.847,10.847,0,0.0,,,,,
2014-07-03,10.847,10.847,10.847,10.847,0,0.0,,,,,
2014-07-04,9.77,10.982,9.77,10.982,1200,13178.4,,,,,
2014-07-07,10.982,10.982,9.959,10.955,1300,14241.5,,,,,
2014-07-08,10.955,10.955,10.955,10.955,0,0.0,,,,,
2014-07-09,10.685,10.874,9.878,10.874,2400,26097.6,,,,,
2014-07-10,9.959,10.847,9.797,10.847,300,3254.1,,,,,
2014-07-11,10.847,10.847,10.847,10.847,0,0.0,,,,,
2014-07-14,10.847,10.847,10.847,10.847,0,0.0,,,,,
2014-07-15,10.632,10.632,10.632,10.632,100,1063.2,,,,,
2014-07-16,10.632,10.632,10.632,10.632,0,0.0,,,,,
2014-07-17,10.632,10.632,9.69,9.69,500,4845.0,,,,,
2014-07-18,10.497,10.497,10.497,10.497,100,1049.7,,,,,
2014-07-21,10.497,10.497,10.497,10.497,1000,10497.0,,,,,
2014-07-22,10.497,10.497,10.497,10.497,100,1049.7,,,,,
2014-07-23,10.766,10.766,10.739,10.766,4000,43064.0,,,,,
2014-07-24,10.766,10.766,10.766,10.766,0,0.0,,,,,
2014-07-25,10.497,10.497,10.497,10.497,3100,32540.7,,,,,
2014-07-28,10.497,10.497,10.497,10.497,1000,10497.0,,,,,
2014-07-29,10.497,10.497,10.497,10.497,0,0.0,,,,,
2014-07-30,10.497,10.497,10.497,10.497,0,0.0,,,,,
2014-07-31,10.685,10.685,10.685,10.685,200,2137.0,,,,,
2014-08-01,10.685,10.685,10.685,10.685,0,0.0,,,,,
2014-08-04,10.685,10.685,10.685,10.685,0,0.0,,,,,
2014-08-05,10.497,10.497,10.497,10.497,1900,19944.3,,,,,
2014-08-06,10.497,10.497,10.497,10.497,500,5248.5,,,,,
2014-08-07,10.497,10.497,10.497,10.497,3000,31491.0,,,,,
2014-08-08,10.497,10.497,10.497,10.497,0,0.0,,,,,
2014-08-11,10.497,10.497,10.497,10.497,1000,10497.0,,,,,
2014-08-12,10.497,10.497,10.497,10.497,0,0.0,,,,,
2014-08-13,10.497,10.497,10.47,10.497,3300,34640.1,,,,,
2014-08-14,10.497,10.497,10.497,10.497,1000,10497.0,,,,,
2014-08-15,10.497,10.497,10.497,10.497,0,0.0,,,,,
2014-08-18,10.497,10.497,10.497,10.497,0,0.0,,,,,
2014-08-19,10.497,10.497,10.497,10.497,0,0.0,,,,,
2014-08-20,10.497,11.035,10.497,11.035,1100,12138.5,,,,,
2014-08-21,11.008,11.035,11.008,11.035,2000,22070.0,,,,,
2014-08-22,11.035,11.035,11.035,11.035,0,0.0,,,,,
2014-08-25,11.035,11.035,11.035,11.035,1000,11035.0,,,,,
2014-08-26,11.035,11.035,11.035,11.035,0,0.0,,,,,
2014-08-27,11.035,11.035,11.035,11.035,0,0.0,,,,,
2014-08-28,10.228,10.228,10.228,10.228,1000,10228.0,,,,,
2014-08-29,10.228,10.605,10.228,10.605,3100,32875.5,,,,,
2014-09-03,10.605,10.605,10.605,10.605,0,0.0,,,,,
2014-09-04,10.605,10.605,10.605,10.605,0,0.0,,,,,
2014-09-05,10.605,10.605,10.605,10.605,1500,15907.5,,,,,
2014-09-08,10.605,10.605,10.605,10.605,0,0.0,,,,,
2014-09-09,10.578,10.605,9.69,10.605,3900,41359.5,,,,,
2014-09-10,10.605,10.605,10.605,10.605,0,0.0,,,,,
2014-09-11,10.605,10.605,10.605,10.605,0,0.0,,,,,
2014-09-12,10.605,10.605,10.605,10.605,0,0.0,,,,,
2014-09-15,10.551,10.551,10.551,10.551,1000,10551.0,,,,,
2014-09-16,10.12,10.551,10.12,10.551,7000,73857.0,,,,,
2014-09-17,10.551,10.551,10.551,10.551,0,0.0,,,,,
2014-09-18,10.551,10.551,10.551,10.551,0,0.0,,,,,
2014-09-19,10.228,10.228,10.174,10.174,1300,13226.2,,,,,
2014-09-22,9.69,10.147,9.69,10.147,6000,60882.0,,,,,
2014-09-23,10.147,10.147,10.147,10.147,0,0.0,,,,,
2014-09-24,9.878,9.878,9.878,9.878,100,987.8,,,,,
2014-09-25,9.878,9.878,9.878,9.878,200,1975.6,,,,,
2014-09-26,9.878,9.878,9.878,9.878,500,4939.0,,,,,
2014-09-29,9.878,9.878,9.878,9.878,1000,9878.0,,,,,
2014-09-30,10.201,10.201,10.201,10.201,100,1020.1,,,,,
2014-10-01,10.201,10.443,10.201,10.443,1100,11487.3,,,,,
2014-10-02,10.443,10.443,10.443,10.443,0,0.0,,,,,
2014-10-03,10.443,10.443,10.443,10.443,0,0.0,,,,,
2014-10-06,10.443,10.443,10.443,10.443,0,0.0,,,,,
2014-10-07,10.443,10.443,10.443,10.443,1500,15664.5,,,,,
2014-10-08,10.228,10.228,10.228,10.228,1000,10228.0,,,,,
2014-10-09,10.228,10.228,10.228,10.228,0,0.0,,,,,
2014-10-10,10.228,10.228,10.228,10.228,0,0.0,,,,,
2014-10-13,10.228,10.228,10.228,10.228,0,0.0,,,,,
2014-10-14,9.69,9.69,9.69,9.69,500,4845.0,,,,,
2014-10-15,9.69,9.69,9.69,9.69,600,5814.0,,,,,
2014-10-16,10.497,10.497,10.497,10.497,100,1049.7,,,,,
2014-10-17,10.497,10.497,10.497,10.497,0,0.0,,,,,
2014-10-20,10.497,10.497,10.497,10.497,300,3149.1,,,,,
2014-10-21,10.497,10.497,10.497,10.497,0,0.0,,,,,
2014-10-22,10.443,11.305,10.443,11.305,2100,23740.5,,,,,
2014-10-23,11.305,11.305,11.305,11.305,0,0.0,,,,,
2014-10-24,10.632,10.632,10.632,10.632,200,2126.4,,,,,
2014-10-27,9.609,10.47,9.582,10.47,1700,17799.0,,,,,
2014-10-28,10.47,10.47,10.47,10.47,0,0.0,,,,,
2014-10-29,9.824,10.605,9.824,10.605,1100,11665.5,,,,,
2014-10-30,10.605,10.605,10.605,10.605,0,0.0,,,,,
2014-10-31,10.605,11.574,9.824,10.712,2400,25708.8,,,,,
2014-11-03,10.712,10.712,10.712,10.712,0,0.0,,,,,
2014-11-04,9.878,10.47,9.878,10.47,1100,11517.0,,,,,
2014-11-05,9.851,10.416,9.824,10.416,2100,21873.6,,,,,
2014-11-06,9.932,10.416,9.878,10.416,1100,11457.6,,,,,
2014-11-07,10.416,10.416,10.416,10.416,0,0.0,,,,,
2014-11-10,10.416,10.416,10.416,10.416,0,0.0,,,,,
2014-11-11,10.443,10.901,10.093,10.093,500,5046.5,,,,,
2014-11-12,10.093,10.093,10.093,10.093,0,0.0,,,,,
2014-11-13,10.093,10.093,10.093,10.093,0,0.0,,,,,
2014-11-14,9.959,10.255,9.959,10.255,600,6153.000000000001,,,,,
2014-11-17,10.255,10.255,10.255,10.255,0,0.0,,,,,
2014-11-18,10.201,10.228,10.201,10.228,1000,10228.0,,,,,
2014-11-19,11.251,11.251,10.497,10.497,300,3149.1,,,,,
2014-11-20,10.632,11.17,10.632,11.17,2300,25691.0,,,,,
2014-11-21,11.17,11.17,11.17,11.17,0,0.0,,,,,
2014-11-24,10.093,10.766,10.093,10.766,3600,38757.6,,,,,
2014-11-25,10.766,10.766,10.766,10.766,0,0.0,,,,,
2014-11-26,10.766,10.766,10.766,10.766,0,0.0,,,,,
2014-11-27,11.008,11.008,11.008,11.008,100,1100.8,,,,,
2014-11-28,11.008,11.951,11.008,11.951,400,4780.400000000001,,,,,
2014-12-01,11.951,11.951,11.951,11.951,0,0.0,,,,,
2014-12-02,12.381,12.381,10.793,12.085,3200,38672.0,,,,,
2014-12-03,12.085,12.085,12.085,12.085,700,8459.5,,,,,
2014-12-04,12.085,12.085,12.085,12.085,0,0.0,,,,,
2014-12-05,10.928,11.439,10.928,11.439,1300,14870.7,,,,,
2014-12-08,11.466,12.112,11.439,12.112,1400,16956.8,,,,,
2014-12-09,12.112,12.112,12.112,12.112,0,0.0,,,,,
2014-12-10,12.112,12.112,12.112,12.112,0,0.0,,,,,
2014-12-11,12.112,12.112,12.112,12.112,0,0.0,,,,,
2014-12-12,12.112,12.112,12.112,12.112,0,0.0,,,,,
2014-12-15,12.112,12.112,12.112,12.112,0,0.0,,,,,
2014-12-16,11.035,11.035,11.035,11.035,3500,38622.5,,,,,
2014-12-17,12.112,12.112,10.766,11.951,400,4780.400000000001,,,,,
2014-12-18,11.951,11.951,11.951,11.951,0,0.0,,,,,
2014-12-19,11.951,11.951,11.951,11.951,0,0.0,,,,,
2014-12-22,11.951,11.951,11.951,11.951,0,0.0,,,,,
2014-12-23,11.951,11.951,11.951,11.951,0,0.0,,,,,
2014-12-24,11.574,11.843,11.574,11.843,1600,18948.8,,,,,
2014-12-25,11.843,11.843,11.843,11.843,0,0.0,,,,,
2014-12-26,11.843,11.843,11.843,11.843,0,0.0,,,,,
2014-12-29,12.173,12.669,12.173,12.669,200,2533.8,,,,,
2014-12-30,12.669,12.669,12.669,12.669,0,0.0,,,,,
2014-12-31,12.669,12.669,12.669,12.669,0,0.0,,,,,
2015-01-05,12.669,12.669,12.669,12.669,0,0.0,,,,,
2015-01-06,13.77,13.77,12.393,12.393,1800,22307.4,,,,,
2015-01-07,12.393,12.393,12.393,12.393,0,0.0,,,,,
2015-01-08,12.393,12.393,12.393,12.393,0,0.0,,,,,
2015-01-09,12.393,12.393,12.393,12.393,0,0.0,,,,,
2015-01-12,12.393,12.393,12.393,12.393,0,0.0,,,,,
2015-01-13,12.393,12.393,12.393,12.393,0,0.0,,,,,
2015-01-14,12.256,13.495,12.256,13.495,300,4048.5,,,,,
2015-01-15,13.495,13.495,13.495,13.495,0,0.0,,,,,
2015-01-16,12.145,12.145,12.145,12.145,0,0.0,,,,,
2015-01-19,13.495,13.495,13.495,13.495,0,0.0,,,,,
2015-01-20,13.495,13.495,13.495,13.495,0,0.0,,,,,
2015-01-21,13.495,13.495,13.495,13.495,0,0.0,,,,,
2015-01-22,13.495,13.495,13.495,13.495,0,0.0,,,,,
2015-01-23,12.393,12.393,12.393,12.393,3000,37179.0,,,,,
2015-01-26,12.393,12.393,12.393,12.393,1000,12393.0,,,,,
2015-01-27,12.393,12.393,12.393,12.393,0,0.0,,,,,
2015-01-28,12.393,12.393,12.393,12.393,0,0.0,,,,,
2015-01-29,12.393,12.393,12.393,12.393,0,0.0,,,,,
2015-01-30,13.467,13.467,12.393,12.393,2100,26025.300000000003,,,,,
2015-02-02,12.393,12.393,12.393,12.393,0,0.0,,,,,
2015-02-03,12.393,12.393,12.393,12.393,0,0.0,,,,,
2015-02-04,12.393,12.393,12.393,12.393,0,0.0,,,,,
2015-02-05,12.393,12.393,12.393,12.393,0,0.0,,,,,
2015-02-06,12.393,12.393,12.393,12.393,0,0.0,,,,,
2015-02-09,12.393,12.393,12.393,12.393,0,0.0,,,,,
2015-02-10,12.393,13.495,12.393,13.495,700,9446.5,,,,,
2015-02-11,13.495,13.495,13.495,13.495,0,0.0,,,,,
2015-02-12,13.495,13.495,13.495,13.495,0,0.0,,,,,
2015-02-13,13.495,13.495,13.495,13.495,0,0.0,,,,,
2015-02-24,13.495,13.495,13.495,13.495,0,0.0,,,,,
2015-02-25,13.495,13.495,13.495,13.495,0,0.0,,,,,
2015-02-26,13.495,13.495,13.495,13.495,0,0.0,,,,,
2015-02-27,13.495,13.495,13.495,13.495,100,1349.5,,,,,
2015-03-02,13.495,13.495,13.495,13.495,0,0.0,,,,,
2015-03-03,13.495,13.495,13.495,13.495,100,1349.5,,,,,
2015-03-04,13.495,13.495,13.495,13.495,0,0.0,,,,,
2015-03-05,12.669,12.669,12.669,12.669,100,1266.9,,,,,
2015-03-06,12.118,12.669,12.118,12.669,4200,53209.8,,,,,
2015-03-09,13.22,13.22,13.22,13.22,100,1322.0,,,,,
2015-03-10,13.22,13.22,13.22,13.22,0,0.0,,,,,
2015-03-11,13.22,13.22,13.22,13.22,0,0.0,,,,,
2015-03-12,13.22,13.22,13.22,13.22,0,0.0,,,,,
2015-03-13,13.22,13.22,13.22,13.22,0,0.0,,,,,
2015-03-16,12.393,13.082,12.393,13.082,200,2616.4,,,,,
2015-03-17,13.082,13.082,13.082,13.082,0,0.0,,,,,
2015-03-18,13.082,13.082,13.082,13.082,0,0.0,,,,,
2015-03-19,13.082,13.082,13.082,13.082,0,0.0,,,,,
2015-03-20,12.669,12.669,12.669,12.669,400,5067.6,,,,,
2015-03-23,13.357,13.357,13.357,13.357,100,1335.6999999999998,,,,,
2015-03-24,13.357,13.357,13.357,13.357,0,0.0,,,,,
2015-03-25,13.357,13.357,13.357,13.357,0,0.0,,,,,
2015-03-26,13.357,13.357,13.357,13.357,0,0.0,,,,,
2015-03-27,13.357,13.357,13.357,13.357,0,0.0,,,,,
2015-03-30,13.357,13.357,13.357,13.357,0,0.0,,,,,
2015-03-31,13.357,13.357,13.357,13.357,100,1335.6999999999998,,,,,
2015-04-01,12.035,12.393,12.035,12.393,2900,35939.700000000004,,,,,
2015-04-02,12.393,12.393,12.393,12.393,0,0.0,,,,,
2015-04-03,12.393,13.082,12.393,13.082,200,2616.4,,,,,
2015-04-06,12.393,12.806,12.393,12.806,200,2561.2,,,,,
2015-04-07,12.944,13.495,12.944,13.495,300,4048.5,,,,,
2015-04-08,13.495,13.495,13.495,13.495,0,0.0,,,,,
2015-04-09,13.495,13.495,13.495,13.495,0,0.0,,,,,
2015-04-10,13.495,13.495,13.495,13.495,0,0.0,,,,,
2015-04-13,13.495,13.495,13.495,13.495,0,0.0,,,,,
2015-04-14,13.495,13.495,13.495,13.495,0,0.0,,,,,
2015-04-15,13.495,13.495,13.495,13.495,0,0.0,,,,,
2015-04-16,13.495,13.495,13.495,13.495,0,0.0,,,,,
2015-04-17,12.145,12.669,12.145,12.669,200,2533.8,,,,,
2015-04-20,12.669,12.669,12.669,12.669,0,0.0,,,,,
2015-04-21,12.669,12.669,12.669,12.669,0,0.0,,,,,
2015-04-22,13.082,13.082,13.082,13.082,1100,14390.2,,,,,
2015-04-23,13.082,13.77,13.082,13.082,5500,71951.0,,,,,
2015-04-24,13.77,13.77,13.77,13.77,100,1377.0,,,,,
2015-04-27,13.77,13.77,13.77,13.77,0,0.0,,,,,
2015-05-04,13.77,13.77,13.77,13.77,0,0.0,,,,,
2015-05-05,13.77,13.77,13.77,13.77,0,0.0,,,,,
2015-05-06,13.77,14.321,12.393,13.77,6200,85374.0,,,,,
2015-05-07,13.77,13.77,13.77,13.77,0,0.0,,,,,
2015-05-08,13.77,13.77,13.77,13.77,0,0.0,,,,,
2015-05-11,13.77,13.77,13.77,13.77,0,0.0,,,,,
2015-05-12,13.77,13.77,13.77,13.77,0,0.0,,,,,
2015-05-13,12.669,13.467,12.421,13.302,600,7981.2,,,,,
2015-05-14,13.303,13.303,13.303,13.303,0,0.0,,,,,
2015-05-15,14.184,14.184,14.184,14.184,100,1418.4,,,,,
2015-05-18,12.791,14.156,12.791,14.156,2200,31143.2,,,,,
2015-05-19,14.156,14.156,14.156,14.156,0,0.0,,,,,
2015-05-20,14.156,14.156,14.156,14.156,0,0.0,,,,,
2015-05-21,12.791,13.615,12.791,13.615,200,2723.0,,,,,
2015-05-22,12.677,13.644,12.649,13.644,2100,28652.4,,,,,
2015-05-25,13.644,13.644,13.644,13.644,0,0.0,,,,,
2015-05-26,12.308,13.53,12.308,13.53,1100,14883.0,,,,,
2015-05-27,13.53,13.53,13.53,13.53,0,0.0,,,,,
2015-05-28,12.535,13.075,12.507,13.075,1200,15690.0,,,,,
2015-05-29,13.019,13.644,13.019,13.502,3500,47257.0,,,,,
2015-06-01,13.502,13.502,13.502,13.502,100,1350.2,,,,,
2015-06-02,12.166,13.786,12.166,13.758,10200,140331.59999999998,,,,,
2015-06-03,13.758,13.758,13.758,13.758,0,0.0,,,,,
2015-06-04,13.758,13.758,13.758,13.758,0,0.0,,,,,
2015-06-05,12.535,13.019,12.507,13.019,1800,23434.2,,,,,
2015-06-08,13.019,13.36,13.019,13.36,500,6680.0,,,,,
2015-06-09,13.36,13.36,13.36,13.36,0,0.0,,,,,
2015-06-10,13.36,13.36,13.36,13.36,0,0.0,,,,,
2015-06-11,12.791,13.075,12.791,13.075,200,2615.0,,,,,
2015-06-12,12.535,12.791,12.507,12.791,400,5116.400000000001,,,,,
2015-06-15,13.189,13.189,13.189,13.189,100,1318.9,,,,,
2015-06-16,13.189,13.189,13.189,13.189,0,0.0,,,,,
2015-06-17,13.189,13.189,13.189,13.189,0,0.0,,,,,
2015-06-18,13.189,13.189,13.189,13.189,0,0.0,,,,,
2015-06-19,12.251,13.047,12.194,13.047,1700,22179.9,,,,,
2015-06-22,13.047,13.047,13.047,13.047,0,0.0,,,,,
2015-06-23,13.047,13.047,13.047,13.047,0,0.0,,,,,
2015-06-24,12.223,12.223,12.137,12.137,700,8495.9,,,,,
2015-06-25,12.137,12.137,12.137,12.137,0,0.0,,,,,
2015-06-26,11.938,12.194,11.938,12.194,800,9755.2,,,,,
2015-06-29,12.194,12.194,12.194,12.194,500,6097.0,,,,,
2015-06-30,12.763,13.331,12.763,13.331,500,6665.5,,,,,
2015-07-01,13.331,13.331,13.331,13.331,0,0.0,,,,,
2015-07-02,13.331,13.331,13.331,13.331,0,0.0,,,,,
2015-07-03,12.081,12.507,12.024,12.507,4500,56281.5,,,,,
2015-07-06,13.075,13.075,12.081,12.677,1500,19015.5,,,,,
2015-07-07,12.677,12.677,12.677,12.677,0,0.0,,,,,
2015-07-08,12.677,12.677,12.677,12.677,0,0.0,,,,,
2015-07-09,12.478,12.478,12.478,12.478,100,1247.8,,,,,
2015-07-10,12.478,12.478,12.478,12.478,0,0.0,,,,,
2015-07-13,12.478,12.478,12.478,12.478,0,0.0,,,,,
2015-07-14,11.938,12.194,11.938,12.194,500,6097.0,,,,,
2015-07-15,12.365,12.365,12.365,12.365,100,1236.5,,,,,
2015-07-16,11.37,12.478,11.37,12.478,400,4991.2,,,,,
2015-07-17,11.683,12.223,11.654,12.223,2500,30557.500000000004,,,,,
2015-07-20,12.223,12.223,12.223,12.223,0,0.0,,,,,
2015-07-21,12.223,12.223,12.223,12.223,0,0.0,,,,,
2015-07-22,12.223,12.223,12.223,12.223,0,0.0,,,,,
2015-07-23,12.223,12.223,12.223,12.223,0,0.0,,,,,
2015-07-24,12.223,12.223,12.223,12.223,0,0.0,,,,,
2015-07-27,11.398,12.194,11.37,12.194,1000,12194.0,,,,,
2015-07-28,12.194,12.194,12.194,12.194,0,0.0,,,,,
2015-07-29,12.223,13.36,12.223,13.36,200,2672.0,,,,,
2015-07-30,12.478,13.928,12.478,13.928,1800,25070.4,,,,,
2015-07-31,13.928,13.928,13.928,13.928,0,0.0,,,,,
2015-08-03,13.928,13.928,13.928,13.928,0,0.0,,,,,
2015-08-04,13.928,13.928,13.928,13.928,0,0.0,,,,,
2015-08-05,13.928,13.928,13.928,13.928,0,0.0,,,,,
2015-08-06,13.928,13.928,13.928,13.928,0,0.0,,,,,
2015-08-07,12.535,12.535,12.535,12.535,100,1253.5,,,,,
2015-08-10,12.791,13.075,12.791,13.075,400,5230.0,,,,,
2015-08-11,11.796,12.933,11.796,12.933,200,2586.6,,,,,
2015-08-12,12.933,12.933,12.933,12.933,0,0.0,,,,,
2015-08-13,12.933,12.933,12.933,12.933,0,0.0,,,,,
2015-08-14,12.933,12.933,12.933,12.933,0,0.0,,,,,
2015-08-17,12.223,12.507,12.081,12.507,1200,15008.4,,,,,
2015-08-18,13.075,13.644,13.075,13.644,200,2728.8,,,,,
2015-08-19,13.644,13.644,13.644,13.644,0,0.0,,,,,
2015-08-20,13.644,13.644,13.644,13.644,0,0.0,,,,,
2015-08-21,13.644,13.644,13.644,13.644,0,0.0,,,,,
2015-08-24,13.644,13.644,13.644,13.644,0,0.0,,,,,
2015-08-25,13.644,13.644,13.644,13.644,0,0.0,,,,,
2015-08-26,13.644,13.644,13.644,13.644,0,0.0,,,,,
2015-08-27,13.644,13.644,13.644,13.644,0,0.0,,,,,
2015-08-28,13.644,13.644,13.644,13.644,0,0.0,,,,,
2015-08-31,13.644,13.644,13.644,13.644,0,0.0,,,,,
2015-09-01,13.644,13.644,13.644,13.644,0,0.0,,,,,
2015-09-03,13.644,13.644,13.644,13.644,0,0.0,,,,,
2015-09-04,12.279,12.507,12.279,12.507,200,2501.4,,,,,
2015-09-07,12.507,12.507,12.507,12.507,0,0.0,,,,,
2015-09-08,12.507,12.507,12.507,12.507,100,1250.7,,,,,
2015-09-09,12.507,12.507,12.507,12.507,0,0.0,,,,,
2015-09-10,12.507,12.507,12.507,12.507,0,0.0,,,,,
2015-09-11,12.507,12.507,12.507,12.507,0,0.0,,,,,
2015-09-14,13.587,13.587,11.711,12.478,500,6239.0,,,,,
2015-09-15,12.478,12.478,12.478,12.478,0,0.0,,,,,
2015-09-16,12.478,12.478,12.478,12.478,0,0.0,,,,,
2015-09-17,12.478,13.615,12.478,13.615,200,2723.0,,,,,
2015-09-18,12.279,12.279,12.279,12.279,100,1227.9,,,,,
2015-09-21,13.303,13.303,11.654,11.654,600,6992.4,,,,,
2015-09-22,11.654,11.654,11.654,11.654,0,0.0,,,,,
2015-09-23,11.654,11.654,11.654,11.654,0,0.0,,,,,
2015-09-24,11.654,12.478,11.654,12.478,1300,16221.4,,,,,
2015-09-25,13.644,13.644,11.938,11.938,600,7162.8,,,,,
2015-09-28,13.019,13.019,13.019,13.019,100,1301.9,,,,,
2015-09-29,13.019,13.019,13.019,13.019,0,0.0,,,,,
2015-09-30,13.303,13.303,13.303,13.303,100,1330.3000000000002,,,,,
2015-10-01,11.995,11.995,11.995,11.995,100,1199.5,,,,,
2015-10-02,12.365,12.365,12.365,12.365,100,1236.5,,,,,
2015-10-05,11.654,11.938,11.654,11.938,1100,13131.8,,,,,
2015-10-06,11.938,11.938,11.938,11.938,0,0.0,,,,,
2015-10-07,11.398,11.654,11.37,11.626,600,6975.599999999999,,,,,
2015-10-08,11.91,11.91,11.91,11.91,100,1191.0,,,,,
2015-10-09,11.91,11.91,11.91,11.91,0,0.0,,,,,
2015-10-12,11.37,11.37,11.37,11.37,1000,11370.0,,,,,
2015-10-13,12.081,12.081,11.37,11.882,600,7129.2,,,,,
2015-10-14,11.882,11.882,11.882,11.882,100,1188.2,,,,,
2015-10-15,11.654,11.654,11.654,11.654,100,1165.4,,,,,
2015-10-16,11.654,12.763,11.654,12.763,1200,15315.6,,,,,
2015-10-19,12.763,12.763,12.763,12.763,0,0.0,,,,,
2015-10-20,11.938,11.995,11.938,11.995,21200,254294.0,,,,,
2015-10-21,11.654,11.91,11.654,11.91,2100,25011.0,,,,,
2015-10-22,11.995,12.933,11.654,11.654,1800,20977.2,,,,,
2015-10-23,12.194,12.194,11.654,11.654,300,3496.2,,,,,
2015-10-26,11.654,11.654,11.654,11.654,0,0.0,,,,,
2015-10-27,12.621,12.791,12.223,12.791,400,5116.400000000001,,,,,
2015-10-28,12.791,12.791,12.791,12.791,0,0.0,,,,,
2015-10-29,12.791,12.791,12.791,12.791,0,0.0,,,,,
2015-10-30,13.047,13.047,11.91,11.91,200,2382.0,,,,,
2015-11-02,11.938,11.938,11.654,11.654,700,8157.8,,,,,
2015-11-03,11.967,11.967,11.654,11.654,300,3496.2,,,,,
2015-11-04,12.223,12.791,11.654,11.654,1900,22142.6,,,,,
2015-11-05,11.654,11.654,11.654,11.654,0,0.0,,,,,
2015-11-06,11.91,11.91,11.91,11.91,200,2382.0,,,,,
2015-11-09,11.91,11.91,11.91,11.91,0,0.0,,,,,
2015-11-10,12.365,12.905,11.37,11.91,1900,22629.0,,,,,
2015-11-11,11.91,11.91,11.91,11.91,0,0.0,,,,,
2015-11-12,12.194,12.194,12.194,12.194,100,1219.4,,,,,
2015-11-13,11.654,13.36,11.654,13.36,3300,44088.0,,,,,
2015-11-16,12.024,12.024,12.024,12.024,100,1202.4,,,,,
2015-11-17,12.024,12.024,12.024,12.024,0,0.0,,,,,
2015-11-18,12.024,12.024,12.024,12.024,0,0.0,,,,,
2015-11-19,11.91,11.91,11.91,11.91,100,1191.0,,,,,
2015-11-20,12.365,12.365,11.654,11.654,400,4661.6,,,,,
2015-11-23,12.223,12.223,11.626,11.626,300,3487.8,,,,,
2015-11-24,11.626,11.626,11.626,11.626,0,0.0,,,,,
2015-11-25,12.081,12.706,10.517,11.37,18100,205797.0,,,,,
2015-11-26,12.166,12.166,12.166,12.166,100,1216.6,,,,,
2015-11-27,12.37,13.214,11.933,13.098,3300,43223.4,,,,,
2015-11-30,13.68,13.68,13.68,13.68,100,1368.0,,,,,
2015-12-01,12.312,12.312,12.312,12.312,100,1231.2,,,,,
2015-12-02,11.904,11.904,11.904,11.904,200,2380.8,,,,,
2015-12-03,12.195,12.195,12.195,12.195,100,1219.5,,,,,
2015-12-04,12.195,12.195,12.195,12.195,70,853.65,,,,,
2015-12-07,12.195,12.195,12.195,12.195,0,0.0,,,,,
2015-12-08,11.875,11.875,11.875,11.875,100,1187.5,,,,,
2015-12-09,11.875,11.875,11.875,11.875,0,0.0,,,,,
2015-12-10,12.312,12.312,12.312,12.312,100,1231.2,,,,,
2015-12-11,12.312,12.312,12.312,12.312,0,0.0,,,,,
2015-12-14,12.312,12.312,12.312,12.312,0,0.0,,,,,
2015-12-15,12.312,12.312,12.312,12.312,0,0.0,,,,,
2015-12-16,12.312,12.312,12.312,12.312,0,0.0,,,,,
2015-12-17,11.904,11.904,11.904,11.904,100,1190.4,,,,,
2015-12-18,12.224,12.224,12.224,12.224,100,1222.4,,,,,
2015-12-21,11.788,11.788,11.642,11.642,500,5821.0,,,,,
2015-12-22,11.497,11.497,11.497,11.497,600,6898.2,,,,,
2015-12-23,11.497,11.497,11.497,11.497,0,0.0,,,,,
2015-12-24,12.137,12.137,12.137,12.137,100,1213.7,,,,,
2015-12-25,12.137,12.137,12.137,12.137,0,0.0,,,,,
2015-12-28,12.137,13.33,12.137,13.33,500,6665.0,,,,,
2015-12-29,13.185,13.185,13.185,13.185,100,1318.5,,,,,
2015-12-30,11.904,11.904,11.875,11.875,2300,27312.5,,,,,
2015-12-31,11.875,11.875,11.613,11.613,200,2322.6,,,,,
2016-01-04,11.206,11.526,11.206,11.526,200,2305.2,,,,,
2016-01-05,11.526,11.526,11.526,11.526,0,0.0,,,,,
2016-01-06,11.759,11.759,11.759,11.759,100,1175.9,,,,,
2016-01-07,11.642,11.642,11.642,11.642,100,1164.2,,,,,
2016-01-08,11.642,11.642,11.642,11.642,0,0.0,,,,,
2016-01-11,11.642,11.642,11.642,11.642,0,0.0,,,,,
2016-01-12,11.642,11.642,11.642,11.642,0,0.0,,,,,
2016-01-13,11.642,11.642,11.642,11.642,0,0.0,,,,,
2016-01-14,11.002,11.002,11.002,11.002,200,2200.4,,,,,
2016-01-15,11.613,11.613,11.613,11.613,100,1161.3,,,,,
2016-01-18,11.933,11.933,11.933,11.933,100,1193.3,,,,,
2016-01-19,11.933,11.933,11.933,11.933,0,0.0,,,,,
2016-01-20,11.351,11.642,11.351,11.38,2100,23898.0,,,,,
2016-01-21,11.38,11.38,11.38,11.38,0,0.0,,,,,
2016-01-22,11.38,11.38,11.38,11.38,0,0.0,,,,,
2016-01-25,11.38,11.38,11.38,11.38,0,0.0,,,,,
2016-01-26,11.38,11.38,11.38,11.38,0,0.0,,,,,
2016-01-27,11.38,11.38,11.38,11.38,0,0.0,,,,,
2016-01-28,11.38,11.38,11.38,11.38,0,0.0,,,,,
2016-01-29,11.875,11.933,11.875,11.933,200,2386.6,,,,,
2016-02-01,11.933,11.933,11.933,11.933,0,0.0,,,,,
2016-02-02,11.933,11.933,11.933,11.933,0,0.0,,,,,
2016-02-03,11.933,11.933,11.933,11.933,0,0.0,,,,,
2016-02-04,11.933,11.933,11.933,11.933,0,0.0,,,,,
2016-02-05,11.933,11.933,11.933,11.933,0,0.0,,,,,
2016-02-15,11.933,11.933,11.933,11.933,0,0.0,,,,,
2016-02-16,13.069,13.069,13.069,13.069,100,1306.9,,,,,
2016-02-17,13.069,13.069,13.069,13.069,0,0.0,,,,,
2016-02-18,13.069,13.069,13.069,13.069,0,0.0,,,,,
2016-02-19,13.069,13.069,13.069,13.069,0,0.0,,,,,
2016-02-22,13.069,13.069,13.069,13.069,0,0.0,,,,,
2016-02-23,11.788,11.788,11.788,11.788,100,1178.8,,,,,
2016-02-24,11.788,11.788,11.788,11.788,0,0.0,,,,,
2016-02-25,11.788,12.952,11.788,12.952,700,9066.4,,,,,
2016-02-26,11.671,14.116,11.671,14.116,3300,46582.8,,,,,
2016-02-29,12.952,14.262,12.719,14.262,400,5704.8,,,,,
2016-03-01,14.262,14.262,14.262,14.262,0,0.0,,,,,
2016-03-02,14.262,14.262,14.262,14.262,0,0.0,,,,,
2016-03-03,14.262,14.262,14.262,14.262,0,0.0,,,,,
2016-03-04,14.262,14.262,14.262,14.262,0,0.0,,,,,
2016-03-07,14.262,14.262,14.262,14.262,0,0.0,,,,,
2016-03-08,14.262,14.262,14.262,14.262,0,0.0,,,,,
2016-03-09,14.262,14.262,14.262,14.262,0,0.0,,,,,
2016-03-10,14.262,14.262,14.262,14.262,0,0.0,,,,,
2016-03-11,14.262,14.262,14.262,14.262,0,0.0,,,,,
2016-03-14,14.262,14.262,14.262,14.262,0,0.0,,,,,
2016-03-15,14.262,14.262,14.262,14.262,0,0.0,,,,,
2016-03-16,14.262,14.262,14.262,14.262,0,0.0,,,,,
2016-03-17,12.836,15.135,12.836,15.135,3200,48432.0,,,,,
2016-03-18,13.622,13.622,13.622,13.622,300,4086.6,,,,,
2016-03-21,13.622,13.622,13.622,13.622,0,0.0,,,,,
2016-03-22,13.622,13.622,13.622,13.622,0,0.0,,,,,
2016-03-23,13.622,13.622,13.622,13.622,0,0.0,,,,,
2016-03-24,13.622,13.622,13.622,13.622,0,0.0,,,,,
2016-03-25,13.098,14.0,12.283,13.389,3600,48200.4,,,,,
2016-03-28,12.05,12.05,12.05,12.05,300,3615.0,,,,,
2016-03-29,13.098,13.098,12.05,12.05,1000,12050.0,,,,,
2016-03-30,13.069,13.069,11.788,13.069,1300,16989.7,,,,,
2016-03-31,11.933,12.981,11.788,12.981,5300,68799.3,,,,,
2016-04-01,12.981,12.981,12.981,12.981,0,0.0,,,,,
2016-04-04,12.981,12.981,12.981,12.981,0,0.0,,,,,
2016-04-05,12.981,12.981,12.981,12.981,0,0.0,,,,,
2016-04-06,12.981,12.981,12.981,12.981,0,0.0,,,,,
2016-04-07,11.933,11.933,11.933,11.933,300,3579.9,,,,,
2016-04-08,11.933,13.098,11.933,13.098,1100,14407.8,,,,,
2016-04-11,13.098,13.098,13.098,13.098,0,0.0,,,,,
2016-04-12,13.098,13.098,13.098,13.098,0,0.0,,,,,
2016-04-13,13.098,13.098,13.098,13.098,100,1309.8000000000002,,,,,
2016-04-14,11.933,13.389,11.933,13.389,2000,26778.0,,,,,
2016-04-15,13.389,13.389,13.389,13.389,0,0.0,,,,,
2016-04-19,12.079,13.301,12.079,13.301,400,5320.4,,,,,
2016-04-20,13.301,13.301,13.301,13.301,0,0.0,,,,,
2016-04-21,13.301,13.301,13.301,13.301,0,0.0,,,,,
2016-04-22,13.301,13.301,13.301,13.301,0,0.0,,,,,
2016-04-25,13.301,13.301,13.301,13.301,0,0.0,,,,,
2016-04-26,13.301,13.301,13.301,13.301,0,0.0,,,,,
2016-04-27,13.301,13.301,13.301,13.301,0,0.0,,,,,
2016-04-28,13.301,13.301,13.301,13.301,0,0.0,,,,,
2016-04-29,13.214,14.553,13.214,14.553,500,7276.5,,,,,
2016-05-04,13.098,13.36,13.098,13.36,200,2672.0,,,,,
2016-05-05,13.389,13.389,12.224,13.243,400,5297.2,,,,,
2016-05-06,11.963,13.243,11.963,13.243,500,6621.5,,,,,
2016-05-09,13.243,13.243,13.243,13.243,0,0.0,,,,,
2016-05-10,12.224,13.069,12.224,13.069,200,2613.8,,,,,
2016-05-11,12.108,12.923,12.108,12.923,1100,14215.3,,,,,
2016-05-12,12.923,12.923,12.923,12.923,0,0.0,,,,,
2016-05-13,12.923,12.923,12.923,12.923,0,0.0,,,,,
2016-05-16,11.963,12.661,11.933,12.661,600,7596.599999999999,,,,,
2016-05-17,13.069,13.069,13.069,13.069,100,1306.9,,,,,
2016-05-18,13.309,13.309,13.309,13.309,300,3992.7,,,,,
2016-05-19,13.309,13.309,13.309,13.309,0,0.0,,,,,
2016-05-20,13.189,13.189,13.189,13.189,100,1318.9,,,,,
2016-05-23,13.189,13.189,13.189,13.189,0,0.0,,,,,
2016-05-24,12.376,12.767,12.346,12.767,2100,26810.7,,,,,
2016-05-25,12.707,12.918,12.707,12.918,500,6459.0,,,,,
2016-05-26,12.918,12.918,12.918,12.918,0,0.0,,,,,
2016-05-27,13.008,13.219,13.008,13.219,500,6609.5,,,,,
2016-05-30,13.219,13.219,13.219,13.219,0,0.0,,,,,
2016-05-31,13.219,13.219,13.219,13.219,0,0.0,,,,,
2016-06-01,12.045,12.918,12.045,12.918,2600,33586.8,,,,,
2016-06-02,13.249,13.249,13.249,13.249,100,1324.9,,,,,
2016-06-03,12.647,12.948,12.647,12.948,200,2589.6,,,,,
2016-06-06,12.948,12.948,12.948,12.948,0,0.0,,,,,
2016-06-07,12.948,12.948,12.948,12.948,0,0.0,,,,,
2016-06-08,12.948,12.948,12.948,12.948,0,0.0,,,,,
2016-06-09,12.978,13.821,12.978,13.821,1000,13821.0,,,,,
2016-06-10,13.821,13.821,13.821,13.821,0,0.0,,,,,
2016-06-13,13.821,13.821,13.821,13.821,0,0.0,,,,,
2016-06-14,13.821,13.821,13.821,13.821,0,0.0,,,,,
2016-06-15,13.821,13.821,13.821,13.821,0,0.0,,,,,
2016-06-16,13.821,13.821,13.821,13.821,0,0.0,,,,,
2016-06-17,13.821,13.821,13.821,13.821,0,0.0,,,,,
2016-06-20,13.821,13.821,13.821,13.821,0,0.0,,,,,
2016-06-21,13.821,13.821,13.821,13.821,0,0.0,,,,,
2016-06-22,12.496,13.219,12.496,13.219,200,2643.8,,,,,
2016-06-23,13.219,13.219,13.219,13.219,20,264.38,,,,,
2016-06-24,12.045,13.249,12.045,13.249,400,5299.6,,,,,
2016-06-27,13.249,13.249,13.249,13.249,0,0.0,,,,,
2016-06-28,12.045,13.068,12.045,13.068,2400,31363.2,,,,,
2016-06-29,13.068,13.068,13.068,13.068,0,0.0,,,,,
2016-06-30,14.152,14.152,12.045,13.791,700,9653.7,,,,,
2016-07-01,13.791,13.791,13.791,13.791,0,0.0,,,,,
2016-07-04,13.52,13.52,12.436,12.436,1100,13679.6,,,,,
2016-07-05,12.918,13.219,12.496,12.617,800,10093.6,,,,,
2016-07-06,12.617,12.617,12.617,12.617,0,0.0,,,,,
2016-07-07,12.617,12.617,12.617,12.617,1000,12617.0,,,,,
2016-07-08,12.617,12.617,12.617,12.617,0,0.0,,,,,
2016-07-11,12.075,12.075,12.045,12.045,600,7227.0,,,,,
2016-07-12,12.526,12.647,11.442,11.744,5800,68115.2,,,,,
2016-07-13,12.346,12.346,12.346,12.346,100,1234.6,,,,,
2016-07-14,12.195,12.496,12.195,12.496,400,4998.400000000001,,,,,
2016-07-15,12.496,12.496,12.496,12.496,0,0.0,,,,,
2016-07-18,12.376,12.376,12.376,12.376,200,2475.2,,,,,
2016-07-19,12.376,12.376,12.376,12.376,0,0.0,,,,,
2016-07-20,12.496,12.496,12.496,12.496,300,3748.8,,,,,
2016-07-21,12.436,12.436,12.436,12.436,100,1243.6,,,,,
2016-07-22,12.436,12.436,12.436,12.436,0,0.0,,,,,
2016-07-25,12.436,12.436,12.436,12.436,0,0.0,,,,,
2016-07-26,12.436,12.436,12.436,12.436,0,0.0,,,,,
2016-07-27,12.617,12.948,12.617,12.948,500,6474.0,,,,,
2016-07-28,13.099,13.55,13.099,13.55,200,2710.0,,,,,
2016-07-29,13.249,14.755,13.249,14.755,4200,61971.0,,,,,
2016-08-01,13.279,15.056,13.279,13.279,1100,14606.9,,,,,
2016-08-02,13.279,13.279,13.279,13.279,0,0.0,,,,,
2016-08-03,12.647,12.647,12.647,12.647,100,1264.7,,,,,
2016-08-04,12.496,12.948,12.496,12.948,300,3884.4,,,,,
2016-08-05,12.948,12.948,12.948,12.948,0,0.0,,,,,
2016-08-08,12.948,12.948,12.948,12.948,0,0.0,,,,,
2016-08-09,12.948,12.948,12.948,12.948,0,0.0,,,,,
2016-08-10,12.948,12.948,12.948,12.948,0,0.0,,,,,
2016-08-11,12.948,12.948,12.948,12.948,0,0.0,,,,,
2016-08-12,12.948,12.948,12.948,12.948,0,0.0,,,,,
2016-08-15,12.948,12.948,12.948,12.948,0,0.0,,,,,
2016-08-16,12.948,12.948,12.948,12.948,0,0.0,,,,,
2016-08-17,12.948,12.948,12.948,12.948,0,0.0,,,,,
2016-08-18,12.888,12.888,12.888,12.888,200,2577.6,,,,,
2016-08-19,12.346,12.647,12.346,12.647,300,3794.1,,,,,
2016-08-22,12.346,12.346,12.346,12.346,500,6173.0,,,,,
2016-08-23,12.195,12.496,12.195,12.496,600,7497.6,,,,,
2016-08-24,12.496,12.496,12.496,12.496,0,0.0,,,,,
2016-08-25,12.195,12.496,12.195,12.496,600,7497.6,,,,,
2016-08-26,12.496,12.496,12.496,12.496,0,0.0,,,,,
2016-08-29,12.496,12.496,12.496,12.496,0,0.0,,,,,
2016-08-30,12.948,13.55,12.045,12.647,700,8852.9,,,,,
2016-08-31,12.045,13.912,12.045,13.912,3000,41736.0,,,,,
2016-09-01,12.707,12.707,12.707,12.707,200,2541.4,,,,,
2016-09-05,12.225,13.068,12.195,13.068,660,8624.88,,,,,
2016-09-06,12.075,12.767,12.045,12.767,800,10213.6,,,,,
2016-09-07,13.52,13.52,13.52,13.52,100,1352.0,,,,,
2016-09-08,12.737,12.737,12.737,12.737,100,1273.7,,,,,
2016-09-09,13.249,13.249,13.249,13.249,100,1324.9,,,,,
2016-09-12,12.286,13.068,12.225,13.068,900,11761.2,,,,,
2016-09-13,12.346,12.647,12.346,12.647,200,2529.4,,,,,
2016-09-14,12.225,13.52,12.225,13.52,1460,19739.2,,,,,
2016-09-15,13.52,13.52,13.52,13.52,0,0.0,,,,,
2016-09-16,13.52,13.52,13.52,13.52,0,0.0,,,,,
2016-09-19,13.52,13.52,13.52,13.52,0,0.0,,,,,
2016-09-20,13.52,13.52,13.52,13.52,0,0.0,,,,,
2016-09-21,12.948,13.52,12.948,12.978,2300,29849.4,,,,,
2016-09-22,12.978,12.978,12.978,12.978,0,0.0,,,,,
2016-09-23,12.978,12.978,12.978,12.978,0,0.0,,,,,
2016-09-26,12.436,12.647,12.436,12.647,300,3794.1,,,,,
2016-09-27,12.647,12.647,12.647,12.647,0,0.0,,,,,
2016-09-28,12.647,12.647,12.647,12.647,0,0.0,,,,,
2016-09-29,12.647,12.647,12.647,12.647,100,1264.7,,,,,
2016-09-30,13.4,13.4,12.737,13.309,2200,29279.8,,,,,
2016-10-03,13.309,13.309,13.309,13.309,0,0.0,,,,,
2016-10-04,13.279,14.634,13.249,13.249,400,5299.6,,,,,
2016-10-05,13.249,13.249,13.249,13.249,0,0.0,,,,,
2016-10-06,13.249,13.249,13.249,13.249,0,0.0,,,,,
2016-10-07,13.249,13.249,13.249,13.249,0,0.0,,,,,
2016-10-10,13.249,13.249,13.249,13.249,0,0.0,,,,,
2016-10-11,13.249,13.249,13.249,13.249,0,0.0,,,,,
2016-10-12,13.249,13.249,13.249,13.249,0,0.0,,,,,
2016-10-13,13.701,13.701,13.701,13.701,100,1370.1,,,,,
2016-10-14,13.701,13.701,13.701,13.701,0,0.0,,,,,
2016-10-17,13.701,13.701,13.701,13.701,0,0.0,,,,,
2016-10-18,13.701,13.701,13.701,13.701,0,0.0,,,,,
2016-10-19,13.701,13.701,13.701,13.701,0,0.0,,,,,
2016-10-20,12.647,12.647,12.647,12.647,100,1264.7,,,,,
2016-10-21,12.647,12.647,12.647,12.647,0,0.0,,,,,
2016-10-24,13.55,13.55,13.55,13.55,100,1355.0,,,,,
2016-10-25,12.647,12.918,12.647,12.918,2100,27127.8,,,,,
2016-10-26,13.55,13.55,13.55,13.55,100,1355.0,,,,,
2016-10-27,13.851,13.851,13.851,13.851,100,1385.1,,,,,
2016-10-28,14.152,14.152,13.851,14.152,700,9906.4,,,,,
2016-10-31,12.948,13.851,12.948,13.851,4600,63714.600000000006,,,,,
2016-11-01,13.851,15.236,13.851,14.604,21260,310481.04,,,,,
2016-11-02,15.357,15.357,13.851,13.851,2725,37743.975000000006,,,,,
2016-11-03,14.755,14.755,13.972,14.002,1500,21003.0,,,,,
2016-11-04,14.002,14.002,12.888,12.978,3100,40231.8,,,,,
2016-11-07,12.978,14.152,12.677,13.52,3344,45210.88,,,,,
2016-11-08,14.454,14.845,14.303,14.845,26580,394580.1,,,,,
2016-11-09,15.658,15.658,13.851,14.755,5300,78201.5,,,,,
2016-11-10,14.604,16.23,14.604,15.959,39000,622401.0,,,,,
2016-11-11,16.019,17.465,14.454,14.454,19900,287634.60000000003,,,,,
2016-11-14,14.454,14.755,14.454,14.454,7000,101178.0,,,,,
2016-11-15,14.454,14.755,14.454,14.604,6100,89084.4,,,,,
2016-11-16,14.173,14.173,14.173,14.173,300,4251.9,,,,,
2016-11-17,13.528,13.528,13.22,13.22,13600,179792.0,,,,,
2016-11-18,13.251,13.528,13.251,13.528,1100,14880.8,,,,,
2016-11-21,13.835,13.835,13.835,13.835,100,1383.5,,,,,
2016-11-22,13.835,14.081,13.835,14.081,600,8448.6,,,,,
2016-11-23,13.589,13.804,13.251,13.804,1100,15184.4,,,,,
2016-11-24,13.374,13.989,13.22,13.866,5400,74876.4,,,,,
2016-11-25,13.866,13.866,13.866,13.866,0,0.0,,,,,
2016-11-28,13.835,13.897,13.22,13.559,2900,39321.1,,,,,
2016-11-29,13.804,13.804,13.804,13.804,100,1380.4,,,,,
2016-11-30,14.112,14.112,14.112,14.112,100,1411.2,,,,,
2016-12-01,12.821,13.405,12.759,13.405,2500,33512.5,,,,,
2016-12-02,13.804,14.573,13.22,14.02,14800,207496.0,,,,,
2016-12-05,14.235,14.235,13.22,13.497,1000,13497.0,,,,,
2016-12-06,12.636,13.466,12.605,13.22,7500,99150.0,,,,,
2016-12-07,11.929,13.005,11.929,13.005,600,7803.000000000001,,,,,
2016-12-08,13.19,14.143,12.605,13.097,4000,52388.0,,,,,
2016-12-09,13.343,13.343,12.083,12.974,1900,24650.6,,,,,
2016-12-12,11.714,12.605,11.683,12.298,2200,27055.6,,,,,
2016-12-13,12.913,12.913,11.929,12.513,800,10010.4,,,,,
2016-12-14,12.913,12.913,11.868,12.39,2700,33453.0,,,,,
2016-12-15,12.39,12.39,12.39,12.39,0,0.0,,,,,
2016-12-16,12.759,12.759,11.806,12.267,800,9813.6,,,,,
2016-12-19,12.728,12.728,12.298,12.298,4201,51663.898,,,,,
2016-12-20,12.298,12.298,12.298,12.298,10,122.98,,,,,
2016-12-21,12.298,12.298,12.298,12.298,0,0.0,,,,,
2016-12-22,12.298,12.298,12.298,12.298,0,0.0,,,,,
2016-12-23,12.298,12.298,12.298,12.298,0,0.0,,,,,
2016-12-26,12.882,12.882,12.882,12.882,100,1288.2,,,,,
2016-12-27,12.882,12.882,12.882,12.882,0,0.0,,,,,
2016-12-28,11.837,12.267,11.683,12.021,3300,39669.3,,,,,
2016-12-29,12.728,12.728,12.728,12.728,100,1272.8,,,,,
2016-12-30,11.714,12.728,11.683,12.728,900,11455.2,,,,,
2017-01-03,11.683,12.206,11.683,12.206,200,2441.2,,,,,
2017-01-04,11.376,12.144,11.376,12.144,1100,13358.4,,,,,
2017-01-05,12.144,12.144,12.144,12.144,0,0.0,,,,,
2017-01-06,12.144,12.144,12.144,12.144,0,0.0,,,,,
2017-01-09,12.144,12.144,12.144,12.144,0,0.0,,,,,
2017-01-10,11.529,11.806,11.529,11.806,1800,21250.8,,,,,
2017-01-11,11.529,11.652,11.529,11.652,500,5826.0,,,,,
2017-01-12,11.806,12.175,11.806,12.175,400,4870.0,,,,,
2017-01-13,11.468,11.991,11.468,11.991,500,5995.5,,,,,
2017-01-16,11.837,11.837,10.914,10.914,4500,49113.0,,,,,
2017-01-17,11.683,11.683,11.376,11.376,8400,95558.4,,,,,
2017-01-18,12.236,12.236,11.099,11.96,600,7176.000000000001,,,,,
2017-01-19,11.96,11.96,11.96,11.96,0,0.0,,,,,
2017-01-20,11.529,11.868,11.376,11.868,600,7120.8,,,,,
2017-01-23,12.021,12.021,12.021,12.021,100,1202.1,,,,,
2017-01-24,12.021,12.021,12.021,12.021,0,0.0,,,,,
2017-01-25,12.021,12.021,12.021,12.021,0,0.0,,,,,
2017-02-02,12.021,12.021,12.021,12.021,0,0.0,,,,,
2017-02-03,11.529,11.529,11.529,11.529,500,5764.5,,,,,
2017-02-06,12.021,12.021,11.437,11.837,300,3551.1,,,,,
2017-02-07,11.991,11.991,11.406,11.683,900,10514.7,,,,,
2017-02-08,11.437,11.622,11.068,11.591,3100,35932.1,,,,,
2017-02-09,11.099,11.529,11.068,11.068,2100,23242.8,,,,,
2017-02-10,11.068,11.499,11.068,11.191,5200,58193.2,,,,,
2017-02-13,11.007,11.007,11.007,11.007,3380,37203.66,,,,,
2017-02-14,11.376,11.376,11.007,11.007,400,4402.8,,,,,
2017-02-15,11.253,11.253,11.068,11.068,1520,16823.36,,,,,
2017-02-16,11.16,11.16,11.16,11.16,110,1227.6,,,,,
2017-02-17,11.068,11.068,11.068,11.068,500,5534.0,,,,,
2017-02-20,11.068,11.314,11.068,11.068,1300,14388.4,,,,,
2017-02-21,11.068,11.099,10.914,10.914,4700,51295.8,,,,,
2017-02-22,10.914,10.914,10.761,10.761,3100,33359.1,,,,,
2017-02-23,11.191,11.191,11.191,11.191,120,1342.92,,,,,
2017-02-24,10.853,10.853,10.853,10.853,200,2170.6,,,,,
2017-02-27,10.853,10.853,10.853,10.853,100,1085.3,,,,,
2017-02-28,11.16,11.376,10.853,10.853,800,8682.4,,,,,
2017-03-01,11.13,11.13,10.791,10.791,2600,28056.6,,,,,
2017-03-02,11.191,11.191,11.191,11.191,100,1119.1,,,,,
2017-03-03,11.376,11.376,11.16,11.16,200,2232.0,,,,,
2017-03-06,11.16,11.16,11.16,11.16,0,0.0,,,,,
2017-03-07,11.068,11.068,11.068,11.068,4000,44272.0,,,,,
2017-03-08,10.761,10.761,10.761,10.761,900,9684.9,,,,,
2017-03-09,11.376,11.376,11.376,11.376,100,1137.6,,,,,
2017-03-10,11.683,12.113,11.068,11.068,720,7968.96,,,,,
2017-03-13,11.068,11.068,11.068,11.068,0,0.0,,,,,
2017-03-14,11.068,11.068,11.068,11.068,0,0.0,,,,,
2017-03-15,10.699,10.699,10.607,10.607,1700,18031.9,,,,,
2017-03-16,11.222,11.222,10.914,10.914,300,3274.2,,,,,
2017-03-17,11.068,11.068,10.607,10.914,800,8731.199999999999,,,,,
2017-03-20,11.068,11.068,10.73,10.822,700,7575.4,,,,,
2017-03-21,11.068,11.068,11.068,11.068,100,1106.8,,,,,
2017-03-22,10.607,10.761,10.453,10.761,3400,36587.4,,,,,
2017-03-23,10.73,10.73,10.73,10.73,100,1073.0,,,,,
2017-03-24,10.699,10.699,10.699,10.699,180,1925.82,,,,,
2017-03-27,10.699,11.499,10.699,11.499,610,7014.39,,,,,
2017-03-28,11.499,11.499,11.499,11.499,0,0.0,,,,,
2017-03-29,10.423,10.761,10.423,10.423,1200,12507.6,,,,,
2017-03-30,11.191,11.191,11.191,11.191,180,2014.38,,,,,
2017-03-31,11.499,11.499,11.068,11.068,1100,12174.8,,,,,
2017-04-03,11.376,11.376,11.376,11.376,120,1365.12,,,,,
2017-04-04,11.068,11.068,10.607,10.607,1000,10607.0,,,,,
2017-04-05,11.037,11.037,10.761,10.914,400,4365.599999999999,,,,,
2017-04-07,11.191,11.499,11.191,11.499,200,2299.8,,,,,
2017-04-10,11.499,11.499,11.499,11.499,0,0.0,,,,,
2017-04-11,11.068,11.837,11.068,11.837,300,3551.1,,,,,
2017-04-12,10.668,11.222,10.668,11.222,1100,12344.2,,,,,
2017-04-13,11.683,11.683,11.683,11.683,100,1168.3,,,,,
2017-04-14,11.683,11.683,11.683,11.683,0,0.0,,,,,
2017-04-17,11.837,12.298,11.837,12.298,500,6149.0,,,,,
2017-04-18,11.068,12.421,11.068,12.206,4200,51265.2,,,,,
2017-04-19,11.529,11.529,11.529,11.529,100,1152.9,,,,,
2017-04-20,11.499,11.499,11.499,11.499,100,1149.9,,,,,
2017-04-21,11.806,12.144,11.806,12.144,300,3643.2,,,,,
2017-04-24,12.144,12.144,12.144,12.144,0,0.0,,,,,
2017-04-25,11.652,13.313,11.652,11.96,5400,64584.00000000001,,,,,
2017-04-26,11.837,11.837,11.837,11.837,200,2367.4,,,,,
2017-04-27,12.298,12.605,12.298,12.605,300,3781.5,,,,,
2017-04-28,12.144,12.144,12.144,12.144,2000,24288.0,,,,,
2017-05-03,12.144,12.144,12.144,12.144,0,0.0,,,,,
2017-05-04,12.144,12.144,12.144,12.144,0,0.0,,,,,
2017-05-05,12.144,12.144,12.144,12.144,0,0.0,,,,,
2017-05-08,11.991,11.991,11.683,11.991,2800,33574.8,,,,,
2017-05-09,11.991,11.991,11.991,11.991,400,4796.4,,,,,
2017-05-10,11.991,11.991,11.991,11.991,0,0.0,,,,,
2017-05-11,12.298,12.298,12.144,12.144,200,2428.8,,,,,
2017-05-12,11.985,12.432,11.985,12.432,200,2486.4,,,,,
2017-05-15,11.729,12.432,11.729,12.432,410,5097.12,,,,,
2017-05-16,11.697,12.4,11.697,12.4,300,3720.0,,,,,
2017-05-17,11.729,12.4,11.729,12.4,200,2480.0,,,,,
2017-05-18,11.505,11.825,11.505,11.665,41300,481764.5,,,,,
2017-05-19,12.145,12.145,12.145,12.145,100,1214.5,,,,,
2017-05-22,11.825,13.263,11.825,13.263,1800,23873.4,,,,,
2017-05-23,11.953,13.423,11.953,13.423,4900,65772.7,,,,,
2017-05-24,13.423,13.423,13.423,13.423,0,0.0,,,,,
2017-05-25,13.423,14.318,12.944,13.103,1700,22275.1,,,,,
2017-05-26,12.464,12.688,12.145,12.464,900,11217.6,,,,,
2017-05-29,12.912,13.679,12.464,12.464,1400,17449.600000000002,,,,,
2017-05-30,13.071,13.423,13.071,13.423,500,6711.5,,,,,
2017-05-31,13.423,14.765,12.304,13.423,10600,142283.8,,,,,
2017-06-01,12.464,13.103,12.145,12.177,3400,41401.8,,,,,
2017-06-02,13.071,13.071,11.985,12.656,3810,48219.36,,,,,
2017-06-05,12.816,13.039,12.816,13.039,500,6519.5,,,,,
2017-06-06,13.039,13.039,13.039,13.039,0,0.0,,,,,
2017-06-07,13.039,13.039,13.039,13.039,0,0.0,,,,,
2017-06-08,13.007,13.391,13.007,13.391,500,6695.5,,,,,
2017-06-09,13.391,13.391,13.391,13.391,0,0.0,,,,,
2017-06-12,12.145,12.784,12.145,12.496,1600,19993.6,,,,,
2017-06-13,12.592,12.752,12.592,12.752,300,3825.6,,,,,
2017-06-14,12.145,13.103,12.145,13.103,2100,27516.3,,,,,
2017-06-15,12.177,12.784,12.145,12.496,3200,39987.2,,,,,
2017-06-16,12.496,12.496,12.496,12.496,0,0.0,,,,,
2017-06-19,12.624,12.784,12.624,12.784,300,3835.2,,,,,
2017-06-20,12.72,12.912,12.72,12.912,700,9038.4,,,,,
2017-06-21,12.912,12.912,12.912,12.912,0,0.0,,,,,
2017-06-22,12.912,12.912,12.912,12.912,0,0.0,,,,,
2017-06-23,12.752,12.848,12.752,12.848,200,2569.6000000000004,,,,,
2017-06-26,12.145,12.752,12.145,12.752,300,3825.6,,,,,
2017-06-27,11.985,12.72,11.985,12.72,400,5088.0,,,,,
2017-06-28,12.72,12.72,12.72,12.72,0,0.0,,,,,
2017-06-29,11.825,12.464,11.825,12.464,200,2492.8,,,,,
2017-06-30,12.72,13.103,12.72,13.103,2100,27516.3,,,,,
2017-07-03,13.103,13.103,13.103,13.103,0,0.0,,,,,
2017-07-04,13.103,13.103,13.103,13.103,0,0.0,,,,,
2017-07-05,13.103,13.103,13.103,13.103,0,0.0,,,,,
2017-07-06,12.113,12.72,11.857,12.464,4300,53595.2,,,,,
2017-07-07,12.464,12.464,12.464,12.464,0,0.0,,,,,
2017-07-10,12.464,12.464,12.464,12.464,0,0.0,,,,,
2017-07-11,11.505,12.368,11.505,12.368,200,2473.6,,,,,
2017-07-12,11.857,12.272,11.857,12.177,400,4870.8,,,,,
2017-07-13,12.528,12.528,12.528,12.528,100,1252.8,,,,,
2017-07-14,12.528,12.528,12.528,12.528,0,0.0,,,,,
2017-07-17,11.793,12.368,11.761,12.368,760,9399.68,,,,,
2017-07-18,12.528,12.528,12.528,12.528,100,1252.8,,,,,
2017-07-19,11.409,11.409,11.409,11.409,100,1140.9,,,,,
2017-07-20,12.304,12.304,10.898,12.113,5040,61049.52,,,,,
2017-07-21,12.304,12.304,11.058,12.113,1100,13324.3,,,,,
2017-07-24,11.026,12.049,11.026,12.049,200,2409.8,,,,,
2017-07-25,10.898,11.921,10.866,11.921,4860,57936.06,,,,,
2017-07-26,12.145,12.304,11.026,12.304,2800,34451.200000000004,,,,,
2017-07-27,11.985,12.4,11.825,12.272,1440,17671.68,,,,,
2017-07-28,12.24,12.944,11.186,12.944,8100,104846.4,,,,,
2017-07-31,11.729,14.222,11.697,14.126,7000,98882.0,,,,,
2017-08-01,12.752,14.158,12.752,14.062,400,5624.8,,,,,
2017-08-02,12.656,12.656,12.656,12.656,1100,13921.6,,,,,
2017-08-03,11.441,12.145,11.441,12.145,300,3643.5,,,,,
2017-08-04,12.432,12.432,12.432,12.432,200,2486.4,,,,,
2017-08-07,12.464,12.464,12.464,12.464,400,4985.6,,,,,
2017-08-08,12.145,12.145,12.145,12.145,200,2429.0,,,,,
2017-08-09,12.272,12.272,12.272,12.272,600,7363.2,,,,,
2017-08-10,12.081,12.081,12.081,12.081,200,2416.2,,,,,
2017-08-11,12.752,12.944,12.752,12.944,1100,14238.4,,,,,
2017-08-14,12.624,12.624,12.177,12.177,200,2435.4,,,,,
2017-08-15,12.944,12.944,12.912,12.912,500,6456.0,,,,,
2017-08-16,12.752,12.752,12.752,12.752,200,2550.4,,,,,
2017-08-17,11.825,12.656,11.825,12.592,1700,21406.4,,,,,
2017-08-18,11.569,11.569,11.569,11.569,200,2313.8,,,,,
2017-08-21,12.656,12.656,11.346,12.113,1100,13324.3,,,,,
2017-08-22,11.921,11.921,11.921,11.921,100,1192.1,,,,,
2017-08-23,11.921,11.921,11.921,11.921,200,2384.2,,,,,
2017-08-24,11.921,11.921,11.921,11.921,200,2384.2,,,,,
2017-08-25,11.921,11.921,11.921,11.921,300,3576.3,,,,,
2017-08-28,12.944,12.944,12.944,12.944,100,1294.4,,,,,
2017-08-29,12.944,12.944,12.944,12.944,0,0.0,,,,,
2017-08-30,11.889,12.624,11.665,12.624,2700,34084.8,,,,,
2017-08-31,12.976,13.263,12.56,12.624,1000,12624.0,,,,,
2017-09-01,12.624,12.624,12.624,12.624,200,2524.8,,,,,
2017-09-05,12.145,12.145,11.825,11.825,200,2365.0,,,,,
2017-09-06,12.528,12.656,11.601,11.601,1300,15081.3,,,,,
2017-09-07,12.208,12.208,12.208,12.208,100,1220.8,,,,,
2017-09-08,11.889,12.113,11.889,12.113,1200,14535.6,,,,,
2017-09-11,12.944,12.944,12.624,12.624,360,4544.64,,,,,
2017-09-12,12.624,12.624,12.624,12.624,0,0.0,,,,,
2017-09-13,12.688,12.688,12.688,12.688,200,2537.6,,,,,
2017-09-14,12.688,12.688,12.688,12.688,100,1268.8,,,,,
2017-09-15,12.688,12.688,12.688,12.688,0,0.0,,,,,
2017-09-18,12.304,12.592,12.304,12.592,500,6296.0,,,,,
2017-09-19,12.528,12.528,12.528,12.528,100,1252.8,,,,,
2017-09-20,12.72,12.944,12.72,12.944,200,2588.8,,,,,
2017-09-21,13.103,13.103,13.103,13.103,110,1441.33,,,,,
2017-09-22,13.167,13.743,12.464,13.039,1100,14342.9,,,,,
2017-09-25,12.944,12.944,12.944,12.944,100,1294.4,,,,,
2017-09-26,12.944,12.944,12.177,12.177,400,4870.8,,,,,
2017-09-27,12.944,12.944,12.72,12.72,200,2544.0,,,,,
2017-09-28,12.944,13.423,12.145,12.912,1100,14203.2,,,,,
2017-09-29,13.327,13.327,13.327,13.327,100,1332.7,,,,,
2017-10-02,13.103,13.359,12.081,13.199,600,7919.4,,,,,
2017-10-03,13.007,13.007,13.007,13.007,300,3902.1,,,,,
2017-10-04,12.177,12.177,12.177,12.177,100,1217.7,,,,,
2017-10-05,12.912,12.912,12.912,12.912,100,1291.2,,,,,
2017-10-06,12.049,12.049,12.049,12.049,200,2409.8,,,,,
2017-10-09,12.944,12.944,12.944,12.944,100,1294.4,,,,,
2017-10-10,13.103,14.03,13.103,14.03,400,5612.0,,,,,
2017-10-11,14.126,15.181,14.126,15.181,500,7590.5,,,,,
2017-10-12,13.679,13.679,13.679,13.679,200,2735.8,,,,,
2017-10-13,13.551,13.551,13.551,13.551,200,2710.2,,,,,
2017-10-16,13.615,14.382,13.615,14.382,400,5752.8,,,,,
2017-10-17,12.944,13.743,12.944,12.944,600,7766.400000000001,,,,,
2017-10-18,13.583,13.583,13.583,13.583,100,1358.3,,,,,
2017-10-19,13.583,13.583,13.583,13.583,0,0.0,,,,,
2017-10-20,13.583,13.583,13.583,13.583,60,814.98,,,,,
2017-10-23,13.647,14.701,13.647,14.701,400,5880.400000000001,,,,,
2017-10-24,14.701,14.701,14.701,14.701,0,0.0,,,,,
2017-10-25,13.231,14.382,13.231,13.711,700,9597.7,,,,,
2017-10-26,12.784,12.784,12.784,12.784,300,3835.2,,,,,
2017-10-27,13.615,13.615,13.615,13.615,100,1361.5,,,,,
2017-10-30,13.679,14.062,13.679,14.062,400,5624.8,,,,,
2017-10-31,14.03,14.382,14.03,14.382,500,7191.0,,,,,
2017-11-01,13.27,14.708,13.074,14.218,570,8104.26,,,,,
2017-11-02,13.695,13.695,13.695,13.695,300,4108.5,,,,,
2017-11-03,13.695,13.695,13.695,13.695,0,0.0,,,,,
2017-11-06,13.695,13.695,13.695,13.695,0,0.0,,,,,
2017-11-07,13.564,13.564,13.564,13.564,200,2712.8,,,,,
2017-11-08,13.564,13.564,13.564,13.564,300,4069.2,,,,,
2017-11-09,13.564,13.564,13.564,13.564,0,0.0,,,,,
2017-11-10,14.643,14.643,14.643,14.643,500,7321.5,,,,,
2017-11-13,13.695,13.695,13.695,13.695,300,4108.5,,,,,
2017-11-14,13.956,13.956,13.956,13.956,100,1395.6,,,,,
2017-11-15,13.728,13.728,13.728,13.728,200,2745.6,,,,,
2017-11-16,14.055,14.708,13.074,14.381,600,8628.6,,,,,
2017-11-17,14.708,14.708,14.218,14.218,325,4620.85,,,,,
2017-11-20,14.708,14.708,14.708,14.708,100,1470.8,,,,,
2017-11-21,13.27,14.381,13.27,13.891,690,9584.79,,,,,
2017-11-22,13.793,13.793,13.793,13.793,100,1379.3,,,,,
2017-11-23,14.022,14.381,13.989,13.989,400,5595.6,,,,,
2017-11-24,14.185,14.185,13.662,13.662,200,2732.4,,,,,
2017-11-27,14.316,14.316,14.316,14.316,400,5726.400000000001,,,,,
2017-11-28,13.107,13.728,13.074,13.074,600,7844.4,,,,,
2017-11-29,14.055,14.055,13.662,13.662,300,4098.6,,,,,
2017-11-30,14.022,14.708,13.728,14.381,1800,25885.8,,,,,
2017-12-01,14.676,14.676,13.107,14.316,1800,25768.800000000003,,,,,
2017-12-04,13.107,13.891,13.074,13.891,1220,16947.02,,,,,
2017-12-05,14.381,14.381,14.349,14.349,615,8824.635,,,,,
2017-12-06,13.989,13.989,13.989,13.989,190,2657.9100000000003,,,,,
2017-12-07,13.237,14.283,13.237,14.283,300,4284.9,,,,,
2017-12-08,13.27,13.662,13.27,13.63,745,10154.35,,,,,
2017-12-11,13.564,13.564,13.564,13.564,100,1356.4,,,,,
2017-12-12,13.956,13.956,13.956,13.956,200,2791.2,,,,,
2017-12-13,12.747,13.695,12.747,13.695,400,5478.0,,,,,
2017-12-14,13.63,13.63,13.63,13.63,100,1363.0,,,,,
2017-12-15,13.63,13.63,13.63,13.63,0,0.0,,,,,
2017-12-18,13.858,14.022,13.793,13.793,400,5517.2,,,,,
2017-12-19,14.316,14.316,14.316,14.316,200,2863.2000000000003,,,,,
2017-12-20,14.022,14.022,14.022,14.022,100,1402.2,,,,,
2017-12-21,13.956,13.956,13.956,13.956,100,1395.6,,,,,
2017-12-22,13.956,13.956,13.956,13.956,200,2791.2,,,,,
2017-12-25,14.153,14.153,14.153,14.153,200,2830.6,,,,,
2017-12-26,13.989,13.989,13.989,13.989,115,1608.735,,,,,
2017-12-27,13.989,13.989,13.989,13.989,0,0.0,,,,,
2017-12-28,14.545,14.545,14.545,14.545,2000,29090.0,,,,,
2017-12-29,14.545,15.689,14.545,15.689,200,3137.8,,,,,
2018-01-02,16.016,16.342,16.016,16.342,205,3350.11,,,,,
2018-01-03,17.323,17.323,14.708,16.833,600,10099.8,,,,,
2018-01-04,16.833,16.833,16.833,16.833,0,0.0,,,,,
2018-01-05,16.637,16.637,16.637,16.637,100,1663.7,,,,,
2018-01-08,16.31,16.31,16.31,16.31,100,1630.9999999999998,,,,,
2018-01-09,16.277,16.277,16.277,16.277,100,1627.7,,,,,
2018-01-10,16.277,16.277,16.277,16.277,100,1627.7,,,,,
2018-01-11,15.656,15.656,15.656,15.656,100,1565.6,,,,,
2018-01-12,16.342,16.342,14.153,14.153,300,4245.900000000001,,,,,
2018-01-15,15.525,15.525,15.525,15.525,100,1552.5,,,,,
2018-01-16,16.342,16.342,16.342,16.342,110,1797.62,,,,,
2018-01-17,15.656,15.656,15.329,15.329,204,3127.116,,,,,
2018-01-18,16.342,16.342,13.858,13.891,1400,19447.4,,,,,
2018-01-19,15.035,15.035,15.035,15.035,200,3007.0,,,,,
2018-01-22,13.728,15.035,13.564,14.676,700,10273.2,,,,,
2018-01-23,13.662,14.937,13.63,14.806,600,8883.6,,,,,
2018-01-24,14.774,14.774,14.774,14.774,200,2954.8,,,,,
2018-01-25,15.983,15.983,15.983,15.983,700,11188.1,,,,,
2018-01-26,14.414,14.414,14.414,14.414,100,1441.4,,,,,
2018-01-29,14.643,14.643,14.643,14.643,100,1464.3000000000002,,,,,
2018-01-30,14.839,15.362,14.839,15.362,300,4608.6,,,,,
2018-01-31,15.362,15.689,15.362,15.591,1156,18023.196,,,,,
2018-02-01,15.591,15.591,15.591,15.591,0,0.0,,,,,
2018-02-02,15.558,15.558,15.558,15.558,300,4667.4,,,,,
2018-02-05,15.329,15.329,15.329,15.329,100,1532.9,,,,,
2018-02-06,15.329,16.179,15.329,16.179,200,3235.8,,,,,
2018-02-07,14.708,15.362,14.708,15.362,500,7681.0,,,,,
2018-02-08,16.016,16.016,14.97,14.97,200,2994.0,,,,,
2018-02-09,14.708,15.689,14.708,15.689,900,14120.1,,,,,
2018-02-12,15.656,15.656,15.656,15.656,100,1565.6,,,,,
2018-02-13,14.218,15.689,14.218,15.689,400,6275.6,,,,,
2018-02-21,15.493,15.493,15.493,15.493,100,1549.3,,,,,
2018-02-22,15.329,15.329,15.329,15.329,100,1532.9,,,,,
2018-02-23,15.689,15.689,15.689,15.689,200,3137.8,,,,,
2018-02-26,15.493,15.493,15.493,15.493,100,1549.3,,,,,
2018-02-27,15.362,16.996,15.362,16.996,1800,30592.8,,,,,
2018-02-28,17.65,17.65,16.898,16.898,1700,28726.6,,,,,
2018-03-01,15.689,15.689,15.656,15.656,320,5009.92,,,,,
2018-03-02,15.656,15.656,15.656,15.656,336,5260.416,,,,,
2018-03-05,15.689,15.689,15.002,15.002,200,3000.4,,,,,
2018-03-06,15.002,15.002,15.002,15.002,100,1500.2,,,,,
2018-03-07,14.872,14.872,14.872,14.872,100,1487.2,,,,,
2018-03-08,15.035,15.035,15.035,15.035,200,3007.0,,,,,
2018-03-09,16.114,16.114,16.114,16.114,100,1611.4,,,,,
2018-03-12,16.016,16.016,16.016,16.016,100,1601.6,,,,,
2018-03-13,15.035,15.689,15.035,15.689,300,4706.7,,,,,
2018-03-14,15.525,15.525,15.525,15.525,100,1552.5,,,,,
2018-03-15,15.852,15.852,15.852,15.852,100,1585.2,,,,,
2018-03-16,15.852,15.852,15.852,15.852,0,0.0,,,,,
2018-03-19,15.035,15.035,15.035,15.035,100,1503.5,,,,,
2018-03-20,14.708,14.708,14.708,14.708,100,1470.8,,,,,
2018-03-21,14.381,14.381,14.381,14.381,100,1438.1,,,,,
2018-03-22,15.035,15.689,15.035,15.689,2611,40963.979,,,,,
2018-03-23,15.362,15.362,15.035,15.035,8500,127797.5,,,,,
2018-03-26,15.1,15.1,15.035,15.035,900,13531.5,,,,,
2018-03-27,14.708,15.329,14.708,15.329,2300,35256.700000000004,,,,,
2018-03-28,15.362,15.362,15.133,15.133,500,7566.5,,,,,
2018-03-29,15.199,16.637,15.199,16.342,6200,101320.4,,,,,
2018-03-30,17.977,17.977,16.996,17.813,34811,620088.343,,,,,
2018-04-02,18.63,18.63,16.898,16.898,3600,60832.8,,,,,
2018-04-03,17.16,17.16,16.342,16.375,1300,21287.5,,,,,
2018-04-04,16.342,16.996,16.016,16.931,2750,46560.25,,,,,
2018-04-05,16.016,16.931,16.016,16.833,1700,28616.1,,,,,
2018-04-06,16.898,16.898,16.179,16.8,800,13440.0,,,,,
2018-04-09,16.8,16.8,16.735,16.735,400,6694.0,,,,,
2018-04-10,15.558,16.702,15.558,16.702,500,8351.0,,,,,
2018-04-11,16.016,16.506,15.852,16.506,1300,21457.8,,,,,
2018-04-12,15.689,16.342,15.362,16.342,1700,27781.4,,,,,
2018-04-13,15.068,16.539,15.035,16.539,2700,44655.3,,,,,
2018-04-16,16.539,16.539,16.539,16.539,0,0.0,,,,,
2018-04-17,16.539,16.539,16.539,16.539,0,0.0,,,,,
2018-04-18,15.362,15.983,15.362,15.983,630,10069.29,,,,,
2018-04-19,16.016,16.016,14.774,15.918,1326,21107.268,,,,,
2018-04-20,15.95,15.95,14.872,15.852,600,9511.2,,,,,
2018-04-23,15.362,15.656,14.479,15.656,900,14090.4,,,,,
2018-04-24,15.82,15.82,15.689,15.82,300,4746.0,,,,,
2018-04-26,14.61,15.787,14.61,15.787,1200,18944.4,,,,,
2018-04-27,15.689,17.323,15.035,17.29,3600,62244.0,,,,,
2018-05-02,15.787,16.604,15.623,16.604,1400,23245.6,,,,,
2018-05-03,15.362,15.362,15.199,15.199,500,7599.5,,,,,
2018-05-04,15.983,15.983,15.1,15.199,900,13679.1,,,,,
2018-05-07,15.199,15.82,15.199,15.82,500,7910.0,,,,,
2018-05-08,15.035,15.754,15.035,15.754,500,7877.0,,,,,
2018-05-09,15.035,15.656,15.035,15.656,300,4696.8,,,,,
2018-05-10,15.068,15.623,15.068,15.623,200,3124.6,,,,,
2018-05-11,15.035,15.591,15.035,15.591,200,3118.2,,,,,
2018-05-14,15.035,15.754,15.035,15.754,560,8822.24,,,,,
2018-05-15,15.199,15.623,15.035,15.623,300,4686.9,,,,,
2018-05-16,15.591,15.591,15.591,15.591,100,1559.1,,,,,
2018-05-17,15.358,15.691,15.358,15.691,200,3138.2000000000003,,,,,
2018-05-18,15.691,15.691,15.691,15.691,0,0.0,,,,,
2018-05-21,15.691,15.691,15.691,15.691,0,0.0,,,,,
2018-05-22,15.691,15.691,15.691,15.691,0,0.0,,,,,
2018-05-23,14.356,15.525,14.356,15.525,1000,15525.0,,,,,
2018-05-24,15.525,15.525,15.525,15.525,0,0.0,,,,,
2018-05-25,15.491,15.491,15.491,15.491,206,3191.146,,,,,
2018-05-28,15.024,15.291,14.056,15.291,1200,18349.2,,,,,
2018-05-29,15.291,15.291,15.291,15.291,0,0.0,,,,,
2018-05-30,15.291,15.291,15.291,15.291,0,0.0,,,,,
2018-05-31,15.291,15.291,15.291,15.291,0,0.0,,,,,
2018-06-01,15.291,15.291,15.291,15.291,0,0.0,,,,,
2018-06-04,15.291,15.291,15.291,15.291,0,0.0,,,,,
2018-06-05,15.291,15.291,15.291,15.291,0,0.0,,,,,
2018-06-06,15.291,15.291,15.291,15.291,0,0.0,,,,,
2018-06-07,15.291,15.291,15.291,15.291,0,0.0,,,,,
2018-06-08,15.291,15.291,15.291,15.291,0,0.0,,,,,
2018-06-11,15.291,15.291,15.291,15.291,0,0.0,,,,,
2018-06-12,15.291,15.291,15.291,15.291,0,0.0,,,,,
2018-06-13,15.291,15.291,15.291,15.291,0,0.0,,,,,
2018-06-14,15.291,15.291,15.291,15.291,0,0.0,,,,,
2018-06-15,15.291,15.291,15.291,15.291,0,0.0,,,,,
2018-06-18,15.324,15.324,15.324,15.324,200,3064.8,,,,,
2018-06-19,15.324,16.493,15.324,15.358,1240,19043.92,,,,,
2018-06-20,15.858,15.858,15.858,15.858,100,1585.8,,,,,
2018-06-21,16.192,16.192,16.192,16.192,100,1619.2,,,,,
2018-06-22,16.693,16.693,16.693,16.693,100,1669.3000000000002,,,,,
2018-06-25,16.693,16.693,16.693,16.693,0,0.0,,,,,
2018-06-26,16.693,16.693,16.693,16.693,0,0.0,,,,,
2018-06-27,16.693,16.693,16.693,16.693,0,0.0,,,,,
2018-06-28,16.693,16.693,16.693,16.693,0,0.0,,,,,
2018-06-29,18.028,18.028,18.028,18.028,110,1983.08,,,,,
2018-07-02,18.028,18.028,18.028,18.028,10,180.28,,,,,
2018-07-03,18.028,18.028,18.028,18.028,0,0.0,,,,,
2018-07-04,18.028,18.028,18.028,18.028,0,0.0,,,,,
2018-07-05,18.028,18.028,18.028,18.028,0,0.0,,,,,
2018-07-06,18.028,18.028,18.028,18.028,4,72.112,,,,,
2018-07-09,18.028,18.028,18.028,18.028,0,0.0,,,,,
2018-07-10,18.696,18.696,18.696,18.696,100,1869.6,,,,,
2018-07-11,18.696,18.696,18.696,18.696,10,186.96,,,,,
2018-07-12,18.696,18.696,18.696,18.696,0,0.0,,,,,
2018-07-13,18.696,18.696,18.696,18.696,0,0.0,,,,,
2018-07-16,18.696,18.696,18.696,18.696,0,0.0,,,,,
2018-07-17,18.696,18.696,18.696,18.696,0,0.0,,,,,
2018-07-18,18.696,18.696,18.696,18.696,0,0.0,,,,,
2018-07-19,16.827,16.827,16.827,16.827,3000,50481.00000000001,,,,,
2018-07-20,16.827,16.827,16.827,16.827,0,0.0,,,,,
2018-07-23,16.827,16.827,16.827,16.827,0,0.0,,,,,
2018-07-24,16.827,16.827,16.827,16.827,0,0.0,,,,,
2018-07-25,16.66,16.66,16.66,16.66,100,1666.0,,,,,
2018-07-26,15.358,16.526,15.358,16.192,600,9715.2,,,,,
2018-07-27,16.827,16.827,16.827,16.827,100,1682.7000000000005,,,,,
2018-07-30,15.358,16.827,15.358,16.827,1700,28605.9,,,,,
2018-07-31,15.358,15.691,15.358,15.691,700,10983.7,,,,,
2018-08-01,15.024,15.625,15.024,15.625,200,3125.0,,,,,
2018-08-02,14.222,15.358,14.222,15.358,600,9214.8,,,,,
2018-08-03,15.358,15.358,15.358,15.358,0,0.0,,,,,
2018-08-06,14.69,15.191,14.69,15.191,500,7595.5,,,,,
2018-08-07,15.191,15.191,15.191,15.191,0,0.0,,,,,
2018-08-08,15.191,15.191,15.191,15.191,0,0.0,,,,,
2018-08-09,14.957,14.957,14.69,14.69,500,7345.0,,,,,
2018-08-10,15.491,15.491,14.656,14.656,600,8793.6,,,,,
2018-08-13,14.69,15.525,14.69,15.525,700,10867.5,,,,,
2018-08-14,14.69,15.358,14.69,15.358,200,3071.6,,,,,
2018-08-15,15.358,15.358,15.358,15.358,0,0.0,,,,,
2018-08-16,15.358,15.358,15.358,15.358,0,0.0,,,,,
2018-08-17,15.024,15.024,15.024,15.024,100,1502.4,,,,,
2018-08-20,15.024,15.024,15.024,15.024,1200,18028.8,,,,,
2018-08-21,15.024,15.191,15.024,15.057,5300,79802.1,,,,,
2018-08-22,15.057,15.057,15.057,15.057,1000,15057.0,,,,,
2018-08-23,15.024,15.024,15.024,15.024,1900,28545.6,,,,,
2018-08-24,15.024,15.024,15.024,15.024,0,0.0,,,,,
2018-08-27,14.99,14.99,14.99,14.99,1000,14990.0,,,,,
2018-08-28,16.359,16.359,16.359,16.359,100,1635.9,,,,,
2018-08-29,17.862,17.862,15.057,15.992,1700,27186.4,,,,,
2018-08-30,16.359,16.359,14.523,14.69,2100,30849.0,,,,,
2018-08-31,16.092,16.092,14.69,14.69,3300,48477.0,,,,,
2018-09-04,14.69,14.69,14.69,14.69,5800,85202.0,,,,,
2018-09-05,13.688,14.69,13.388,14.69,1200,17628.0,,,,,
2018-09-06,13.855,14.49,13.354,13.354,4000,53416.0,,,,,
2018-09-07,14.356,14.356,12.72,14.289,13500,192901.5,,,,,
2018-09-10,15.691,15.691,14.289,15.691,313700,4922266.7,,,,,
2018-09-11,17.261,17.261,16.359,16.526,100707,1664283.882,,,,,
2018-09-12,16.693,16.693,15.358,15.558,70400,1095283.2,,,,,
2018-09-13,15.558,15.691,14.723,15.691,71800,1126613.8,,,,,
2018-09-14,15.525,15.691,14.957,15.458,52900,817728.2,,,,,
2018-09-17,15.458,15.458,15.024,15.324,90500,1386822.0,,,,,
2018-09-18,15.358,15.358,14.957,15.324,79750,1222089.0,,,,,
2018-09-19,15.324,15.358,14.89,15.191,102630,1559052.33,,,,,
2018-09-20,16.689,16.689,14.38,14.745,48720,718376.3999999999,,,,,
2018-09-21,15.393,15.393,13.772,14.299,9890,141417.11,,,,,
2018-09-24,14.38,14.38,12.881,13.57,72400,982468.0,,,,,
2018-09-25,13.448,13.448,12.8,12.881,58400,752250.4,,,,,
2018-09-26,12.8,12.8,12.355,12.679,32600,413335.4,,,,,
2018-09-27,12.557,12.76,12.557,12.76,16517,210756.92,,,,,
2018-09-28,12.557,13.732,12.557,13.732,26653,365998.996,,,,,
2018-10-01,12.962,13.732,12.962,13.408,11650,156203.19999999998,,,,,
2018-10-02,13.691,13.732,13.367,13.367,7017,93796.239,,,,,
2018-10-03,13.246,13.408,13.165,13.286,6700,89016.2,,,,,
2018-10-04,13.367,13.367,13.043,13.367,8700,116292.9,,,,,
2018-10-05,13.286,13.327,12.962,13.205,7910,104451.55,,,,,
2018-10-08,12.962,13.165,12.638,12.841,7600,97591.6,,,,,
2018-10-09,12.922,13.003,12.881,13.003,3800,49411.4,,,,,
2018-10-10,12.962,13.084,12.8,12.841,4600,59068.6,,,,,
2018-10-11,12.962,12.962,12.152,12.152,8900,108152.8,,,,,
2018-10-12,12.355,12.557,12.152,12.557,8100,101711.7,,,,,
2018-10-15,12.557,12.557,12.152,12.476,4200,52399.2,,,,,
2018-10-16,12.152,12.517,12.152,12.476,2900,36180.4,,,,,
2018-10-17,12.152,12.395,12.152,12.395,5445,67490.775,,,,,
2018-10-18,12.395,12.476,12.274,12.274,2542,31200.508,,,,,
2018-10-19,12.274,12.274,12.152,12.274,4100,50323.4,,,,,
2018-10-22,12.314,12.314,12.233,12.233,2600,31805.800000000003,,,,,
2018-10-23,12.233,12.233,12.112,12.112,3242,39267.104,,,,,
2018-10-24,12.152,12.274,11.342,11.342,9100,103212.2,,,,,
2018-10-25,11.585,11.95,11.545,11.747,10650,125105.55,,,,,
2018-10-26,12.112,12.517,11.747,11.747,2900,34066.3,,,,,
2018-10-29,11.747,11.95,11.585,11.95,1800,21510.0,,,,,
2018-10-30,11.95,11.95,11.585,11.585,900,10426.5,,,,,
2018-10-31,11.95,11.95,11.909,11.95,1100,13145.0,,,,,
2018-11-01,11.747,11.95,11.747,11.95,10950,130852.5,,,,,
2018-11-02,11.95,11.95,11.585,11.585,4400,50974.00000000001,,,,,
2018-11-05,11.747,11.747,11.747,11.747,200,2349.4,,,,,
2018-11-06,12.152,12.193,11.747,11.747,425,4992.475,,,,,
2018-11-07,11.788,11.788,11.545,11.626,2125,24705.25,,,,,
2018-11-08,11.95,11.95,11.545,11.545,14200,163939.0,,,,,
2018-11-09,11.545,11.545,11.383,11.545,700,8081.5,,,,,
2018-11-12,11.504,11.504,11.504,11.504,400,4601.599999999999,,,,,
2018-11-13,11.383,11.545,11.383,11.545,300,3463.5,,,,,
2018-11-14,11.342,11.585,11.342,11.585,4200,48657.0,,,,,
2018-11-15,11.909,11.909,11.423,11.504,1300,14955.2,,,,,
2018-11-16,11.383,11.504,11.342,11.504,1000,11504.0,,,,,
2018-11-19,11.018,11.302,10.734,11.302,1600,18083.2,,,,,
2018-11-20,11.747,11.747,11.383,11.383,3700,42117.1,,,,,
2018-11-21,11.383,11.423,11.342,11.423,1100,12565.3,,,,,
2018-11-22,11.383,11.383,11.261,11.383,1660,18895.78,,,,,
2018-11-23,10.937,11.383,10.937,11.383,1000,11383.0,,,,,
2018-11-26,11.383,11.383,11.383,11.383,125,1422.875,,,,,
2018-11-27,11.383,11.383,11.342,11.342,700,7939.400000000001,,,,,
2018-11-28,11.302,11.302,10.613,10.856,4600,49937.6,,,,,
2018-11-29,10.937,11.302,10.937,11.302,615,6950.73,,,,,
2018-11-30,10.937,11.342,10.937,11.302,2420,27350.84,,,,,
2018-12-03,11.139,11.302,11.099,11.221,3100,34785.1,,,,,
2018-12-04,11.221,11.221,11.221,11.221,0,0.0,,,,,
2018-12-05,11.139,11.139,11.018,11.099,700,7769.3,,,,,
2018-12-06,10.977,10.977,10.937,10.977,1200,13172.4,,,,,
2018-12-07,10.937,10.977,10.937,10.937,5100,55778.7,,,,,
2018-12-10,10.937,11.139,10.937,11.139,1300,14480.7,,,,,
2018-12-11,11.139,11.139,11.139,11.139,0,0.0,,,,,
2018-12-12,10.937,11.018,10.937,10.977,7400,81229.8,,,,,
2018-12-13,11.099,11.099,10.896,10.937,2700,29529.9,,,,,
2018-12-14,10.896,10.896,10.896,10.896,1100,11985.6,,,,,
2018-12-17,10.572,10.572,10.572,10.572,500,5286.0,,,,,
2018-12-18,10.451,10.856,10.451,10.532,6800,71617.6,,,,,
2018-12-19,10.532,10.532,10.41,10.451,3500,36578.5,,,,,
2018-12-20,10.451,10.451,10.451,10.451,0,0.0,,,,,
2018-12-21,10.451,10.451,10.451,10.451,400,4180.400000000001,,,,,
2018-12-24,10.127,10.167,10.127,10.127,1100,11139.7,,,,,
2018-12-25,10.127,10.127,9.843,10.046,2100,21096.6,,,,,
2018-12-26,10.127,10.127,9.722,9.965,500,4982.5,,,,,
2018-12-27,10.127,10.127,10.127,10.127,1800,18228.6,,,,,
2018-12-28,10.167,10.167,9.722,9.762,700,6833.400000000001,,,,,
2019-01-02,9.641,9.641,9.195,9.317,8100,75467.7,,,,,
2019-01-03,9.317,9.317,9.317,9.317,7010,65312.17,,,,,
2019-01-04,9.195,9.317,9.195,9.317,1300,12112.1,,,,,
2019-01-07,9.236,9.236,8.912,8.952,5610,50220.72,,,,,
2019-01-08,8.952,8.952,8.952,8.952,0,0.0,,,,,
2019-01-09,9.276,9.276,9.074,9.074,600,5444.4,,,,,
2019-01-10,9.074,9.074,9.074,9.074,270,2449.98,,,,,
2019-01-11,9.074,9.074,8.912,9.033,1040,9394.32,,,,,
2019-01-14,8.709,9.114,8.547,9.114,600,5468.400000000001,,,,,
2019-01-15,8.912,8.912,8.912,8.912,300,2673.6000000000004,,,,,
2019-01-16,9.114,9.114,8.912,8.912,1700,15150.4,,,,,
2019-01-17,8.912,9.317,8.912,9.317,5300,49380.1,,,,,
2019-01-18,9.317,9.317,9.317,9.317,1100,10248.7,,,,,
2019-01-21,9.114,9.195,9.114,9.114,2300,20962.2,,,,,
2019-01-22,8.952,8.952,8.912,8.952,3400,30436.8,,,,,
2019-01-23,8.912,8.912,8.709,8.912,1800,16041.600000000002,,,,,
2019-01-24,8.912,8.912,8.912,8.912,1000,8912.0,,,,,
2019-01-25,8.912,9.114,8.912,9.114,3800,34633.200000000004,,,,,
2019-01-28,8.912,8.912,8.912,8.912,1100,9803.2,,,,,
2019-01-29,8.912,8.912,8.912,8.912,400,3564.8,,,,,
2019-01-30,8.912,8.912,8.912,8.912,0,0.0,,,,,
2019-01-31,8.912,8.912,8.912,8.912,0,0.0,,,,,
2019-02-01,9.114,9.114,9.114,9.114,100,911.4,,,,,
2019-02-11,9.114,9.114,9.114,9.114,0,0.0,,,,,
2019-02-12,9.155,9.317,9.155,9.236,1800,16624.800000000003,,,,,
2019-02-13,9.236,9.236,9.236,9.236,4400,40638.4,,,,,
2019-02-14,9.236,9.236,9.236,9.236,200,1847.2,,,,,
2019-02-15,8.628,9.195,8.628,9.195,800,7356.0,,,,,
2019-02-18,8.912,9.155,8.912,9.155,6200,56760.99999999999,,,,,
2019-02-19,9.155,9.195,9.155,9.195,407,3742.365,,,,,
2019-02-20,9.195,9.236,9.195,9.236,2000,18472.0,,,,,
2019-02-21,9.236,9.236,9.033,9.033,800,7226.4,,,,,
2019-02-22,8.912,9.114,8.912,9.114,1800,16405.2,,,,,
2019-02-25,9.236,9.236,8.993,9.033,3400,30712.2,,,,,
2019-02-26,8.993,9.236,8.993,9.195,1000,9195.0,,,,,
2019-02-27,9.236,9.236,8.79,9.195,2800,25746.0,,,,,
2019-02-28,9.195,10.086,9.195,9.641,3207,30918.687,,,,,
2019-03-01,9.641,9.641,9.641,9.641,800,7712.8,,,,,
2019-03-04,9.641,9.641,9.641,9.641,1000,9641.0,,,,,
2019-03-05,9.641,9.924,9.641,9.681,6000,58085.99999999999,,,,,
2019-03-06,9.722,9.924,9.722,9.924,7300,72445.2,,,,,
2019-03-07,10.856,10.856,10.127,10.329,2600,26855.4,,,,,
2019-03-08,10.329,10.329,10.289,10.289,1300,13375.7,,,,,
2019-03-11,10.329,10.329,10.289,10.329,3600,37184.4,,,,,
2019-03-12,10.653,10.653,10.532,10.653,2200,23436.6,,,,,
2019-03-13,10.896,11.707,10.896,11.707,11700,136971.9,,,,,
2019-03-14,11.707,12.517,11.585,12.517,22000,275374.0,,,,,
2019-03-15,12.517,13.691,12.517,12.679,18800,238365.2,,,,,
2019-03-18,13.286,13.367,12.598,13.286,9440,125419.84,,,,,
2019-03-19,12.76,13.286,12.557,13.286,13301,176717.08599999998,,,,,
2019-03-20,12.355,13.286,12.071,13.286,3509,46620.574,,,,,
2019-03-21,12.193,12.193,11.99,12.031,3900,46920.9,,,,,
2019-03-22,11.99,13.205,10.937,13.165,16830,221566.95,,,,,
2019-03-25,11.95,13.165,11.869,13.124,14620,191872.88,,,,,
2019-03-26,11.828,13.124,11.828,11.909,21640,257710.76,,,,,
2019-03-27,12.962,12.962,12.962,12.962,100,1296.2,,,,,
2019-03-28,12.355,12.355,11.788,12.152,2700,32810.4,,,,,
2019-03-29,12.557,12.557,10.937,12.274,11800,144833.19999999998,,,,,
2019-04-01,11.139,12.922,11.058,11.058,8000,88464.0,,,,,
2019-04-02,11.139,11.139,10.775,10.856,7002,76013.712,,,,,
2019-04-03,10.856,10.856,10.532,10.613,4800,50942.4,,,,,
2019-04-04,10.613,10.694,10.613,10.694,1100,11763.4,,,,,
2019-04-05,11.058,11.747,11.058,11.747,2029,23834.663,,,,,
2019-04-08,10.937,12.152,10.937,11.139,5000,55695.0,,,,,
2019-04-09,11.909,11.909,11.909,11.909,100,1190.9,,,,,
2019-04-10,11.828,11.909,11.747,11.909,2100,25008.9,,,,,
2019-04-11,11.869,11.909,11.869,11.909,3000,35727.0,,,,,
2019-04-12,11.869,11.869,11.099,11.099,1100,12208.9,,,,,
2019-04-16,11.545,11.545,11.18,11.18,1200,13416.0,,,,,
2019-04-17,11.545,11.828,11.18,11.18,1100,12298.0,,,,,
2019-04-18,11.707,11.707,11.261,11.261,1800,20269.8,,,,,
2019-04-19,11.585,11.707,11.585,11.666,921,10744.386,,,,,
2019-04-22,11.18,11.666,11.139,11.626,7500,87195.0,,,,,
2019-04-23,11.342,11.342,11.342,11.342,200,2268.4,,,,,
2019-04-24,11.666,11.666,11.585,11.626,1450,16857.7,,,,,
2019-04-25,11.585,12.76,11.585,12.598,8700,109602.6,,,,,
2019-04-26,12.557,12.557,11.95,11.95,3719,44442.05,,,,,
2019-05-02,12.152,12.152,12.152,12.152,6500,78988.0,,,,,
2019-05-03,12.557,12.557,12.355,12.395,600,7437.0,,,,,
2019-05-06,12.152,12.395,12.152,12.152,11190,135980.88,,,,,
2019-05-07,12.112,12.152,12.112,12.112,2510,30401.12,,,,,
2019-05-08,11.95,11.95,11.95,11.95,100,1195.0,,,,,
2019-05-09,12.152,12.152,11.788,11.788,600,7072.8,,,,,
2019-05-10,12.152,12.152,12.152,12.152,100,1215.1999999999998,,,,,
2019-05-13,12.517,12.517,12.112,12.112,1510,18289.12,,,,,
2019-05-14,11.99,11.99,11.95,11.95,600,7170.0,,,,,
2019-05-15,12.152,12.152,12.152,12.152,100,1215.1999999999998,,,,,
2019-05-16,12.071,12.071,12.071,12.071,201,2426.271,,,,,
2019-05-17,12.031,12.031,12.031,12.031,100,1203.1,,,,,
2019-05-20,11.788,11.788,11.747,11.747,500,5873.5,,,,,
2019-05-21,12.557,12.557,12.557,12.557,100,1255.7,,,,,
2019-05-22,12.557,13.772,11.747,11.747,1200,14096.4,,,,,
2019-05-23,12.557,12.557,11.747,11.788,2600,30648.8,,,,,
2019-05-24,12.152,12.152,12.152,12.152,2500,30380.0,,,,,
2019-05-27,12.112,12.152,12.071,12.152,5000,60759.99999999999,,,,,
2019-05-28,12.152,13.367,12.112,13.286,74920,995387.12,,,,,
2019-05-29,13.367,14.34,13.367,14.056,70440,990104.64,,,,,
2019-05-30,14.178,14.38,13.813,14.218,32010,455118.18,,,,,
2019-05-31,14.016,14.097,13.205,13.205,25620,338312.1,,,,,
2019-06-03,13.084,13.772,13.084,13.205,23400,308997.0,,,,,
2019-06-04,13.691,13.975,13.367,13.61,24600,334806.0,,,,,
2019-06-05,13.772,13.772,13.61,13.691,37600,514781.6,,,,,
2019-06-06,13.691,13.772,13.327,13.327,28300,377154.1,,,,,
2019-06-07,13.327,14.305,12.607,12.659,15180,192163.62,,,,,
2019-06-10,12.659,12.761,12.659,12.659,6500,82283.5,,,,,
2019-06-11,12.659,12.761,12.607,12.761,11860,151345.46,,,,,
2019-06-12,12.967,12.967,11.887,11.887,6400,76076.8,,,,,
2019-06-13,12.401,12.401,11.835,12.195,3500,42682.5,,,,,
2019-06-14,11.835,12.247,11.835,12.092,3100,37485.2,,,,,
2019-06-17,11.424,11.887,10.909,11.115,19190,213296.85,,,,,
2019-06-18,11.115,11.321,10.034,11.166,13400,149624.4,,,,,
2019-06-19,10.549,11.115,10.549,10.549,6700,70678.3,,,,,
2019-06-20,11.063,11.578,10.291,11.218,9300,104327.4,,,,,
2019-06-21,11.218,11.321,10.549,10.909,2700,29454.300000000003,,,,,
2019-06-24,11.269,11.269,10.909,10.909,1100,11999.9,,,,,
2019-06-25,10.909,10.909,10.703,10.755,5870,63131.850000000006,,,,,
2019-06-26,10.806,11.012,9.777,10.291,22100,227431.1,,,,,
2019-06-27,10.549,10.549,10.034,10.034,7400,74251.6,,,,,
2019-06-28,10.189,10.755,10.034,10.703,9540,102106.62,,,,,
2019-07-01,10.652,10.703,10.343,10.703,5659,60568.277,,,,,
2019-07-02,10.703,10.703,10.652,10.652,4300,45803.6,,,,,
2019-07-03,10.549,10.703,10.549,10.652,2641,28131.932,,,,,
2019-07-04,10.806,11.063,10.806,11.063,4400,48677.2,,,,,
2019-07-05,11.321,11.578,11.321,11.526,22110,254839.86,,,,,
2019-07-08,11.681,11.681,11.526,11.526,3700,42646.2,,,,,
2019-07-09,11.526,12.659,11.526,12.659,12800,162035.2,,,,,
2019-07-10,11.629,12.298,11.578,12.298,5125,63027.25,,,,,
2019-07-11,11.681,12.298,11.578,12.195,5010,61096.95,,,,,
2019-07-12,11.681,11.732,11.681,11.732,3210,37659.72,,,,,
2019-07-15,11.835,11.835,11.835,11.835,2900,34321.5,,,,,
2019-07-16,11.681,11.681,11.629,11.629,1400,16280.6,,,,,
2019-07-17,11.629,11.629,11.629,11.629,500,5814.5,,,,,
2019-07-18,11.578,11.578,11.424,11.424,368,4204.032,,,,,
2019-07-19,11.578,11.835,11.578,11.835,2820,33374.700000000004,,,,,
2019-07-22,11.835,11.938,11.835,11.938,4500,53721.0,,,,,
2019-07-23,11.835,11.835,11.578,11.578,2200,25471.6,,,,,
2019-07-24,11.578,11.578,11.578,11.578,100,1157.8,,,,,
2019-07-25,11.578,11.835,11.578,11.835,7049,83424.91500000001,,,,,
2019-07-26,11.578,11.938,11.578,11.835,1760,20829.6,,,,,
2019-07-29,11.938,11.938,11.835,11.835,4100,48523.5,,,,,
2019-07-30,11.835,11.835,11.835,11.835,8679,102715.965,,,,,
2019-07-31,11.835,11.835,11.784,11.835,1000,11835.0,,,,,
2019-08-01,11.784,11.835,11.166,11.835,3910,46274.850000000006,,,,,
2019-08-02,11.784,11.938,11.784,11.938,5700,68046.6,,,,,
2019-08-05,11.835,12.298,11.835,12.195,10437,127279.215,,,,,
2019-08-06,11.887,11.887,11.835,11.835,600,7101.000000000001,,,,,
2019-08-07,11.99,12.195,11.835,12.195,800,9756.0,,,,,
2019-08-08,11.887,12.195,11.887,12.195,10620,129510.9,,,,,
2019-08-09,12.195,12.298,12.195,12.247,12300,150638.1,,,,,
2019-08-12,13.379,13.379,12.298,13.07,6620,86523.40000000001,,,,,
2019-08-13,12.35,12.761,12.092,12.092,2400,29020.800000000003,,,,,
2019-08-14,12.092,12.092,12.092,12.092,5,60.46,,,,,
2019-08-15,11.887,12.607,11.887,12.092,1600,19347.2,,,,,
2019-08-16,12.35,12.35,12.092,12.092,6000,72552.0,,,,,
2019-08-19,12.092,12.144,12.092,12.092,3800,45949.6,,,,,
2019-08-20,12.092,12.144,11.887,12.144,1100,13358.4,,,,,
2019-08-21,12.298,13.122,11.938,12.607,6800,85727.59999999999,,,,,
2019-08-22,12.607,12.607,12.607,12.607,0,0.0,,,,,
2019-08-23,12.247,12.607,12.247,12.607,5830,73498.81,,,,,
2019-08-26,12.607,13.122,12.607,12.761,5510,70313.11,,,,,
2019-08-27,12.761,13.122,12.761,13.122,8676,113846.472,,,,,
2019-08-28,12.607,12.864,12.556,12.864,9400,120921.6,,,,,
2019-08-29,12.864,12.864,12.607,12.761,1600,20417.6,,,,,
2019-08-30,12.71,12.761,12.71,12.71,1000,12710.0,,,,,
2019-09-03,12.864,12.864,12.71,12.71,700,8897.0,,,,,
2019-09-04,12.71,12.71,12.092,12.092,4300,51995.600000000006,,,,,
2019-09-05,12.556,12.556,12.401,12.401,300,3720.3,,,,,
2019-09-06,12.556,12.607,12.092,12.092,1700,20556.4,,,,,
2019-09-09,12.298,12.35,12.195,12.195,6700,81706.5,,,,,
2019-09-10,12.635,12.635,12.086,12.086,9901,119663.486,,,,,
2019-09-11,12.36,12.36,12.36,12.36,1600,19776.0,,,,,
2019-09-12,12.58,12.635,12.086,12.086,8600,103939.6,,,,,
2019-09-13,12.36,12.36,12.086,12.086,17400,210296.4,,,,,
2019-09-16,12.086,12.086,11.811,11.866,8200,97301.2,,,,,
2019-09-17,11.976,12.36,11.976,11.976,8500,101796.0,,,,,
2019-09-18,11.976,12.086,11.976,12.086,11100,134154.6,,,,,
2019-09-19,12.086,12.086,12.031,12.031,6600,79404.6,,,,,
2019-09-20,11.976,11.976,11.976,11.976,101,1209.576,,,,,
2019-09-23,12.086,12.086,11.976,11.976,5930,71017.68000000001,,,,,
2019-09-24,12.086,12.086,12.086,12.086,2300,27797.8,,,,,
2019-09-25,12.086,12.086,11.921,11.976,3700,44311.2,,,,,
2019-09-26,12.086,12.086,12.086,12.086,2300,27797.8,,,,,
2019-09-27,11.976,12.031,11.811,12.031,4000,48124.0,,,,,
2019-09-30,12.031,12.031,11.701,11.701,3100,36273.1,,,,,
2019-10-01,11.756,11.811,11.701,11.701,3700,43293.7,,,,,
2019-10-02,11.701,11.701,11.536,11.536,4500,51912.0,,,,,
2019-10-03,12.086,12.086,12.086,12.086,100,1208.6,,,,,
2019-10-04,11.646,12.031,11.317,11.591,1900,22022.9,,,,,
2019-10-07,11.811,12.031,11.811,12.031,5300,63764.3,,,,,
2019-10-08,12.031,12.031,11.866,11.866,3300,39157.8,,,,,
2019-10-09,11.811,11.921,11.536,11.536,10000,115360.0,,,,,
2019-10-10,11.811,11.811,11.811,11.811,100,1181.1,,,,,
2019-10-11,11.811,11.811,11.591,11.591,1701,19716.291,,,,,
2019-10-14,11.866,11.866,11.591,11.591,7200,83455.2,,,,,
2019-10-15,12.031,12.031,11.591,11.591,10200,118228.2,,,,,
2019-10-16,11.591,11.866,11.591,11.811,800,9448.8,,,,,
2019-10-17,11.811,11.811,11.811,11.811,400,4724.4,,,,,
2019-10-18,12.086,12.086,11.536,11.646,7900,92003.4,,,,,
2019-10-21,11.921,12.086,11.921,12.086,5000,60430.0,,,,,
2019-10-22,11.976,11.976,11.646,11.646,10900,126941.4,,,,,
2019-10-23,11.701,12.086,11.701,11.701,1300,15211.3,,,,,
2019-10-24,11.701,11.701,11.701,11.701,300,3510.3,,,,,
2019-10-25,11.811,11.811,11.811,11.811,100,1181.1,,,,,
2019-10-28,11.646,11.701,11.646,11.701,1200,14041.2,,,,,
2019-10-29,11.701,11.866,11.701,11.811,4050,47834.55,,,,,
2019-10-30,11.756,11.756,11.756,11.756,100,1175.6,,,,,
2019-10-31,11.811,12.086,11.701,12.086,3300,39883.8,,,,,
2019-11-01,12.086,12.086,12.086,12.086,0,0.0,,,,,
2019-11-04,12.086,12.086,12.086,12.086,1100,13294.6,,,,,
2019-11-05,11.921,11.921,11.811,11.811,800,9448.8,,,,,
2019-11-06,11.811,11.811,11.811,11.811,300,3543.3,,,,,
2019-11-07,11.811,11.811,11.646,11.646,6200,72205.20000000001,,,,,
2019-11-08,11.646,11.646,11.536,11.646,10900,126941.4,,,,,
2019-11-11,11.536,11.646,11.536,11.646,1100,12810.6,,,,,
2019-11-12,11.646,11.646,11.646,11.646,3599,41913.954000000005,,,,,
2019-11-13,11.646,11.646,11.646,11.646,1200,13975.2,,,,,
2019-11-14,11.701,11.701,11.701,11.701,600,7020.6,,,,,
2019-11-15,11.591,11.591,11.536,11.536,1100,12689.6,,,,,
2019-11-18,11.317,11.536,11.262,11.317,7410,83858.97,,,,,
2019-11-19,11.536,11.536,11.536,11.536,2400,27686.4,,,,,
2019-11-20,11.536,11.756,11.536,11.756,2100,24687.6,,,,,
2019-11-21,11.591,11.646,11.591,11.646,700,8152.200000000001,,,,,
2019-11-22,11.756,12.8,11.756,12.8,21600,276480.0,,,,,
2019-11-25,13.734,14.008,13.459,13.679,35120,480406.48,,,,,
2019-11-26,13.789,13.844,13.459,13.679,21600,295466.4,,,,,
2019-11-27,13.734,14.997,13.679,14.997,98895,1483128.315,,,,,
2019-11-28,15.931,16.48,14.832,16.48,166827,2749308.96,,,,,
2019-11-29,16.755,17.469,15.382,15.876,47158,748680.4079999999,,,,,
2019-12-02,15.327,15.876,14.832,15.052,38200,574986.4,,,,,
2019-12-03,15.107,15.107,14.503,14.887,37500,558262.5,,,,,
2019-12-04,14.887,15.052,14.723,14.887,116344,1732013.128,,,,,
2019-12-05,14.887,14.887,14.503,14.503,43810,635376.43,,,,,
2019-12-06,14.502,14.847,14.157,14.778,21540,318318.12,,,,,
2019-12-09,14.847,14.847,14.502,14.709,6910,101639.19,,,,,
2019-12-10,14.502,14.502,14.157,14.157,8800,124581.6,,,,,
2019-12-11,14.226,14.226,13.811,13.811,10400,143634.4,,,,,
2019-12-12,13.811,13.88,12.983,13.742,45934,631225.028,,,,,
2019-12-13,13.742,13.742,13.328,13.328,7800,103958.4,,,,,
2019-12-16,13.328,13.328,12.983,12.983,21100,273941.3,,,,,
2019-12-17,12.914,12.914,12.292,12.292,52040,639675.6799999999,,,,,
2019-12-18,12.568,12.776,12.568,12.776,4340,55447.84,,,,,
2019-12-19,12.845,13.121,12.776,13.121,5000,65605.0,,,,,
2019-12-20,13.259,13.466,12.914,12.983,28041,364056.303,,,,,
2019-12-23,12.983,13.121,12.568,13.052,10929,142645.308,,,,,
2019-12-24,12.568,13.052,12.43,13.052,8400,109636.8,,,,,
2019-12-25,12.637,13.259,12.637,13.121,4548,59674.308000000005,,,,,
2019-12-26,13.121,13.121,12.983,12.983,13200,171375.6,,,,,
2019-12-27,12.983,13.121,12.845,12.983,7700,99969.1,,,,,
2019-12-30,12.637,12.983,12.637,12.983,310,4024.73,,,,,
2019-12-31,12.983,13.259,12.914,13.259,3710,49190.89,,,,,
2020-01-02,13.259,13.259,12.776,12.845,14202,182424.69,,,,,
2020-01-03,12.845,13.121,12.845,12.983,1282,16644.206000000002,,,,,
2020-01-06,12.983,12.983,12.983,12.983,30,389.49,,,,,
2020-01-07,13.052,13.052,12.983,13.052,2388,31168.176,,,,,
2020-01-08,13.052,13.052,12.568,12.637,7900,99832.3,,,,,
2020-01-09,12.637,12.776,12.637,12.776,3430,43821.68,,,,,
2020-01-10,12.776,12.776,12.499,12.568,9700,121909.6,,,,,
2020-01-13,12.499,12.499,11.74,11.74,10144,119090.56,,,,,
2020-01-14,11.74,11.74,11.74,11.74,110,1291.4,,,,,
2020-01-15,11.533,11.74,11.533,11.74,2500,29350.0,,,,,
2020-01-16,11.809,11.809,11.74,11.74,2700,31698.0,,,,,
2020-01-17,11.74,11.878,11.74,11.74,1800,21132.0,,,,,
2020-01-20,11.878,11.878,11.602,11.602,8400,97456.8,,,,,
2020-01-21,11.671,11.671,11.394,11.394,9800,111661.2,,,,,
2020-01-22,11.394,11.463,11.049,11.049,13300,146951.69999999998,,,,,
2020-01-30,11.049,11.049,10.082,10.082,3600,36295.2,,,,,
2020-01-31,11.049,11.049,9.737,10.359,17000,176103.0,,,,,
2020-02-03,9.668,10.22,9.323,9.53,9700,92441.0,,,,,
2020-02-04,9.668,10.013,9.668,9.668,2200,21269.6,,,,,
2020-02-05,10.22,10.22,9.668,9.668,2149,20776.532,,,,,
2020-02-06,9.737,9.806,9.668,9.806,8300,81389.79999999999,,,,,
2020-02-07,9.806,9.806,9.668,9.668,2000,19336.0,,,,,
2020-02-10,9.668,9.806,9.668,9.806,2249,22053.694,,,,,
2020-02-11,9.875,9.875,9.53,9.806,11610,113847.66,,,,,
2020-02-12,10.082,10.082,9.806,9.875,4690,46313.75,,,,,
2020-02-13,9.875,9.875,9.53,9.53,14200,135326.0,,,,,
2020-02-14,9.53,9.53,9.392,9.53,600,5718.0,,,,,
2020-02-17,9.53,9.53,9.185,9.392,16800,157785.59999999998,,,,,
2020-02-18,9.323,9.323,9.254,9.254,4500,41643.0,,,,,
2020-02-19,9.323,9.323,9.254,9.323,2700,25172.1,,,,,
2020-02-20,9.323,9.323,9.323,9.323,815,7598.245,,,,,
2020-02-21,9.323,9.323,9.254,9.254,9500,87913.0,,,,,
2020-02-24,9.254,9.254,8.977,8.977,10200,91565.4,,,,,
2020-02-25,8.977,9.323,8.977,9.046,7200,65131.2,,,,,
2020-02-26,8.77,8.908,8.77,8.908,500,4454.0,,,,,
2020-02-27,8.977,9.116,8.908,9.046,4700,42516.2,,,,,
2020-02-28,9.046,9.046,8.977,8.977,5200,46680.4,,,,,
2020-03-02,8.977,9.185,8.977,9.185,800,7348.0,,,,,
2020-03-03,9.392,9.461,9.392,9.392,3600,33811.2,,,,,
2020-03-04,9.323,9.323,9.185,9.254,900,8328.6,,,,,
2020-03-05,8.977,9.254,8.977,8.977,12800,114905.6,,,,,
2020-03-06,9.254,9.254,8.977,9.254,14200,131406.8,,,,,
2020-03-09,8.977,9.185,8.839,8.977,5300,47578.1,,,,,
2020-03-10,8.701,9.254,8.701,9.254,18400,170273.6,,,,,
2020-03-11,9.254,9.254,9.046,9.046,5600,50657.6,,,,,
2020-03-12,8.839,8.977,8.839,8.839,6800,60105.2,,,,,
2020-03-13,8.08,8.701,8.08,8.701,2300,20012.300000000003,,,,,
2020-03-16,8.908,8.908,8.701,8.701,4400,38284.4,,,,,
2020-03-17,8.701,8.701,8.011,8.701,4710,40981.71,,,,,
2020-03-18,8.287,8.425,8.287,8.356,5200,43451.2,,,,,
2020-03-19,8.08,8.356,8.08,8.356,4300,35930.8,,,,,
2020-03-20,8.356,8.77,7.665,8.77,3920,34378.4,,,,,
2020-03-23,8.08,8.08,7.942,7.942,6800,54005.6,,,,,
2020-03-24,7.942,8.287,7.942,8.287,3900,32319.300000000003,,,,,
2020-03-25,8.287,8.839,7.942,8.839,1410,12462.99,,,,,
2020-03-26,8.839,8.839,8.356,8.356,1520,12701.12,,,,,
2020-03-27,8.356,8.977,8.356,8.839,11660,103062.74,,,,,
2020-03-30,8.632,8.632,8.632,8.632,1100,9495.2,,,,,
2020-03-31,8.701,8.701,7.872,7.872,14050,110601.6,,,,,
2020-04-01,8.011,8.287,7.872,8.287,10130,83947.31000000001,,,,,
2020-04-03,8.632,8.908,8.632,8.77,5300,46481.0,,,,,
2020-04-06,8.839,8.839,8.839,8.839,2410,21301.99,,,,,
2020-04-07,8.425,8.425,8.425,8.425,120,1011.0,,,,,
2020-04-08,8.908,8.908,8.908,8.908,180,1603.4399999999998,,,,,
2020-04-09,8.632,8.701,8.563,8.563,13500,115600.5,,,,,
2020-04-10,8.563,8.563,8.563,8.563,1000,8563.0,,,,,
2020-04-13,8.632,8.701,8.494,8.494,7000,59458.0,,,,,
2020-04-14,8.632,8.839,8.632,8.839,6600,58337.4,,,,,
2020-04-15,8.839,8.977,8.839,8.908,5258,46838.264,,,,,
2020-04-16,8.839,8.908,8.77,8.908,3700,32959.6,,,,,
2020-04-17,8.908,8.908,8.77,8.908,8110,72243.87999999999,,,,,
2020-04-20,8.908,8.977,8.425,8.977,10230,91834.71,,,,,
2020-04-21,8.977,8.977,8.632,8.977,7610,68314.97,,,,,
2020-04-22,8.908,9.254,8.908,9.185,20700,190129.5,,,,,
2020-04-23,10.082,10.082,9.185,10.013,24260,242915.38,,,,,
2020-04-24,10.911,10.911,10.704,10.704,7686,82270.944,,,,,
2020-04-27,10.98,11.049,9.737,11.049,12570,138885.93,,,,,
2020-04-28,11.049,11.118,9.944,10.911,12418,135492.79799999998,,,,,
2020-04-29,10.773,10.773,9.875,10.151,28489,289191.839,,,,,
2020-05-04,10.151,10.151,10.151,10.151,2013,20433.963,,,,,
2020-05-05,9.875,9.875,9.185,9.185,11600,106546.0,,,,,
2020-05-06,9.737,9.737,9.185,9.737,3602,35072.674,,,,,
2020-05-07,9.737,9.737,9.668,9.668,647,6255.196,,,,,
2020-05-08,9.392,9.944,9.323,9.944,9733,96784.952,,,,,
2020-05-11,9.944,10.013,9.668,9.944,18200,180980.8,,,,,
2020-05-12,9.944,9.944,9.806,9.806,3000,29418.0,,,,,
2020-05-13,9.806,9.806,9.737,9.737,2124,20681.388,,,,,
2020-05-14,9.668,9.806,9.668,9.668,13702,132470.936,,,,,
2020-05-15,10.013,10.151,9.806,10.082,13233,133415.106,,,,,
2020-05-18,10.082,10.082,10.082,10.082,305,3075.01,,,,,
2020-05-19,9.737,9.944,9.668,9.944,7002,69627.888,,,,,
2020-05-20,9.944,10.013,9.944,10.013,670,6708.71,,,,,
2020-05-21,10.151,10.151,9.944,10.082,5001,50420.082,,,,,
2020-05-22,10.013,10.013,9.737,9.737,8309,80904.73300000001,,,,,
2020-05-25,10.013,10.013,9.737,9.737,1903,18529.511,,,,,
2020-05-26,9.875,9.875,9.737,9.806,6224,61032.544,,,,,
2020-05-27,9.875,10.013,9.806,9.806,9703,95147.618,,,,,
2020-05-28,9.806,9.875,9.806,9.806,4105,40253.63,,,,,
2020-05-29,9.806,10.013,9.806,9.806,3121,30604.526,,,,,
2020-06-01,9.806,9.806,9.737,9.806,6202,60816.812,,,,,
2020-06-02,9.806,9.944,9.806,9.944,8821,87716.024,,,,,
2020-06-03,9.737,9.806,9.323,9.806,3800,37262.8,,,,,
2020-06-04,9.806,9.875,9.806,9.875,500,4937.5,,,,,
2020-06-05,9.875,9.944,9.323,9.944,4010,39875.44,,,,,
2020-06-08,9.806,9.806,9.392,9.737,77660,756175.42,,,,,
2020-06-09,9.53,9.668,9.392,9.461,12918,122217.198,,,,,
2020-06-10,9.599,9.668,9.53,9.599,7321,70274.279,,,,,
2020-06-11,9.599,9.875,9.53,9.599,14900,143025.1,,,,,
2020-06-12,9.461,9.806,9.461,9.53,13200,125796.0,,,,,
2020-06-15,9.668,9.668,9.53,9.53,2700,25731.0,,,,,
2020-06-16,9.599,9.668,9.53,9.668,5201,50283.268,,,,,
2020-06-17,9.806,9.806,9.668,9.668,6300,60908.4,,,,,
2020-06-18,9.668,9.668,9.668,9.668,4700,45439.6,,,,,
2020-06-19,9.668,9.668,9.599,9.599,2600,24957.4,,,,,
2020-06-22,9.53,9.668,9.392,9.668,9900,95713.2,,,,,
2020-06-23,9.599,9.737,9.53,9.599,3014,28931.386,,,,,
2020-06-24,9.599,9.599,9.53,9.53,501,4774.53,,,,,
2020-06-25,9.53,9.599,9.461,9.599,19500,187180.5,,,,,
2020-06-26,9.668,9.668,9.461,9.53,5800,55273.99999999999,,,,,
2020-06-29,9.461,9.461,8.632,8.977,115101,1033261.677,,,,,
2020-06-30,8.839,8.839,8.632,8.632,7200,62150.4,,,,,
2020-07-01,8.356,8.77,8.287,8.77,3200,28064.0,,,,,
2020-07-02,8.563,8.77,8.563,8.77,8429,73922.33,,,,,
2020-07-03,8.701,8.839,8.425,8.632,5400,46612.8,,,,,
2020-07-06,8.701,8.701,8.632,8.632,1500,12948.0,,,,,
2020-07-07,8.701,8.701,8.632,8.632,10300,88909.59999999999,,,,,
2020-07-08,8.632,8.632,8.563,8.632,13000,112216.0,,,,,
2020-07-09,8.701,8.908,8.632,8.908,34830,310265.64,,,,,
2020-07-10,8.908,9.046,8.839,8.977,11000,98747.0,,,,,
2020-07-13,8.908,8.977,8.77,8.908,4700,41867.6,,,,,
2020-07-14,8.977,8.977,8.563,8.701,9100,79179.1,,,,,
2020-07-15,8.908,8.908,8.632,8.77,10200,89454.0,,,,,
2020-07-16,8.701,8.77,8.632,8.701,13600,118333.6,,,,,
2020-07-17,8.77,8.839,8.632,8.632,6409,55322.488,,,,,
2020-07-20,8.701,8.839,8.563,8.632,27600,238243.2,,,,,
2020-07-21,8.632,8.701,8.494,8.701,7700,66997.7,,,,,
2020-07-22,8.632,8.632,8.494,8.563,15100,129301.3,,,,,
2020-07-23,8.563,8.701,8.494,8.701,9200,80049.20000000001,,,,,
2020-07-24,8.563,8.563,8.425,8.425,12000,101100.0,,,,,
2020-07-27,8.149,8.218,7.596,7.665,38418,294473.97000000003,,,,,
2020-07-28,7.665,8.218,7.665,8.149,12450,101455.05,,,,,
2020-07-29,8.011,8.149,8.011,8.149,15800,128754.19999999998,,,,,
2020-07-30,8.08,8.149,8.08,8.149,9000,73340.99999999999,,,,,
2020-07-31,8.839,8.839,8.218,8.287,6600,54694.2,,,,,
2020-08-03,8.839,9.116,8.77,8.77,3718,32606.86,,,,,
2020-08-04,8.839,8.839,8.632,8.632,22200,191630.4,,,,,
2020-08-05,8.632,8.632,8.563,8.632,1700,14674.4,,,,,
2020-08-06,8.632,8.632,8.632,8.632,5345,46138.04,,,,,
2020-08-07,8.701,8.701,8.632,8.701,2000,17402.0,,,,,
2020-08-10,8.632,8.632,8.425,8.425,2800,23590.000000000004,,,,,
2020-08-11,8.494,8.494,8.494,8.494,1000,8494.0,,,,,
2020-08-12,8.563,8.563,8.494,8.494,1100,9343.4,,,,,
2020-08-13,8.494,8.632,8.494,8.494,10800,91735.2,,,,,
2020-08-14,8.494,8.563,8.494,8.563,4101,35116.863000000005,,,,,
2020-08-17,8.563,8.563,8.494,8.563,4800,41102.4,,,,,
2020-08-18,8.494,8.563,8.494,8.563,2300,19694.9,,,,,
2020-08-19,8.494,8.563,8.494,8.563,7200,61653.600000000006,,,,,
2020-08-20,8.494,9.116,8.494,8.632,2900,25032.8,,,,,
2020-08-21,8.632,8.632,8.632,8.632,20,172.64,,,,,
2020-08-24,8.77,8.77,8.701,8.701,3636,31636.836000000003,,,,,
2020-08-25,8.701,8.77,8.701,8.701,9211,80144.91100000001,,,,,
2020-08-26,8.77,8.77,8.632,8.632,25000,215800.0,,,,,
2020-08-27,8.701,8.839,8.701,8.77,18510,162332.69999999998,,,,,
2020-08-28,8.839,8.839,8.701,8.701,19309,168007.609,,,,,
2020-08-31,8.977,8.977,8.701,8.701,16520,143740.52000000002,,,,,
2020-09-01,8.908,8.908,8.701,8.839,5510,48702.89,,,,,
2020-09-03,8.839,8.839,8.77,8.77,8400,73668.0,,,,,
2020-09-04,8.77,8.839,8.701,8.839,15000,132585.0,,,,,
2020-09-07,8.839,9.116,8.839,9.116,38299,349133.684,,,,,
2020-09-08,9.116,9.254,8.977,9.046,10520,95163.92,,,,,
2020-09-09,9.046,9.046,8.977,9.046,11500,104029.0,,,,,
2020-09-10,9.047,9.262,9.047,9.047,7900,71471.3,,,,,
2020-09-11,9.047,9.262,9.047,9.047,2009,18175.423000000003,,,,,
2020-09-14,9.334,9.334,9.047,9.334,6809,63555.206,,,,,
2020-09-15,9.262,9.334,9.19,9.262,13100,121332.2,,,,,
2020-09-16,9.047,9.262,8.76,9.19,9400,86386.0,,,,,
2020-09-17,9.047,9.19,9.047,9.19,1620,14887.8,,,,,
2020-09-18,9.262,9.262,9.19,9.19,600,5514.0,,,,,
2020-09-21,9.19,9.19,9.119,9.119,7441,67854.47899999999,,,,,
2020-09-22,9.119,9.119,9.047,9.119,3009,27439.071,,,,,
2020-09-23,9.119,9.119,9.047,9.119,5030,45868.57,,,,,
2020-09-24,9.119,9.119,9.047,9.119,5910,53893.29,,,,,
2020-09-25,9.119,9.19,9.047,9.19,3500,32165.0,,,,,
2020-09-28,9.119,9.19,9.119,9.19,552,5072.88,,,,,
2020-09-29,9.262,9.478,9.262,9.334,23600,220282.4,,,,,
2020-09-30,9.406,9.406,9.334,9.334,1700,15867.8,,,,,
2020-10-01,9.119,9.549,9.119,9.478,13130,124446.14,,,,,
2020-10-02,9.478,9.693,9.262,9.549,8210,78397.29,,,,,
2020-10-05,9.549,9.549,9.334,9.478,2447,23192.666,,,,,
2020-10-06,9.478,9.549,9.406,9.549,1710,16328.79,,,,,
2020-10-07,9.549,9.549,9.334,9.334,2500,23335.0,,,,,
2020-10-08,9.334,9.406,9.334,9.406,3957,37219.542,,,,,
2020-10-09,9.549,9.549,9.334,9.406,4203,39533.418000000005,,,,,
2020-10-12,9.406,9.478,9.262,9.478,14160,134208.48,,,,,
2020-10-13,10.339,10.411,10.339,10.411,26198,272747.378,,,,,
2020-10-14,11.416,11.416,11.416,11.416,60120,686329.92,,,,,
2020-10-15,12.493,12.493,11.847,12.206,96505,1177940.03,,,,,
2020-10-16,12.206,12.206,10.985,11.416,44871,512247.336,,,,,
2020-10-19,11.416,11.416,10.626,11.201,22600,253142.6,,,,,
2020-10-20,11.201,11.273,11.057,11.273,22810,257137.13,,,,,
2020-10-21,11.273,11.273,10.914,11.201,4320,48388.32,,,,,
2020-10-22,11.129,11.129,10.77,11.129,20410,227142.89,,,,,
2020-10-23,10.77,11.201,10.77,10.914,3220,35143.08,,,,,
2020-10-26,10.914,11.201,10.77,11.201,7220,80871.22,,,,,
2020-10-27,10.985,11.273,10.914,11.201,8000,89608.0,,,,,
2020-10-28,11.416,11.416,11.201,11.273,3500,39455.5,,,,,
2020-10-29,11.201,11.273,11.201,11.201,10500,117610.5,,,,,
2020-10-30,11.201,11.201,10.842,11.201,4400,49284.4,,,,,
2020-11-02,11.201,11.273,11.129,11.273,13400,151058.19999999998,,,,,
2020-11-03,11.273,11.273,11.057,11.057,20300,224457.1,,,,,
2020-11-04,11.057,11.344,11.057,11.344,7700,87348.79999999999,,,,,
2020-11-05,11.488,11.488,11.201,11.201,15215,170423.215,,,,,
2020-11-06,11.057,11.129,10.985,10.985,3300,36250.5,,,,,
2020-11-09,11.703,11.703,10.985,10.985,8500,93372.5,,,,,
2020-11-10,11.057,11.129,10.985,11.129,5500,61209.5,,,,,
2020-11-11,11.057,11.201,11.057,11.129,17000,189193.0,,,,,
2020-11-12,11.201,11.201,11.201,11.201,1910,21393.91,,,,,
2020-11-13,11.201,11.201,10.985,10.985,14611,160501.835,,,,,
2020-11-16,11.057,11.201,10.985,11.201,12010,134524.01,,,,,
2020-11-17,11.129,11.344,11.129,11.201,4000,44804.0,,,,,
2020-11-18,11.201,11.201,11.129,11.201,6650,74486.65000000001,,,,,
2020-11-19,11.201,11.273,11.201,11.273,15702,177008.646,,,,,
2020-11-20,11.344,11.344,11.273,11.344,4500,51048.0,,,,,
2020-11-23,11.344,11.344,11.201,11.273,9700,109348.1,,,,,
2020-11-24,11.273,11.488,11.201,11.488,13200,151641.6,,,,,
2020-11-25,11.56,11.56,11.344,11.344,17800,201923.2,,,,,
2020-11-26,11.632,11.632,11.344,11.56,26200,302872.0,,,,,
2020-11-27,11.56,11.632,11.56,11.56,3500,40460.0,,,,,
2020-11-30,11.56,11.919,11.56,11.919,21115,251669.685,,,,,
2020-12-01,11.919,12.924,11.919,12.852,32210,413962.92,,,,,
2020-12-02,12.852,12.924,12.852,12.924,20600,266234.4,,,,,
2020-12-03,12.924,12.924,12.206,12.78,13500,172530.0,,,,,
2020-12-04,12.78,12.78,11.775,12.565,23929,300667.885,,,,,
2020-12-07,11.488,12.709,11.488,12.709,8090,102815.81,,,,,
2020-12-08,12.565,12.78,12.35,12.709,4440,56427.96,,,,,
2020-12-09,12.709,12.709,12.421,12.421,10730,133277.33,,,,,
2020-12-10,12.421,12.421,12.421,12.421,1012,12570.052,,,,,
2020-12-11,11.919,12.493,11.919,12.493,11320,141420.76,,,,,
2020-12-14,12.565,12.637,12.565,12.637,5215,65901.955,,,,,
2020-12-15,12.565,12.709,12.565,12.637,10300,130161.1,,,,,
2020-12-16,12.637,13.139,12.637,12.78,14700,187866.0,,,,,
2020-12-17,12.78,13.355,12.78,13.355,50848,679075.04,,,,,
2020-12-18,13.355,13.642,13.355,13.642,49735,678484.87,,,,,
2020-12-21,13.642,13.642,13.283,13.642,14204,193770.968,,,,,
2020-12-22,13.714,13.929,13.642,13.857,10840,150209.88,,,,,
2020-12-23,13.857,15.078,13.857,14.504,28360,411333.44,,,,,
2020-12-24,13.714,14.36,13.427,14.36,12041,172908.75999999998,,,,,
2020-12-25,14.36,14.432,14.288,14.432,13196,190444.672,,,,,
2020-12-28,14.36,15.006,14.36,14.934,15720,234762.48,,,,,
2020-12-29,15.006,15.796,15.006,15.796,63500,1003046.0,,,,,
2020-12-30,16.227,16.873,16.011,16.658,9913,165130.75400000002,,,,,
2020-12-31,15.94,16.442,15.94,16.37,3042,49797.54,,,,,
2021-01-04,16.37,16.37,15.581,16.37,28030,458851.1,,,,,
2021-01-05,16.442,16.442,15.796,16.37,5050,82668.5,,,,,
2021-01-06,16.37,16.442,16.37,16.37,27380,448210.6,,,,,
2021-01-07,16.083,16.514,16.083,16.514,10600,175048.4,,,,,
2021-01-08,16.658,16.873,16.442,16.658,38863,647379.854,,,,,
2021-01-11,16.729,16.729,16.299,16.299,15027,244925.073,,,,,
2021-01-12,16.658,16.658,16.155,16.299,14301,233091.999,,,,,
2021-01-13,16.299,16.299,16.155,16.299,6300,102683.7,,,,,
2021-01-14,16.299,16.299,16.155,16.155,12142,196154.01,,,,,
2021-01-15,16.442,16.442,16.155,16.37,4700,76939.0,,,,,
2021-01-18,16.227,16.37,16.155,16.227,10410,168923.07,,,,,
2021-01-19,16.37,16.37,14.647,15.078,70060,1056364.68,,,,,
2021-01-20,14.934,15.078,14.504,14.934,52100,778061.3999999999,,,,,
2021-01-21,15.078,15.078,14.934,15.006,9410,141206.46,,,,,
2021-01-22,15.006,15.006,14.647,14.719,26800,394469.2,,,,,
2021-01-25,14.432,14.432,13.857,14.073,25810,363224.13,,,,,
2021-01-26,14.073,14.073,14.001,14.001,8435,118098.435,,,,,
2021-01-27,13.642,13.929,12.924,13.929,12700,176898.30000000002,,,,,
2021-01-28,12.637,12.924,12.637,12.637,9500,120051.5,,,,,
2021-01-29,11.488,13.714,11.488,13.714,2800,38399.2,,,,,
2021-02-01,14.288,14.288,13.786,14.073,400,5629.2,,,,,
2021-02-02,12.996,14.001,12.996,14.001,6300,88206.3,,,,,
2021-02-03,13.642,14.36,13.355,14.216,2100,29853.6,,,,,
2021-02-04,14.216,14.216,14.216,14.216,0,0.0,,,,,
2021-02-05,13.786,14.145,13.427,13.427,3800,51022.6,,,,,
2021-02-08,14.073,14.073,13.355,13.642,17380,237097.96,,,,,
2021-02-09,13.427,13.929,13.427,13.929,800,11143.2,,,,,
2021-02-17,13.929,14.001,13.714,14.001,2900,40602.9,,,,,
2021-02-18,13.786,14.001,13.642,14.001,18300,256218.3,,,,,
2021-02-19,13.786,13.786,13.786,13.786,1025,14130.65,,,,,
2021-02-22,14.001,14.001,14.001,14.001,100,1400.1,,,,,
2021-02-23,14.001,14.001,14.001,14.001,0,0.0,,,,,
2021-02-24,13.786,14.001,13.786,13.786,8100,111666.6,,,,,
2021-02-25,13.786,13.786,13.786,13.786,0,0.0,,,,,
2021-02-26,13.786,14.001,13.786,13.857,2800,38799.6,,,,,
2021-03-01,14.504,14.504,14.432,14.432,2800,40409.6,,,,,
2021-03-02,14.934,14.934,14.001,14.001,1700,23801.7,,,,,
2021-03-03,14.145,14.145,13.786,14.145,15200,215004.0,,,,,
2021-03-04,14.145,14.145,14.001,14.001,14300,200214.3,,,,,
2021-03-05,14.001,14.001,13.786,14.001,8600,120408.6,,,,,
2021-03-08,14.36,14.36,14.001,14.001,17800,249217.8,,,,,
2021-03-09,14.001,14.001,13.857,14.001,13100,183413.1,,,,,
2021-03-10,14.001,14.001,14.001,14.001,7200,100807.2,,,,,
2021-03-11,14.001,14.001,14.001,14.001,6920,96886.92,,,,,
2021-03-12,14.073,14.073,13.929,13.929,6300,87752.7,,,,,
2021-03-15,14.001,14.001,13.929,13.929,2200,30643.8,,,,,
2021-03-16,13.786,13.929,13.714,13.929,9030,125778.87,,,,,
2021-03-17,13.929,13.929,13.929,13.929,11800,164362.2,,,,,
2021-03-18,13.929,13.929,13.857,13.857,13700,189840.9,,,,,
2021-03-19,14.001,14.001,13.857,13.857,13305,184367.385,,,,,
2021-03-22,13.857,13.929,13.857,13.857,2463,34129.791,,,,,
2021-03-23,13.857,13.857,13.714,13.714,12000,164568.0,,,,,
2021-03-24,13.642,13.929,13.068,13.857,26800,371367.6,,,,,
2021-03-25,13.57,13.786,12.78,13.786,35120,484164.32,,,,,
2021-03-26,13.283,13.283,12.924,13.283,6400,85011.2,,,,,
2021-03-29,13.355,13.355,13.283,13.283,18500,245735.5,,,,,
2021-03-30,13.283,13.283,13.283,13.283,11700,155411.1,,,,,
2021-03-31,13.211,13.355,13.211,13.355,3400,45407.0,,,,,
2021-04-01,13.427,13.498,13.427,13.498,9100,122831.8,,,,,
2021-04-02,13.498,14.001,13.498,13.642,5500,75031.0,,,,,
2021-04-05,13.355,13.929,13.355,13.642,7720,105316.24,,,,,
2021-04-06,13.642,13.642,13.642,13.642,4300,58660.6,,,,,
2021-04-07,13.57,13.57,13.498,13.57,2500,33925.0,,,,,
2021-04-08,13.57,13.642,13.57,13.642,2200,30012.4,,,,,
2021-04-09,13.642,13.714,13.642,13.642,5404,73721.368,,,,,
2021-04-12,13.642,13.714,13.427,13.714,9751,133725.214,,,,,
2021-04-13,13.498,13.642,13.498,13.498,1900,25646.2,,,,,
2021-04-14,13.498,13.642,13.355,13.642,2404,32795.368,,,,,
2021-04-15,13.642,13.786,13.642,13.642,19743,269334.006,,,,,
2021-04-16,13.642,13.642,13.642,13.642,320,4365.44,,,,,
2021-04-19,13.355,13.642,13.355,13.642,1900,25919.8,,,,,
2021-04-20,13.642,13.642,13.283,13.283,14600,193931.8,,,,,
2021-04-22,13.283,13.283,12.493,12.493,5305,66275.365,,,,,
2021-04-23,13.57,13.57,12.565,12.565,1400,17591.0,,,,,
2021-04-26,12.637,12.637,12.493,12.493,1020,12742.86,,,,,
2021-04-27,12.924,12.924,12.924,12.924,200,2584.8,,,,,
2021-04-28,12.278,12.924,12.278,12.924,1400,18093.6,,,,,
2021-04-29,12.278,12.278,12.278,12.278,700,8594.6,,,,,
2021-05-04,12.35,12.35,12.278,12.35,2500,30875.0,,,,,
2021-05-05,12.35,12.35,12.278,12.35,7000,86450.0,,,,,
2021-05-06,12.35,12.35,12.35,12.35,0,0.0,,,,,
2021-05-07,12.35,12.35,12.35,12.35,3600,44460.0,,,,,
2021-05-10,12.35,12.35,12.35,12.35,100,1235.0,,,,,
2021-05-11,12.278,12.35,12.278,12.278,4400,54023.2,,,,,
2021-05-12,12.278,12.278,12.278,12.278,0,0.0,,,,,
2021-05-13,12.35,12.35,12.35,12.35,400,4940.0,,,,,
2021-05-14,12.206,12.278,12.206,12.278,1612,19792.136,,,,,
2021-05-17,12.35,12.35,12.35,12.35,105,1296.75,,,,,
2021-05-18,12.35,12.35,12.35,12.35,301,3717.35,,,,,
2021-05-19,12.278,12.278,12.206,12.278,1100,13505.8,,,,,
2021-05-20,12.278,12.278,12.278,12.278,5,61.39,,,,,
2021-05-21,12.278,12.278,12.278,12.278,600,7366.8,,,,,
2021-05-24,12.278,12.278,12.278,12.278,0,0.0,,,,,
2021-05-25,11.847,12.278,11.847,12.278,2800,34378.4,,,,,
2021-05-26,12.278,12.278,12.278,12.278,0,0.0,,,,,
2021-05-27,12.206,12.206,12.206,12.206,100,1220.6,,,,,
2021-05-28,12.206,12.35,12.206,12.35,605,7471.75,,,,,
2021-05-31,12.134,12.565,12.134,12.565,8200,103033.0,,,,,
2021-06-01,12.565,12.565,12.565,12.565,0,0.0,,,,,
2021-06-02,12.565,12.565,12.565,12.565,10,125.65,,,,,
2021-06-03,12.565,12.637,12.565,12.637,3400,42965.8,,,,,
2021-06-04,12.637,12.852,12.565,12.852,2700,34700.4,,,,,
2021-06-07,13.929,13.929,12.206,13.283,2858,37962.814,,,,,
2021-06-08,13.283,13.283,13.283,13.283,0,0.0,,,,,
2021-06-09,13.283,13.283,13.283,13.283,0,0.0,,,,,
2021-06-10,13.283,13.283,13.283,13.283,0,0.0,,,,,
2021-06-11,13.139,14.36,13.139,13.642,61301,836268.242,,,,,
2021-06-14,12.924,14.001,12.924,14.001,500,7000.5,,,,,
2021-06-15,12.996,14.001,12.924,12.924,7300,94345.2,,,,,
2021-06-16,13.929,13.929,13.929,13.929,200,2785.8,,,,,
2021-06-17,13.929,13.929,13.929,13.929,1,13.929,,,,,
2021-06-18,12.852,13.283,12.852,13.283,1300,17267.899999999998,,,,,
2021-06-21,13.283,13.283,12.35,12.924,40000,516960.0,,,,,
2021-06-22,12.924,13.139,12.924,13.139,390,5124.21,,,,,
2021-06-23,13.139,13.139,13.139,13.139,0,0.0,,,,,
2021-06-24,13.139,13.139,13.139,13.139,1000,13139.0,,,,,
2021-06-25,13.139,13.139,13.139,13.139,11,144.529,,,,,
2021-06-28,12.709,13.283,12.709,13.283,1500,19924.5,,,,,
2021-06-29,12.924,12.924,12.924,12.924,5500,71082.0,,,,,
2021-06-30,12.924,12.924,12.709,12.924,5500,71082.0,,,,,
2021-07-01,12.924,12.924,12.924,12.924,500,6462.0,,,,,
2021-07-02,12.924,12.924,12.78,12.78,4500,57510.0,,,,,
2021-07-05,12.78,12.924,12.78,12.924,6000,77544.0,,,,,
2021-07-06,12.852,12.852,12.852,12.852,100,1285.2,,,,,
2021-07-07,12.278,12.709,12.278,12.709,1400,17792.6,,,,,
2021-07-08,12.709,12.709,12.709,12.709,0,0.0,,,,,
2021-07-09,12.637,12.709,12.206,12.565,6700,84185.5,,,,,
2021-07-12,12.565,12.565,12.206,12.493,5900,73708.7,,,,,
2021-07-13,13.498,13.642,12.278,12.565,4100,51516.5,,,,,
2021-07-14,12.924,12.924,12.924,12.924,100,1292.4,,,,,
2021-07-15,12.544,12.544,12.544,12.544,200,2508.8,,,,,
2021-07-16,13.533,13.533,13.533,13.533,100,1353.3,,,,,
2021-07-19,12.24,13.381,12.24,13.001,6030,78396.03,,,,,
2021-07-20,12.925,12.925,12.24,12.24,2100,25704.0,,,,,
2021-07-21,11.632,12.925,11.632,12.925,800,10340.0,,,,,
2021-07-22,12.849,12.849,12.544,12.772,2200,28098.4,,,,,
2021-07-23,12.164,12.696,12.164,12.696,8100,102837.6,,,,,
2021-07-26,12.164,12.164,12.164,12.164,1469,17868.916,,,,,
2021-07-27,12.468,12.468,12.468,12.468,140,1745.52,,,,,
2021-07-28,12.468,12.468,12.468,12.468,0,0.0,,,,,
2021-07-29,12.468,12.468,12.468,12.468,1040,12966.72,,,,,
2021-07-30,12.392,12.849,12.316,12.849,2420,31094.58,,,,,
2021-08-02,12.849,12.849,12.849,12.849,0,0.0,,,,,
2021-08-03,12.849,12.849,12.849,12.849,0,0.0,,,,,
2021-08-04,12.772,12.772,12.468,12.468,2600,32416.8,,,,,
2021-08-05,12.696,12.696,12.696,12.696,200,2539.2,,,,,
2021-08-06,12.164,12.544,12.164,12.24,2300,28152.0,,,,,
2021-08-09,12.24,12.544,12.24,12.544,1410,17687.04,,,,,
2021-08-10,12.544,12.544,12.468,12.468,1800,22442.4,,,,,
2021-08-11,12.62,12.62,12.468,12.468,900,11221.2,,,,,
2021-08-12,12.772,12.772,12.544,12.62,5600,70672.0,,,,,
2021-08-13,12.62,12.772,12.316,12.772,1700,21712.4,,,,,
2021-08-16,12.696,12.696,12.696,12.696,1000,12696.0,,,,,
2021-08-17,12.544,12.696,12.544,12.62,1800,22716.0,,,,,
2021-08-18,12.392,12.62,12.392,12.392,2700,33458.4,,,,,
2021-08-19,12.392,12.696,12.392,12.696,700,8887.199999999999,,,,,
2021-08-20,12.544,12.544,12.392,12.392,4400,54524.8,,,,,
2021-08-23,12.544,12.544,12.544,12.544,3000,37632.0,,,,,
2021-08-24,12.392,12.544,12.392,12.544,5300,66483.2,,,,,
2021-08-25,12.544,12.544,12.468,12.468,1810,22567.08,,,,,
2021-08-26,12.468,12.468,12.468,12.468,1700,21195.6,,,,,
2021-08-27,12.316,12.544,12.316,12.544,2100,26342.4,,,,,
2021-08-30,12.468,12.544,12.468,12.544,3300,41395.2,,,,,
2021-08-31,12.544,12.62,12.544,12.62,720,9086.4,,,,,
2021-09-01,12.544,12.62,12.544,12.62,1430,18046.6,,,,,
2021-09-06,12.164,12.544,12.164,12.544,520,6522.88,,,,,
2021-09-07,12.544,12.544,12.392,12.468,21804,271852.272,,,,,
2021-09-08,13.229,13.229,12.62,12.62,2100,26502.0,,,,,
2021-09-09,12.544,12.62,12.468,12.468,2900,36157.2,,,,,
2021-09-10,12.468,12.468,12.468,12.468,0,0.0,,,,,
2021-09-13,12.62,12.849,12.544,12.849,10100,129774.9,,,,,
2021-09-14,13.913,13.913,13.305,13.305,7678,102155.79,,,,,
2021-09-15,13.381,13.381,13.381,13.381,7000,93667.0,,,,,
2021-09-16,13.077,13.077,12.544,12.772,1900,24266.8,,,,,
2021-09-17,12.772,12.772,12.62,12.772,10200,130274.4,,,,,
2021-09-20,12.772,13.077,12.696,12.696,8800,111724.8,,,,,
2021-09-21,12.696,13.077,12.544,13.077,7000,91539.0,,,,,
2021-09-22,13.305,13.305,12.696,12.772,29804,380656.688,,,,,
2021-09-23,12.772,12.772,12.772,12.772,1004,12823.088,,,,,
2021-09-24,12.62,12.849,12.62,12.849,9516,122271.084,,,,,
2021-09-27,12.62,12.62,12.392,12.392,9600,118963.2,,,,,
2021-09-28,12.316,12.772,12.24,12.772,1310,16731.32,,,,,
2021-09-29,12.772,12.772,12.772,12.772,103,1315.516,,,,,
2021-09-30,12.696,12.925,12.62,12.925,2400,31020.0,,,,,
2021-10-01,12.849,12.849,12.849,12.849,1000,12849.0,,,,,
2021-10-04,12.696,12.696,12.544,12.62,3017,38074.54,,,,,
2021-10-05,12.772,12.849,12.62,12.62,2502,31575.24,,,,,
2021-10-06,12.544,12.696,12.392,12.696,1129,14333.784,,,,,
2021-10-07,12.849,12.849,12.468,12.849,2500,32122.5,,,,,
2021-10-08,12.544,12.849,12.544,12.849,21400,274968.6,,,,,
2021-10-11,12.925,13.001,12.925,13.001,30620,398090.62,,,,,
2021-10-12,13.153,13.153,12.772,12.849,11900,152903.1,,,,,
2021-10-13,12.925,12.925,12.772,12.772,12300,157095.6,,,,,
2021-10-14,12.925,13.001,12.696,12.772,2000,25544.0,,,,,
2021-10-15,12.772,12.772,12.544,12.544,5500,68992.0,,,,,
2021-10-18,12.62,12.62,12.544,12.62,2109,26615.58,,,,,
2021-10-19,12.62,12.62,12.62,12.62,10,126.2,,,,,
2021-10-20,12.696,12.696,12.62,12.62,12200,153964.0,,,,,
2021-10-21,12.62,12.62,12.544,12.62,11300,142606.0,,,,,
2021-10-22,12.849,12.925,12.62,12.62,14647,184845.14,,,,,
2021-10-25,13.001,13.001,12.62,13.001,4404,57256.404,,,,,
2021-10-26,12.849,12.849,12.62,12.849,15700,201729.3,,,,,
2021-10-27,12.849,12.849,12.62,12.772,24000,306528.0,,,,,
2021-10-28,12.849,12.849,12.772,12.849,8400,107931.6,,,,,
2021-10-29,12.849,12.849,12.772,12.772,900,11494.8,,,,,
2021-11-01,12.696,12.925,12.62,12.925,15500,200337.5,,,,,
2021-11-02,12.849,12.849,12.696,12.849,8135,104526.615,,,,,
2021-11-03,12.925,13.001,12.772,12.772,19801,252898.372,,,,,
2021-11-04,12.925,13.001,12.849,13.001,2800,36402.8,,,,,
2021-11-05,13.001,13.077,12.925,13.077,9000,117693.0,,,,,
2021-11-08,12.925,13.153,12.925,13.001,11400,148211.4,,,,,
2021-11-09,13.077,13.077,12.925,13.077,18768,245429.136,,,,,
2021-11-10,13.153,13.153,13.077,13.077,4400,57538.8,,,,,
2021-11-11,13.077,13.229,13.077,13.229,21105,279198.045,,,,,
2021-11-12,13.305,13.305,13.153,13.305,3900,51889.5,,,,,
2021-11-15,13.381,13.457,13.381,13.381,12400,165924.4,,,,,
2021-11-16,13.533,13.533,13.381,13.533,4700,63605.1,,,,,
2021-11-17,13.457,13.609,13.381,13.457,5810,78185.17,,,,,
2021-11-18,13.457,13.457,13.153,13.457,23300,313548.10000000003,,,,,
2021-11-19,13.457,13.533,13.077,13.457,17814,239722.998,,,,,
2021-11-22,13.533,13.685,13.457,13.457,13900,187052.3,,,,,
2021-11-23,12.925,13.533,12.849,13.533,1609,21774.597,,,,,
2021-11-24,13.533,13.533,13.001,13.001,5600,72805.59999999999,,,,,
2021-11-25,13.001,13.305,13.001,13.305,2220,29537.1,,,,,
2021-11-26,13.077,13.077,13.077,13.077,300,3923.1,,,,,
2021-11-29,12.62,13.305,12.544,13.077,8100,105923.7,,,,,
2021-11-30,12.772,13.077,12.772,12.849,12900,165752.1,,,,,
2021-12-01,12.772,12.925,12.772,12.925,6000,77550.0,,,,,
2021-12-02,13.077,13.153,12.925,13.153,14700,193349.1,,,,,
2021-12-03,13.153,13.153,12.849,12.849,7500,96367.5,,,,,
2021-12-06,12.772,13.077,12.772,12.925,19820,256173.5,,,,,
2021-12-07,12.925,13.001,12.925,13.001,18704,243170.704,,,,,
2021-12-08,13.077,13.077,12.925,13.001,8000,104008.0,,,,,
2021-12-09,13.001,13.077,12.925,13.077,7200,94154.4,,,,,
2021-12-10,12.925,13.077,12.925,13.077,7900,103308.3,,,,,
2021-12-13,13.077,13.305,13.001,13.305,6310,83954.55,,,,,
2021-12-14,13.305,13.305,13.153,13.153,1000,13153.0,,,,,
2021-12-15,13.077,13.153,13.077,13.077,1500,19615.5,,,,,
2021-12-16,13.077,13.077,13.077,13.077,100,1307.7,,,,,
2021-12-17,13.077,13.077,13.077,13.077,400,5230.8,,,,,
2021-12-20,12.164,13.229,12.164,12.925,5705,73737.125,,,,,
2021-12-21,13.001,13.153,13.001,13.153,6100,80233.3,,,,,
2021-12-22,13.305,13.685,13.305,13.305,6318,84060.99,,,,,
2021-12-23,12.696,13.305,12.696,13.305,600,7983.0,,,,,
2021-12-24,13.305,13.305,13.229,13.229,2300,30426.7,,,,,
2021-12-27,13.077,13.077,13.077,13.077,2500,32692.5,,,,,
2021-12-28,12.925,12.925,12.544,12.544,29100,365030.4,,,,,
2021-12-29,12.696,13.305,12.696,13.305,400,5322.0,,,,,
2021-12-30,13.305,13.305,13.305,13.305,100,1330.5,,,,,
2021-12-31,13.229,13.229,13.153,13.153,2200,28936.6,,,,,
2022-01-04,13.153,13.153,12.925,12.925,2200,28435.0,,,,,
2022-01-05,13.001,13.001,12.772,12.925,4400,56870.0,,,,,
2022-01-06,12.925,13.001,12.772,12.925,11800,152515.0,,,,,
2022-01-07,13.001,13.001,12.772,12.925,11200,144760.0,,,,,
2022-01-10,12.62,12.849,12.544,12.849,12000,154188.0,,,,,
2022-01-11,12.62,12.849,12.62,12.849,3900,50111.1,,,,,
2022-01-12,12.544,12.849,12.544,12.772,1800,22989.6,,,,,
2022-01-13,12.62,12.696,12.62,12.696,9734,123582.864,,,,,
2022-01-14,12.696,12.696,12.62,12.62,4800,60575.99999999999,,,,,
2022-01-17,12.62,12.62,12.544,12.544,4200,52684.8,,,,,
2022-01-18,12.468,12.544,12.392,12.544,1200,15052.8,,,,,
2022-01-19,12.544,12.62,12.544,12.62,3000,37860.0,,,,,
2022-01-20,12.62,12.62,12.62,12.62,5400,68148.0,,,,,
2022-01-21,12.62,12.62,12.62,12.62,600,7571.999999999999,,,,,
2022-01-24,12.544,12.544,12.468,12.468,2000,24936.0,,,,,
2022-01-25,12.468,12.468,12.468,12.468,0,0.0,,,,,
2022-01-26,12.468,12.468,12.468,12.468,400,4987.2,,,,,
2022-01-27,12.392,12.392,12.164,12.316,2200,27095.2,,,,,
2022-01-28,12.392,12.392,12.164,12.164,900,10947.6,,,,,
2022-02-07,12.164,12.925,12.164,12.925,1600,20680.0,,,,,
2022-02-08,12.925,12.925,12.925,12.925,300,3877.5,,,,,
2022-02-09,12.544,12.544,12.544,12.544,300,3763.2,,,,,
2022-02-10,12.544,12.544,12.544,12.544,0,0.0,,,,,
2022-02-11,12.544,12.544,12.544,12.544,1300,16307.2,,,,,
2022-02-14,12.544,12.772,12.544,12.772,3000,38316.0,,,,,
2022-02-15,12.544,12.544,12.544,12.544,1900,23833.6,,,,,
2022-02-16,12.544,12.544,12.544,12.544,1100,13798.4,,,,,
2022-02-17,12.544,12.62,12.544,12.62,800,10096.0,,,,,
2022-02-18,12.696,12.772,12.62,12.62,2600,32812.0,,,,,
2022-02-21,12.392,12.392,12.392,12.392,100,1239.2,,,,,
2022-02-22,12.468,12.468,12.468,12.468,200,2493.6,,,,,
2022-02-23,12.925,13.685,12.849,13.685,13800,188853.0,,,,,
2022-02-24,13.685,13.685,12.544,12.544,1100,13798.4,,,,,
2022-02-25,12.925,13.305,12.925,13.305,1700,22618.5,,,,,
2022-02-28,13.305,13.305,13.229,13.305,600,7983.0,,,,,
2022-03-01,12.62,12.62,12.62,12.62,5300,66886.0,,,,,
2022-03-02,12.849,12.925,12.849,12.925,3800,49115.0,,,,,
2022-03-03,12.925,12.925,12.925,12.925,5400,69795.0,,,,,
2022-03-04,12.849,12.849,12.849,12.849,300,3854.7,,,,,
2022-03-07,12.696,12.925,12.696,12.925,1900,24557.5,,,,,
2022-03-08,12.62,12.62,12.544,12.544,3600,45158.4,,,,,
2022-03-09,12.62,12.62,12.164,12.164,6800,82715.2,,,,,
2022-03-10,12.925,12.925,12.925,12.925,176,2274.8,,,,,
2022-03-11,12.849,12.925,12.849,12.925,5700,73672.5,,,,,
2022-03-14,12.24,12.849,12.24,12.849,700,8994.3,,,,,
2022-03-15,12.392,12.849,12.392,12.849,1100,14133.9,,,,,
2022-03-16,12.849,12.849,12.849,12.849,1000,12849.0,,,,,
2022-03-17,12.849,12.849,12.849,12.849,1000,12849.0,,,,,
2022-03-18,12.849,12.849,12.544,12.544,6318,79252.992,,,,,
2022-03-21,12.544,12.544,12.544,12.544,11100,139238.4,,,,,
2022-03-22,12.544,12.62,12.544,12.62,2100,26502.0,,,,,
2022-03-23,12.62,12.925,12.62,12.696,12000,152352.0,,,,,
2022-03-24,12.696,12.849,12.696,12.849,1600,20558.4,,,,,
2022-03-25,12.849,13.001,12.849,13.001,300,3900.3,,,,,
2022-03-28,12.544,12.62,12.544,12.62,1200,15143.999999999998,,,,,
2022-03-29,12.62,12.849,12.62,12.62,3400,42908.0,,,,,
2022-03-30,12.772,12.925,12.772,12.772,1922,24547.784,,,,,
2022-03-31,12.772,12.772,12.772,12.772,700,8940.4,,,,,
2022-04-01,13.153,13.153,12.925,12.925,400,5170.0,,,,,
2022-04-04,12.925,12.925,12.849,12.849,1100,14133.9,,,,,
2022-04-05,12.849,12.849,12.849,12.849,1600,20558.4,,,,,
2022-04-06,13.229,13.229,12.925,12.925,2600,33605.0,,,,,
2022-04-07,12.925,12.925,12.544,12.544,3500,43904.0,,,,,
2022-04-08,12.544,12.544,12.544,12.544,0,0.0,,,,,
2022-04-12,12.62,12.62,12.544,12.544,4000,50176.0,,,,,
2022-04-13,12.544,12.544,12.544,12.544,615,7714.56,,,,,
2022-04-14,12.696,12.696,12.696,12.696,150,1904.4,,,,,
2022-04-15,12.849,12.849,12.772,12.849,2530,32507.97,,,,,
2022-04-18,12.772,12.849,12.772,12.772,600,7663.2,,,,,
2022-04-19,12.772,12.772,12.772,12.772,330,4214.76,,,,,
2022-04-20,12.544,12.544,12.468,12.468,2100,26182.8,,,,,
2022-04-21,12.62,12.62,12.62,12.62,130,1640.6,,,,,
2022-04-22,12.62,12.62,12.62,12.62,45,567.9,,,,,
2022-04-25,12.62,12.62,12.468,12.544,3300,41395.2,,,,,
2022-04-26,12.468,12.468,12.316,12.468,1600,19948.8,,,,,
2022-04-27,12.468,12.468,12.468,12.468,506,6308.808,,,,,
2022-04-28,12.468,12.468,12.468,12.468,500,6234.0,,,,,
2022-04-29,12.544,12.544,12.468,12.544,2900,36377.6,,,,,
2022-05-04,12.544,12.544,12.544,12.544,900,11289.6,,,,,
2022-05-05,12.544,12.544,12.544,12.544,0,0.0,,,,,
2022-05-06,11.708,11.708,11.708,11.708,700,8195.6,,,,,
2022-05-09,11.404,11.556,11.404,11.404,2300,26229.2,,,,,
2022-05-10,11.404,11.784,11.404,11.708,4100,48002.8,,,,,
2022-05-11,11.708,11.708,11.708,11.708,3200,37465.6,,,,,
2022-05-12,11.86,11.86,11.404,11.404,3700,42194.8,,,,,
2022-05-13,11.024,11.404,11.024,11.404,1400,15965.6,,,,,
2022-05-16,11.404,11.404,11.404,11.404,100,1140.4,,,,,
2022-05-17,11.404,11.404,11.404,11.404,400,4561.6,,,,,
2022-05-18,11.404,11.404,11.404,11.404,2000,22808.0,,,,,
2022-05-19,11.1,11.1,11.1,11.1,1400,15540.0,,,,,
2022-05-20,11.176,11.176,11.1,11.1,2000,22200.0,,,,,
2022-05-23,11.1,11.1,11.1,11.1,0,0.0,,,,,
2022-05-24,11.1,11.176,11.1,11.176,700,7823.2,,,,,
2022-05-25,11.024,11.024,10.568,11.024,12100,133390.4,,,,,
2022-05-26,11.024,11.024,11.024,11.024,8400,92601.6,,,,,
2022-05-27,11.024,11.1,11.024,11.1,1300,14430.0,,,,,
2022-05-30,11.1,11.176,11.1,11.176,2000,22352.0,,,,,
2022-05-31,11.48,11.48,11.48,11.48,100,1148.0,,,,,
2022-06-01,11.48,11.48,11.48,11.48,0,0.0,,,,,
2022-06-02,11.024,11.024,11.024,11.024,2800,30867.2,,,,,
2022-06-03,11.024,11.024,11.024,11.024,7700,84884.79999999999,,,,,
2022-06-06,11.024,11.176,11.024,11.176,1500,16764.0,,,,,
2022-06-07,10.948,11.176,10.796,11.176,1100,12293.6,,,,,
2022-06-08,11.024,11.252,11.024,11.252,12301,138410.852,,,,,
2022-06-09,11.252,11.252,11.252,11.252,0,0.0,,,,,
2022-06-10,11.1,11.252,11.1,11.252,10700,120396.4,,,,,
2022-06-13,10.796,10.796,10.796,10.796,100,1079.6,,,,,
2022-06-14,11.252,11.404,11.252,11.404,1319,15041.876,,,,,
2022-06-15,11.404,11.404,11.404,11.404,0,0.0,,,,,
2022-06-16,11.404,11.404,11.404,11.404,0,0.0,,,,,
2022-06-17,10.644,11.1,10.644,11.1,2000,22200.0,,,,,
2022-06-20,11.1,11.1,11.1,11.1,9,99.9,,,,,
2022-06-21,11.328,11.328,11.328,11.328,600,6796.799999999999,,,,,
2022-06-22,10.416,11.252,10.416,11.252,700,7876.400000000001,,,,,
2022-06-23,11.252,11.252,11.252,11.252,19,213.788,,,,,
2022-06-24,11.252,11.252,11.252,11.252,409,4602.068,,,,,
2022-06-27,11.252,11.252,11.252,11.252,0,0.0,,,,,
2022-06-28,11.252,11.252,11.252,11.252,100,1125.2,,,,,
2022-06-29,11.176,11.176,11.176,11.176,100,1117.6,,,,,
2022-06-30,11.024,11.024,10.72,11.024,1709,18840.016,,,,,
2022-07-01,11.024,11.024,11.024,11.024,0,0.0,,,,,
2022-07-04,10.948,10.948,10.644,10.644,2100,22352.4,,,,,
2022-07-05,11.024,11.024,11.024,11.024,100,1102.4,,,,,
2022-07-06,10.872,11.024,10.872,11.024,1900,20945.6,,,,,
2022-07-07,10.948,10.948,10.948,10.948,100,1094.8,,,,,
2022-07-08,10.872,10.872,10.872,10.872,700,7610.4,,,,,
2022-07-11,10.872,11.024,10.872,11.024,400,4409.599999999999,,,,,
2022-07-12,11.024,11.024,11.024,11.024,1000,11024.0,,,,,
2022-07-13,11.024,11.024,11.024,11.024,0,0.0,,,,,
2022-07-14,11.176,11.176,11.176,11.176,100,1117.6,,,,,
2022-07-15,11.176,11.176,11.176,11.176,80,894.08,,,,,
2022-07-18,10.264,11.252,10.264,11.252,1200,13502.4,,,,,
2022-07-19,11.252,11.632,11.252,11.252,9000,101268.0,,,,,
2022-07-20,11.404,11.404,11.252,11.252,2100,23629.2,,,,,
2022-07-21,11.252,11.404,11.252,11.404,4100,46756.4,,,,,
2022-07-22,11.404,11.556,11.404,11.48,5200,59696.0,,,,,
2022-07-25,11.404,11.404,11.328,11.404,10600,120882.4,,,,,
2022-07-26,11.404,11.404,11.252,11.252,3000,33756.0,,,,,
2022-07-27,11.252,11.252,11.252,11.252,0,0.0,,,,,
2022-07-28,11.252,11.252,11.252,11.252,0,0.0,,,,,
2022-07-29,11.328,11.328,11.252,11.252,11500,129398.0,,,,,
2022-08-01,12.012,12.012,12.012,12.012,100,1201.2,,,,,
2022-08-02,12.772,12.772,12.772,12.772,100,1277.2,,,,,
2022-08-03,11.784,12.544,11.784,12.544,208,2609.152,,,,,
2022-08-04,12.544,12.544,12.164,12.164,600,7298.4,,,,,
2022-08-05,12.164,12.468,12.164,12.164,11000,133804.0,,,,,
2022-08-08,12.164,12.164,12.088,12.088,1100,13296.8,,,,,
2022-08-09,11.176,12.088,11.176,12.088,400,4835.2,,,,,
2022-08-10,12.088,12.088,12.012,12.088,1200,14505.6,,,,,
2022-08-11,12.088,12.164,12.088,12.088,6000,72528.0,,,,,
2022-08-12,12.088,12.544,12.088,12.544,9900,124185.6,,,,,
2022-08-15,12.544,12.544,12.164,12.392,6300,78069.59999999999,,,,,
2022-08-16,12.164,12.164,12.164,12.164,3900,47439.6,,,,,
2022-08-17,12.24,12.392,12.24,12.392,5500,68156.0,,,,,
2022-08-18,12.392,12.392,12.392,12.392,0,0.0,,,,,
2022-08-19,12.392,12.544,12.392,12.544,4400,55193.6,,,,,
2022-08-22,12.544,12.849,12.468,12.849,9700,124635.3,,,,,
2022-08-23,12.772,12.772,12.696,12.772,15400,196688.8,,,,,
2022-08-24,12.772,13.077,12.772,13.077,4600,60154.2,,,,,
2022-08-25,12.849,13.457,12.849,13.457,12300,165521.1,,,,,
2022-08-26,12.973,13.296,12.973,13.296,1300,17284.8,,,,,
2022-08-29,12.248,12.409,12.248,12.409,1100,13649.9,,,,,
2022-08-30,12.409,12.409,12.409,12.409,0,0.0,,,,,
2022-08-31,13.457,13.457,12.409,12.49,5300,66197.0,,,,,
2022-09-05,12.248,12.409,12.248,12.329,5000,61645.0,,,,,
2022-09-06,12.329,12.329,12.329,12.329,1100,13561.9,,,,,
2022-09-07,12.248,12.248,12.248,12.248,200,2449.6,,,,,
2022-09-08,12.248,12.248,12.248,12.248,0,0.0,,,,,
2022-09-09,12.248,12.248,12.168,12.168,200,2433.6,,,,,
2022-09-12,12.248,12.248,12.248,12.248,1100,13472.8,,,,,
2022-09-13,12.248,12.248,12.248,12.248,0,0.0,,,,,
2022-09-14,11.926,12.49,11.926,12.49,3200,39968.0,,,,,
2022-09-15,12.49,12.49,12.49,12.49,34917,436113.33,,,,,
2022-09-16,12.49,12.49,12.49,12.49,74,924.26,,,,,
2022-09-19,12.49,12.49,12.49,12.49,0,0.0,,,,,
2022-09-20,12.168,12.168,12.168,12.168,500,6084.0,,,,,
2022-09-21,12.168,12.168,12.168,12.168,0,0.0,,,,,
2022-09-22,12.168,12.168,12.168,12.168,200,2433.6,,,,,
2022-09-23,12.168,12.168,12.168,12.168,0,0.0,,,,,
2022-09-26,12.168,12.893,12.168,12.57,18600,233802.0,,,,,
2022-09-27,12.57,12.57,12.57,12.57,0,0.0,,,,,
2022-09-28,12.57,12.57,12.57,12.57,0,0.0,,,,,
2022-09-29,12.57,12.57,12.57,12.57,5,62.85,,,,,
2022-09-30,12.57,12.57,12.57,12.57,2800,35196.0,,,,,
2022-10-03,12.57,12.57,12.57,12.57,911,11451.27,,,,,
2022-10-04,12.57,12.57,12.087,12.49,5100,63699.0,,,,,
2022-10-05,12.49,12.49,12.49,12.49,1500,18735.0,,,,,
2022-10-06,12.168,12.49,12.087,12.49,800,9992.0,,,,,
2022-10-07,12.087,12.49,12.087,12.49,2300,28727.0,,,,,
2022-10-10,12.168,12.49,12.168,12.49,700,8743.0,,,,,
2022-10-11,12.893,12.893,12.893,12.893,100,1289.3000000000002,,,,,
2022-10-12,12.893,12.893,12.893,12.893,0,0.0,,,,,
2022-10-13,12.812,12.812,12.732,12.732,600,7639.2,,,,,
2022-10-14,12.732,12.732,12.651,12.732,3500,44562.0,,,,,
2022-10-17,12.893,12.893,12.812,12.893,10300,132797.9,,,,,
2022-10-18,12.893,12.893,12.893,12.893,7400,95408.2,,,,,
2022-10-19,12.893,12.893,12.893,12.893,1600,20628.800000000003,,,,,
2022-10-20,12.893,12.893,12.893,12.893,100,1289.3000000000002,,,,,
2022-10-21,12.893,12.893,12.893,12.893,900,11603.7,,,,,
2022-10-24,12.57,12.57,12.57,12.57,2300,28911.0,,,,,
2022-10-25,12.49,12.49,12.49,12.49,700,8743.0,,,,,
2022-10-26,12.57,12.57,12.57,12.57,2500,31425.0,,,,,
2022-10-27,12.49,12.57,12.087,12.087,9600,116035.2,,,,,
2022-10-28,11.765,13.215,11.765,13.215,303,4004.145,,,,,
2022-10-31,12.893,12.893,12.893,12.893,5050,65109.65,,,,,
2022-11-01,12.893,12.893,12.893,12.893,0,0.0,,,,,
2022-11-02,12.893,12.893,12.893,12.893,600,7735.8,,,,,
2022-11-03,12.893,12.893,12.893,12.893,0,0.0,,,,,
2022-11-04,12.893,12.893,12.651,12.651,1200,15181.2,,,,,
2022-11-07,12.651,12.651,12.651,12.651,528,6679.728,,,,,
2022-11-08,12.57,12.651,12.57,12.651,4000,50604.0,,,,,
2022-11-09,12.651,12.651,12.651,12.651,0,0.0,,,,,
2022-11-10,12.087,12.49,12.087,12.49,400,4996.0,,,,,
2022-11-11,12.49,12.49,12.49,12.49,2000,24980.0,,,,,
2022-11-14,12.087,12.087,12.087,12.087,140,1692.18,,,,,
2022-11-15,12.087,12.087,12.087,12.087,0,0.0,,,,,
2022-11-16,12.087,12.087,11.281,11.926,4400,52474.4,,,,,
2022-11-17,12.087,12.087,11.281,12.006,9000,108054.0,,,,,
2022-11-18,12.006,12.006,12.006,12.006,0,0.0,,,,,
2022-11-21,12.409,12.409,12.087,12.087,2000,24174.0,,,,,
2022-11-22,11.845,12.006,11.765,12.006,2134,25620.804,,,,,
2022-11-23,12.006,12.006,12.006,12.006,500,6003.0,,,,,
2022-11-24,12.006,12.006,12.006,12.006,1000,12006.0,,,,,
2022-11-25,12.006,12.006,12.006,12.006,0,0.0,,,,,
2022-11-28,12.006,12.006,12.006,12.006,1400,16808.4,,,,,
2022-11-29,12.006,12.006,12.006,12.006,500,6003.0,,,,,
2022-11-30,11.765,11.765,11.523,11.603,4100,47572.3,,,,,
2022-12-01,12.006,12.006,11.684,12.006,5600,67233.6,,,,,
2022-12-02,12.006,12.006,12.006,12.006,300,3601.8,,,,,
2022-12-05,12.006,12.248,11.926,12.006,8300,99649.8,,,,,
2022-12-06,12.087,12.087,12.006,12.006,1500,18009.0,,,,,
2022-12-07,11.926,11.926,11.926,11.926,700,8348.2,,,,,
2022-12-08,11.926,12.006,11.926,12.006,1200,14407.2,,,,,
2022-12-09,12.006,12.006,12.006,12.006,2015,24192.09,,,,,
2022-12-12,12.087,12.087,12.087,12.087,2005,24234.435,,,,,
2022-12-13,12.087,12.087,12.087,12.087,0,0.0,,,,,
2022-12-14,12.248,12.248,12.248,12.248,1600,19596.8,,,,,
2022-12-15,12.49,12.49,12.087,12.49,2400,29976.0,,,,,
2022-12-16,12.49,12.49,12.49,12.49,0,0.0,,,,,
2022-12-19,12.49,12.49,12.49,12.49,0,0.0,,,,,
2022-12-20,12.087,12.087,12.087,12.087,1100,13295.7,,,,,
2022-12-21,12.087,12.087,12.087,12.087,500,6043.5,,,,,
2022-12-22,12.087,12.168,12.087,12.087,2500,30217.5,,,,,
2022-12-23,12.168,12.168,12.087,12.087,2000,24174.0,,,,,
2022-12-26,12.087,12.087,12.087,12.087,0,0.0,,,,,
2022-12-27,12.087,12.087,12.087,12.087,0,0.0,,,,,
2022-12-28,12.087,12.087,12.087,12.087,0,0.0,,,,,
2022-12-29,12.168,12.168,12.087,12.087,3400,41095.8,,,,,
2022-12-30,11.926,11.926,11.926,11.926,200,2385.2,,,,,
2023-01-03,11.926,11.926,11.926,11.926,200,2385.2,,,,,
2023-01-04,11.926,12.087,11.926,12.087,500,6043.5,,,,,
2023-01-05,12.087,12.087,12.087,12.087,0,0.0,,,,,
2023-01-06,12.168,12.168,12.168,12.168,300,3650.4,,,,,
2023-01-09,12.168,12.168,12.168,12.168,0,0.0,,,,,
2023-01-10,12.49,12.732,12.49,12.732,8000,101856.0,,,,,
2023-01-11,12.893,13.376,12.893,13.376,4100,54841.6,,,,,
2023-01-12,13.376,13.376,13.376,13.376,3000,40128.0,,,,,
2023-01-13,13.296,13.296,13.296,13.296,3000,39888.0,,,,,
2023-01-16,13.296,13.296,13.215,13.215,2000,26430.0,,,,,
2023-01-17,13.215,13.215,13.215,13.215,0,0.0,,,,,
2023-01-18,13.215,13.215,13.215,13.215,0,0.0,,,,,
2023-01-19,13.215,13.215,13.215,13.215,0,0.0,,,,,
2023-01-27,13.215,13.215,13.215,13.215,0,0.0,,,,,
2023-01-30,13.215,13.215,12.893,12.893,5600,72200.8,,,,,
2023-01-31,13.215,13.215,12.49,12.49,200,2498.0,,,,,
2023-02-01,12.49,12.49,12.49,12.49,0,0.0,,,,,
2023-02-02,12.651,12.651,12.651,12.651,5500,69580.5,,,,,
2023-02-03,12.651,12.732,12.651,12.651,900,11385.9,,,,,
2023-02-06,12.651,12.973,12.651,12.973,3100,40216.3,,,,,
2023-02-07,12.973,12.973,12.973,12.973,0,0.0,,,,,
2023-02-08,12.973,12.973,12.973,12.973,600,7783.8,,,,,
2023-02-09,12.973,12.973,12.973,12.973,0,0.0,,,,,
2023-02-10,13.618,13.618,13.296,13.296,1100,14625.6,,,,,
2023-02-13,13.296,13.296,13.296,13.296,0,0.0,,,,,
2023-02-14,12.893,12.893,12.893,12.893,2200,28364.6,,,,,
2023-02-15,12.893,12.893,12.651,12.651,1100,13916.1,,,,,
2023-02-16,12.732,12.732,12.651,12.651,7800,98677.8,,,,,
2023-02-17,12.893,12.893,12.893,12.893,400,5157.200000000001,,,,,
2023-02-20,12.893,12.893,12.893,12.893,400,5157.200000000001,,,,,
2023-02-21,12.893,12.893,12.893,12.893,0,0.0,,,,,
2023-02-22,12.893,12.893,12.893,12.893,0,0.0,,,,,
2023-02-23,12.893,12.893,12.893,12.893,0,0.0,,,,,
2023-02-24,12.893,12.893,12.893,12.893,0,0.0,,,,,
2023-02-27,12.893,12.893,12.893,12.893,1200,15471.6,,,,,
2023-02-28,12.893,12.893,12.893,12.893,0,0.0,,,,,
2023-03-01,12.893,12.893,12.893,12.893,1500,19339.5,,,,,
2023-03-02,12.893,12.893,12.893,12.893,700,9025.1,,,,,
2023-03-03,12.893,12.893,12.893,12.893,1100,14182.3,,,,,
2023-03-06,12.893,12.893,12.893,12.893,1000,12893.0,,,,,
2023-03-07,12.893,12.893,12.893,12.893,0,0.0,,,,,
2023-03-08,12.893,12.893,12.893,12.893,10,128.93,,,,,
2023-03-09,12.893,12.893,12.893,12.893,200,2578.6000000000004,,,,,
2023-03-10,12.893,12.893,12.893,12.893,200,2578.6000000000004,,,,,
2023-03-13,12.893,12.893,12.893,12.893,0,0.0,,,,,
2023-03-14,12.893,12.893,12.893,12.893,0,0.0,,,,,
2023-03-15,12.893,12.893,12.893,12.893,0,0.0,,,,,
2023-03-16,12.893,12.893,12.893,12.893,0,0.0,,,,,
2023-03-17,12.732,12.973,12.732,12.973,200,2594.6000000000004,,,,,
2023-03-20,12.973,12.973,12.973,12.973,0,0.0,,,,,
2023-03-21,12.973,12.973,12.973,12.973,0,0.0,,,,,
2023-03-22,13.054,13.054,12.651,12.651,4000,50604.0,,,,,
2023-03-23,12.57,12.57,12.57,12.57,100,1257.0,,,,,
2023-03-24,12.893,13.296,12.893,13.215,400,5286.0,,,,,
2023-03-27,13.215,13.215,13.215,13.215,0,0.0,,,,,
2023-03-28,13.215,13.215,13.215,13.215,0,0.0,,,,,
2023-03-29,13.215,13.215,13.215,13.215,0,0.0,,,,,
2023-03-30,13.215,13.215,13.215,13.215,0,0.0,,,,,
2023-03-31,12.168,12.168,12.168,12.168,1000,12168.0,,,,,
2023-04-03,12.248,12.248,12.248,12.248,1100,13472.8,,,,,
2023-04-04,12.248,12.248,12.248,12.248,0,0.0,,,,,
2023-04-05,12.893,12.893,12.893,12.893,100,1289.3000000000002,,,,,
2023-04-06,12.893,12.893,12.893,12.893,0,0.0,,,,,
2023-04-07,12.893,12.893,12.893,12.893,300,3867.9,,,,,
2023-04-10,12.893,12.893,12.893,12.893,85,1095.905,,,,,
2023-04-11,12.893,12.893,12.893,12.893,0,0.0,,,,,
2023-04-12,13.054,13.054,12.893,12.973,801,10391.373,,,,,
2023-04-13,12.973,12.973,12.973,12.973,17,220.54100000000005,,,,,
2023-04-14,12.973,12.973,12.973,12.973,0,0.0,,,,,
2023-04-17,12.087,12.087,12.087,12.087,100,1208.7,,,,,
2023-04-18,12.57,12.57,12.57,12.57,1000,12570.0,,,,,
2023-04-19,12.57,12.57,12.57,12.57,0,0.0,,,,,
2023-04-20,12.57,12.57,12.57,12.57,0,0.0,,,,,
2023-04-21,12.651,12.651,12.651,12.651,100,1265.1,,,,,
2023-04-24,12.893,13.134,12.893,12.893,12300,158583.9,,,,,
2023-04-25,12.893,12.893,12.893,12.893,0,0.0,,,,,
2023-04-26,12.893,12.893,12.893,12.893,0,0.0,,,,,
2023-04-27,12.893,12.893,12.893,12.893,0,0.0,,,,,
2023-04-28,12.893,12.893,12.893,12.893,0,0.0,,,,,
2023-05-04,13.134,13.134,13.134,13.134,100,1313.4,,,,,
2023-05-05,12.329,12.329,12.329,12.329,500,6164.5,,,,,
2023-05-08,12.329,12.329,12.329,12.329,0,0.0,,,,,
2023-05-09,12.329,12.329,12.329,12.329,0,0.0,,,,,
2023-05-10,12.329,12.329,12.329,12.329,0,0.0,,,,,
2023-05-11,12.57,12.57,12.49,12.49,2100,26229.0,,,,,
2023-05-12,12.409,12.409,12.409,12.409,400,4963.6,,,,,
2023-05-15,12.409,12.409,12.409,12.409,0,0.0,,,,,
2023-05-16,12.49,13.134,12.087,12.087,5700,68895.9,,,,,
2023-05-17,12.087,12.087,12.087,12.087,0,0.0,,,,,
2023-05-18,12.49,12.49,12.49,12.49,1700,21233.0,,,,,
2023-05-19,12.49,12.49,12.49,12.49,100,1249.0,,,,,
2023-05-22,12.49,12.49,12.49,12.49,4000,49960.0,,,,,
2023-05-23,12.732,12.732,12.49,12.49,900,11241.0,,,,,
2023-05-24,12.49,12.49,12.49,12.49,0,0.0,,,,,
2023-05-25,12.49,12.49,12.49,12.49,0,0.0,,,,,
2023-05-26,12.49,12.49,12.49,12.49,800,9992.0,,,,,
2023-05-29,12.168,12.168,12.168,12.168,100,1216.8,,,,,
2023-05-30,12.168,12.168,12.168,12.168,0,0.0,,,,,
2023-05-31,12.49,12.49,12.49,12.49,13300,166117.0,,,,,
2023-06-01,12.49,12.57,12.49,12.57,12600,158382.0,,,,,
2023-06-02,12.57,12.57,12.57,12.57,1000,12570.0,,,,,
2023-06-05,12.57,13.779,12.57,13.779,20700,285225.3,,,,,
2023-06-06,13.779,14.585,13.779,14.504,10100,146490.4,,,,,
2023-06-07,14.424,14.988,14.424,14.988,23200,347721.6,,,,,
2023-06-08,14.988,16.116,14.504,16.116,21100,340047.6,,,,,
2023-06-09,15.31,15.31,15.31,15.31,100,1531.0,,,,,
2023-06-12,15.471,15.471,13.779,15.471,24200,374398.2,,,,,
2023-06-13,15.471,15.471,15.471,15.471,200,3094.2,,,,,
2023-06-14,14.101,14.101,13.94,13.94,800,11152.0,,,,,
2023-06-15,12.893,12.893,12.57,12.893,12000,154716.0,,,,,
2023-06-16,12.732,14.182,12.732,14.182,22600,320513.2,,,,,
2023-06-19,14.504,15.552,14.182,14.182,11300,160256.6,,,,,
2023-06-20,14.101,14.504,14.101,14.182,7300,103528.6,,,,,
2023-06-21,14.504,14.504,14.182,14.182,12100,171602.2,,,,,
2023-06-22,14.263,14.263,14.182,14.182,31800,450987.6,,,,,
2023-06-23,14.182,14.182,14.182,14.182,16200,229748.4,,,,,
2023-06-26,14.182,14.182,14.182,14.182,2900,41127.8,,,,,
2023-06-27,14.182,14.182,14.182,14.182,2000,28364.0,,,,,
2023-06-28,13.699,14.504,13.699,14.504,13400,194353.6,,,,,
2023-06-29,14.182,14.585,13.699,13.699,40500,554809.5,,,,,
2023-06-30,13.699,13.699,13.699,13.699,0,0.0,,,,,
2023-07-03,13.699,13.699,13.699,13.699,3500,47946.5,,,,,
2023-07-04,13.699,13.699,13.699,13.699,0,0.0,,,,,
2023-07-05,13.699,14.101,13.699,13.86,3100,42966.0,,,,,
2023-07-06,13.86,13.86,13.86,13.86,0,0.0,,,,,
2023-07-07,13.86,13.86,13.86,13.86,0,0.0,,,,,
2023-07-10,13.699,13.699,13.699,13.699,5000,68495.0,,,,,
2023-07-11,13.699,14.504,13.699,13.86,5400,74844.0,,,,,
2023-07-12,15.23,15.23,13.699,13.699,900,12329.1,,,,,
2023-07-13,14.665,14.827,14.665,14.827,2300,34102.1,,,,,
2023-07-14,14.827,14.827,14.827,14.827,0,0.0,,,,,
2023-07-17,14.504,14.504,14.504,14.504,1000,14504.0,,,,,
2023-07-18,14.585,14.665,14.504,14.504,7800,113131.2,,,,,
2023-07-19,14.101,14.182,14.101,14.101,1500,21151.5,,,,,
2023-07-20,14.101,14.101,14.101,14.101,23300,328553.30000000005,,,,,
2023-07-21,14.101,14.101,14.101,14.101,0,0.0,,,,,
2023-07-24,14.101,14.343,14.101,14.343,8000,114744.0,,,,,
2023-07-25,14.263,14.504,14.263,14.504,7100,102978.4,,,,,
2023-07-26,14.504,14.504,14.182,14.182,3200,45382.4,,,,,
2023-07-27,14.504,14.504,14.182,14.504,23400,339393.6,,,,,
2023-07-28,14.504,14.504,14.504,14.504,0,0.0,,,,,
2023-07-31,14.504,14.504,14.504,14.504,1000,14504.0,,,,,
2023-08-01,14.504,14.504,14.504,14.504,0,0.0,,,,,
2023-08-02,14.504,14.504,14.504,14.504,14500,210308.0,,,,,
2023-08-03,14.504,14.504,14.504,14.504,900,13053.6,,,,,
2023-08-04,14.504,14.504,14.504,14.504,0,0.0,,,,,
2023-08-07,14.504,14.504,14.504,14.504,0,0.0,,,,,
2023-08-08,14.182,14.182,14.182,14.182,900,12763.8,,,,,
2023-08-09,14.504,14.585,14.504,14.504,11200,162444.8,,,,,
2023-08-10,14.504,14.504,14.504,14.504,0,0.0,,,,,
2023-08-11,14.101,14.101,14.101,14.101,1000,14101.0,,,,,
2023-08-14,14.101,14.101,14.101,14.101,0,0.0,,,,,
2023-08-15,14.182,14.182,14.182,14.182,2600,36873.2,,,,,
2023-08-16,14.504,14.504,14.504,14.504,300,4351.2,,,,,
2023-08-17,14.504,14.504,14.504,14.504,5500,79772.0,,,,,
2023-08-18,14.424,14.424,14.343,14.343,1900,27251.7,,,,,
2023-08-21,14.343,14.343,14.343,14.343,1000,14343.0,,,,,
2023-08-22,14.343,14.343,14.343,14.343,100,1434.3,,,,,
2023-08-23,14.343,14.343,14.343,14.343,0,0.0,,,,,
2023-08-24,14.343,14.343,14.343,14.343,3000,43029.0,,,,,
2023-08-25,14.343,14.343,14.343,14.343,0,0.0,,,,,
2023-08-28,14.343,14.343,14.343,14.343,1,14.343,,,,,
2023-08-29,14.343,14.343,14.343,14.343,26900,385826.7,,,,,
2023-08-30,15.149,15.149,15.149,15.149,102,1545.198,,,,,
2023-08-31,15.149,15.31,15.149,15.31,3500,53585.0,,,,,
2023-09-05,15.31,15.31,15.31,15.31,1200,18372.0,,,,,
2023-09-06,15.068,15.068,14.504,14.504,200,2900.8,,,,,
2023-09-07,14.907,14.907,14.504,14.504,1500,21756.0,,,,,
2023-09-08,14.665,14.665,14.585,14.585,1100,16043.500000000002,,,,,
2023-09-11,14.665,15.552,14.585,15.391,5205,80110.155,,,,,
2023-09-12,15.39,15.39,15.39,15.39,0,0.0,,,,,
2023-09-13,15.39,15.39,15.39,15.39,0,0.0,,,,,
2023-09-14,13.929,15.476,13.929,15.304,800,12243.2,,,,,
2023-09-15,15.304,15.304,15.304,15.304,300,4591.2,,,,,
2023-09-18,15.304,15.304,15.304,15.304,0,0.0,,,,,
2023-09-19,15.304,15.304,15.304,15.304,0,0.0,,,,,
2023-09-20,15.304,15.304,15.304,15.304,0,0.0,,,,,
2023-09-21,15.304,15.304,15.304,15.304,100,1530.4,,,,,
2023-09-22,14.616,15.304,14.616,15.304,5000,76520.0,,,,,
2023-09-25,15.476,15.476,15.046,15.046,200,3009.2,,,,,
2023-09-26,15.046,15.046,15.046,15.046,0,0.0,,,,,
2023-09-27,15.046,15.046,15.046,15.046,2005,30167.23,,,,,
2023-09-28,15.046,15.304,15.046,15.304,73400,1123313.6,,,,,
2023-09-29,15.304,15.304,15.304,15.304,0,0.0,,,,,
2023-10-02,15.304,15.304,15.304,15.304,0,0.0,,,,,
2023-10-03,15.304,15.304,15.304,15.304,2000,30608.0,,,,,
2023-10-04,15.476,15.476,15.046,15.046,80400,1209698.4,,,,,
2023-10-05,15.046,15.046,15.046,15.046,0,0.0,,,,,
2023-10-06,15.304,15.304,15.304,15.304,200,3060.8,,,,,
2023-10-09,15.304,15.304,15.304,15.304,10,153.04,,,,,
2023-10-10,15.304,15.304,15.304,15.304,0,0.0,,,,,
2023-10-11,15.304,15.304,15.304,15.304,0,0.0,,,,,
2023-10-12,15.304,15.304,15.304,15.304,1000,15304.0,,,,,
2023-10-13,15.304,15.304,15.304,15.304,0,0.0,,,,,
2023-10-16,15.304,15.304,15.304,15.304,600,9182.4,,,,,
2023-10-17,15.304,15.304,15.304,15.304,0,0.0,,,,,
2023-10-18,15.304,15.304,15.304,15.304,1100,16834.4,,,,,
2023-10-19,15.304,15.304,15.304,15.304,800,12243.2,,,,,
2023-10-20,15.304,15.304,15.304,15.304,1500,22956.0,,,,,
2023-10-23,15.304,15.304,15.304,15.304,0,0.0,,,,,
2023-10-24,15.304,15.304,15.304,15.304,1,15.304,,,,,
2023-10-25,15.304,15.304,15.304,15.304,0,0.0,,,,,
2023-10-26,15.304,15.304,15.046,15.046,16200,243745.2,,,,,
2023-10-27,15.046,15.046,15.046,15.046,0,0.0,,,,,
2023-10-30,15.046,15.046,15.046,15.046,0,0.0,,,,,
2023-10-31,15.046,15.046,15.046,15.046,0,0.0,,,,,
2023-11-01,15.046,15.046,15.046,15.046,0,0.0,,,,,
2023-11-02,15.046,15.046,15.046,15.046,0,0.0,,,,,
2023-11-03,14.616,14.616,14.53,14.53,500,7265.0,,,,,
2023-11-06,14.616,15.906,14.616,15.906,1500,23859.0,,,,,
2023-11-07,14.616,14.616,14.53,14.53,800,11624.0,,,,,
2023-11-08,14.53,14.53,14.53,14.53,0,0.0,,,,,
2023-11-09,14.53,14.53,14.53,14.53,0,0.0,,,,,
2023-11-10,14.53,14.53,14.53,14.53,0,0.0,,,,,
2023-11-13,14.53,14.53,14.53,14.53,0,0.0,,,,,
2023-11-14,14.53,14.53,14.53,14.53,0,0.0,,,,,
2023-11-15,14.53,15.476,14.444,15.476,300,4642.8,,,,,
2023-11-16,15.476,15.476,15.476,15.476,0,0.0,,,,,
2023-11-17,15.476,15.476,15.476,15.476,0,0.0,,,,,
2023-11-20,15.476,15.476,15.476,15.476,0,0.0,,,,,
2023-11-21,14.53,14.53,14.53,14.53,100,1453.0,,,,,
2023-11-22,14.53,14.53,14.53,14.53,0,0.0,,,,,
2023-11-23,14.53,14.53,14.53,14.53,0,0.0,,,,,
2023-11-24,14.53,14.53,14.53,14.53,100,1453.0,,,,,
2023-11-27,14.53,14.53,14.53,14.53,0,0.0,,,,,
2023-11-28,14.53,14.53,14.53,14.53,0,0.0,,,,,
2023-11-29,15.39,15.39,15.39,15.39,100,1539.0,,,,,
2023-11-30,15.39,15.39,15.39,15.39,2,30.78,,,,,
2023-12-01,15.39,15.39,15.39,15.39,0,0.0,,,,,
2023-12-04,15.39,15.39,15.39,15.39,0,0.0,,,,,
2023-12-05,15.39,15.39,15.39,15.39,0,0.0,,,,,
2023-12-06,15.39,15.39,15.39,15.39,0,0.0,,,,,
2023-12-07,15.39,15.39,15.39,15.39,0,0.0,,,,,
2023-12-08,15.39,15.39,15.39,15.39,0,0.0,,,,,
2023-12-11,15.39,15.39,15.39,15.39,0,0.0,,,,,
2023-12-12,15.39,15.39,15.39,15.39,0,0.0,,,,,
2023-12-13,15.39,15.39,15.39,15.39,0,0.0,,,,,
2023-12-14,15.39,15.39,15.39,15.39,0,0.0,,,,,
2023-12-15,15.39,15.39,15.39,15.39,0,0.0,,,,,
2023-12-18,15.39,15.39,15.39,15.39,0,0.0,,,,,
2023-12-19,15.476,15.476,15.476,15.476,300,4642.8,,,,,
2023-12-20,15.476,15.476,15.476,15.476,0,0.0,,,,,
2023-12-21,15.476,15.476,15.476,15.476,0,0.0,,,,,
2023-12-22,15.476,15.476,15.476,15.476,0,0.0,,,,,
2023-12-25,15.476,15.476,15.476,15.476,0,0.0,,,,,
2023-12-26,15.476,15.476,15.476,15.476,0,0.0,,,,,
2023-12-27,15.476,15.476,15.476,15.476,0,0.0,,,,,
2023-12-28,15.476,15.476,15.476,15.476,0,0.0,,,,,
2023-12-29,15.476,15.476,15.476,15.476,0,0.0,,,,,
2024-01-02,15.476,15.476,15.476,15.476,0,0.0,,,,,
2024-01-03,15.476,15.476,15.476,15.476,0,0.0,,,,,
2024-01-04,15.476,15.476,15.476,15.476,0,0.0,,,,,
2024-01-05,15.476,15.476,15.476,15.476,0,0.0,,,,,
2024-01-08,15.476,15.476,15.476,15.476,0,0.0,,,,,
2024-01-09,15.046,15.046,15.046,15.046,300,4513.8,,,,,
2024-01-10,14.616,14.616,14.187,14.358,2200,31587.6,,,,,
2024-01-11,14.101,14.101,14.101,14.101,4000,56404.0,,,,,
2024-01-12,14.101,14.101,14.101,14.101,0,0.0,,,,,
2024-01-15,14.101,14.101,14.101,14.101,0,0.0,,,,,
2024-01-16,13.757,13.757,13.757,13.757,200,2751.4,,,,,
2024-01-17,13.757,13.757,12.381,12.381,11700,144857.7,,,,,
2024-01-18,12.381,12.381,12.381,12.381,0,0.0,,,,,
2024-01-19,12.381,12.381,12.381,12.381,0,0.0,,,,,
2024-01-22,12.381,12.381,12.381,12.381,0,0.0,,,,,
2024-01-23,12.897,12.897,12.897,12.897,1100,14186.7,,,,,
2024-01-24,12.897,12.897,12.897,12.897,0,0.0,,,,,
2024-01-25,12.897,12.897,12.897,12.897,2100,27083.7,,,,,
2024-01-26,12.897,12.897,12.897,12.897,0,0.0,,,,,
2024-01-29,12.897,12.897,12.897,12.897,0,0.0,,,,,
2024-01-30,12.897,12.897,12.897,12.897,10000,128970.0,,,,,
2024-01-31,12.897,12.897,12.897,12.897,0,0.0,,,,,
2024-02-01,12.897,12.897,12.897,12.897,0,0.0,,,,,
2024-02-02,12.897,12.897,12.897,12.897,6400,82540.8,,,,,
2024-02-05,12.897,12.897,12.897,12.897,0,0.0,,,,,
2024-02-06,12.897,12.897,12.897,12.897,200,2579.4,,,,,
2024-02-07,12.467,12.467,12.467,12.467,300,3740.1,,,,,
2024-02-15,12.897,12.897,12.897,12.897,200,2579.4,,,,,
2024-02-16,12.897,12.897,12.897,12.897,0,0.0,,,,,
2024-02-19,12.897,12.897,12.897,12.897,0,0.0,,,,,
2024-02-20,12.897,12.897,12.897,12.897,0,0.0,,,,,
2024-02-21,12.897,12.897,12.897,12.897,0,0.0,,,,,
2024-02-22,12.897,12.897,12.897,12.897,0,0.0,,,,,
2024-02-23,12.897,12.897,12.897,12.897,0,0.0,,,,,
2024-02-26,12.897,12.897,12.897,12.897,0,0.0,,,,,
2024-02-27,13.757,13.757,13.757,13.757,100,1375.7,,,,,
2024-02-28,13.757,13.757,13.757,13.757,0,0.0,,,,,
2024-02-29,13.757,13.757,13.757,13.757,0,0.0,,,,,
2024-03-01,13.757,13.757,13.757,13.757,0,0.0,,,,,
2024-03-04,13.757,13.757,13.757,13.757,0,0.0,,,,,
2024-03-05,13.585,13.585,12.811,12.811,500,6405.5,,,,,
2024-03-06,12.811,12.811,12.811,12.811,0,0.0,,,,,
2024-03-07,12.811,12.811,12.811,12.811,0,0.0,,,,,
2024-03-08,12.811,12.811,12.811,12.811,0,0.0,,,,,
2024-03-11,12.811,12.811,12.811,12.811,3301,42289.111,,,,,
2024-03-12,12.897,12.897,12.897,12.897,1600,20635.2,,,,,
2024-03-13,12.897,12.897,12.897,12.897,0,0.0,,,,,
2024-03-14,12.897,12.897,12.897,12.897,0,0.0,,,,,
2024-03-15,13.155,13.155,13.155,13.155,2400,31572.0,,,,,
2024-03-18,13.155,13.155,13.155,13.155,0,0.0,,,,,
2024-03-19,13.155,13.155,13.155,13.155,0,0.0,,,,,
2024-03-20,13.585,13.585,13.585,13.585,324,4401.54,,,,,
2024-03-21,14.874,14.874,14.874,14.874,370,5503.38,,,,,
2024-03-22,14.444,14.616,14.444,14.616,890,13008.24,,,,,
2024-03-25,14.616,14.616,14.616,14.616,0,0.0,,,,,
2024-03-26,13.843,13.843,13.843,13.843,600,8305.8,,,,,
2024-03-27,13.843,13.843,13.843,13.843,5,69.215,,,,,
2024-03-28,13.843,13.843,13.843,13.843,0,0.0,,,,,
2024-03-29,13.843,13.843,13.843,13.843,0,0.0,,,,,
2024-04-01,13.843,13.843,13.843,13.843,2,27.686,,,,,
2024-04-02,13.843,13.843,13.843,13.843,0,0.0,,,,,
2024-04-03,13.929,13.929,13.929,13.929,101,1406.829,,,,,
2024-04-04,13.929,13.929,13.929,13.929,0,0.0,,,,,
2024-04-05,13.929,13.929,13.929,13.929,70,975.03,,,,,
2024-04-08,13.929,13.929,13.929,13.929,0,0.0,,,,,
2024-04-09,13.757,13.757,13.327,13.327,200,2665.4,,,,,
2024-04-10,13.327,13.327,13.327,13.327,0,0.0,,,,,
2024-04-11,13.327,13.327,13.327,13.327,1,13.327,,,,,
2024-04-12,13.327,13.327,13.327,13.327,1,13.327,,,,,
2024-04-15,13.757,13.757,13.757,13.757,4170,57366.69,,,,,
2024-04-16,13.757,13.929,13.757,13.929,2500,34822.5,,,,,
2024-04-17,13.929,13.929,13.929,13.929,0,0.0,,,,,
2024-04-19,13.929,13.929,13.929,13.929,0,0.0,,,,,
2024-04-22,13.929,13.929,13.929,13.929,0,0.0,,,,,
2024-04-23,13.929,13.929,13.929,13.929,0,0.0,,,,,
2024-04-24,13.929,13.929,13.929,13.929,100,1392.9,,,,,
2024-04-25,13.929,13.929,13.929,13.929,0,0.0,,,,,
2024-04-26,14.015,14.015,14.015,14.015,300,4204.5,,,,,
2024-05-02,14.015,14.015,14.015,14.015,105,1471.575,,,,,
2024-05-03,12.897,12.897,12.897,12.897,100,1289.7,,,,,
2024-05-06,12.897,12.897,12.897,12.897,0,0.0,,,,,
2024-05-07,12.897,12.897,12.897,12.897,0,0.0,,,,,
2024-05-08,12.897,12.897,12.897,12.897,700,9027.9,,,,,
2024-05-09,12.897,12.897,12.897,12.897,10,128.97,,,,,
2024-05-10,12.897,12.897,12.897,12.897,205,2643.885,,,,,
2024-05-13,12.897,12.897,12.897,12.897,0,0.0,,,,,
2024-05-14,12.897,12.897,12.897,12.897,0,0.0,,,,,
2024-05-15,12.897,12.897,12.897,12.897,0,0.0,,,,,
2024-05-16,12.897,12.897,12.897,12.897,0,0.0,,,,,
2024-05-17,12.897,12.897,12.897,12.897,100,1289.7,,,,,
2024-05-20,12.897,12.897,12.897,12.897,0,0.0,,,,,
2024-05-21,12.897,12.897,12.897,12.897,0,0.0,,,,,
2024-05-22,12.897,12.897,12.897,12.897,0,0.0,,,,,
2024-05-23,13.327,13.327,13.327,13.327,1000,13327.0,,,,,
2024-05-24,13.327,13.327,13.327,13.327,402,5357.454,,,,,
2024-05-27,12.983,12.983,12.983,12.983,100,1298.3,,,,,
2024-05-28,13.843,13.929,13.843,13.929,1902,26492.958,,,,,
2024-05-29,13.929,13.929,13.929,13.929,0,0.0,,,,,
2024-05-30,13.929,13.929,13.929,13.929,0,0.0,,,,,
2024-05-31,13.757,13.757,13.757,13.757,400,5502.8,,,,,
2024-06-03,13.757,13.757,13.757,13.757,0,0.0,,,,,
2024-06-04,12.381,13.929,12.381,13.929,500,6964.5,,,,,
2024-06-05,13.413,13.413,13.413,13.413,1000,13413.0,,,,,
2024-06-06,14.444,14.444,13.929,13.929,1117,15558.693,,,,,
2024-06-07,13.929,13.929,13.929,13.929,0,0.0,,,,,
2024-06-10,13.929,13.929,13.929,13.929,0,0.0,,,,,
2024-06-11,13.929,13.929,13.929,13.929,0,0.0,,,,,
2024-06-12,13.585,13.585,13.585,13.585,1000,13585.0,,,,,
2024-06-13,13.585,13.585,13.585,13.585,0,0.0,,,,,
2024-06-14,13.585,13.585,13.585,13.585,0,0.0,,,,,
2024-06-17,13.757,13.757,13.757,13.757,600,8254.199999999999,,,,,
2024-06-18,12.983,12.983,12.983,12.983,100,1298.3,,,,,
2024-06-19,12.381,12.381,12.381,12.381,200,2476.2,,,,,
2024-06-20,12.381,12.381,12.381,12.381,0,0.0,,,,,
2024-06-21,13.585,13.585,13.585,13.585,300,4075.500000000001,,,,,
2024-06-24,13.585,13.585,13.585,13.585,0,0.0,,,,,
2024-06-25,13.585,13.585,13.585,13.585,0,0.0,,,,,
2024-06-26,13.585,13.585,13.585,13.585,0,0.0,,,,,
2024-06-27,12.897,12.897,12.897,12.897,100,1289.7,,,,,
2024-06-28,12.897,12.897,12.897,12.897,0,0.0,,,,,
2024-07-01,12.897,13.241,12.897,13.241,1100,14565.1,,,,,
2024-07-02,13.241,13.241,13.241,13.241,0,0.0,,,,,
2024-07-03,13.241,13.241,13.241,13.241,0,0.0,,,,,
2024-07-04,13.241,13.241,13.241,13.241,100,1324.1,,,,,
2024-07-05,13.241,13.241,13.241,13.241,0,0.0,,,,,
2024-07-08,13.241,13.241,13.241,13.241,0,0.0,,,,,
2024-07-09,13.241,13.241,13.241,13.241,0,0.0,,,,,
2024-07-10,13.241,13.241,13.241,13.241,0,0.0,,,,,
2024-07-11,13.241,13.241,13.241,13.241,0,0.0,,,,,
2024-07-12,13.241,13.241,13.241,13.241,0,0.0,,,,,
2024-07-15,13.241,13.241,13.241,13.241,0,0.0,,,,,
2024-07-16,13.241,13.241,13.241,13.241,100,1324.1,,,,,
2024-07-17,13.241,13.241,12.897,12.897,900,11607.3,,,,,
2024-07-18,12.897,12.897,12.897,12.897,0,0.0,,,,,
2024-07-19,12.897,12.897,12.897,12.897,0,0.0,,,,,
2024-07-22,12.897,12.897,12.897,12.897,0,0.0,,,,,
2024-07-23,12.897,12.897,12.897,12.897,0,0.0,,,,,
2024-07-24,12.897,12.897,12.467,12.467,1500,18700.5,,,,,
2024-07-25,12.467,12.467,11.779,11.779,4000,47116.0,,,,,
2024-07-26,11.865,12.209,11.865,12.209,2000,24418.0,,,,,
2024-07-29,13.413,13.413,13.413,13.413,100,1341.3,,,,,
2024-07-30,14.616,14.616,13.413,13.413,1301,17450.313000000002,,,,,
2024-07-31,14.702,14.702,14.702,14.702,100,1470.2,,,,,
2024-08-01,13.241,13.241,13.241,13.241,600,7944.599999999999,,,,,
2024-08-02,13.757,13.757,12.295,12.295,200,2459.0,,,,,
2024-08-05,12.467,12.467,12.467,12.467,600,7480.200000000001,,,,,
2024-08-06,12.897,12.897,12.897,12.897,100,1289.7,,,,,
2024-08-07,12.123,12.123,12.123,12.123,100,1212.3,,,,,
2024-08-08,12.123,12.123,12.123,12.123,0,0.0,,,,,
2024-08-09,12.123,12.123,12.123,12.123,0,0.0,,,,,
2024-08-12,13.241,13.327,13.241,13.327,2200,29319.4,,,,,
2024-08-13,13.327,13.327,13.327,13.327,100,1332.7,,,,,
2024-08-14,13.327,13.327,13.327,13.327,0,0.0,,,,,
2024-08-15,13.327,13.327,13.327,13.327,400,5330.8,,,,,
2024-08-16,13.327,13.327,13.327,13.327,300,3998.1,,,,,
2024-08-19,13.327,13.327,13.327,13.327,0,0.0,,,,,
2024-08-20,13.499,13.499,13.499,13.499,100,1349.9,,,,,
2024-08-21,14.53,14.53,14.187,14.187,3300,46817.1,,,,,
2024-08-22,14.187,14.358,14.101,14.358,6630,95193.54,,,,,
2024-08-23,14.187,14.358,14.187,14.358,2200,31587.6,,,,,
2024-08-26,14.358,14.616,14.273,14.616,501,7322.616,,,,,
2024-08-27,14.702,14.702,14.702,14.702,100,1470.2,,,,,
2024-08-28,14.874,14.874,14.874,14.874,101,1502.274,,,,,
2024-08-29,14.874,14.874,14.53,14.53,519,7541.07,,,,,
2024-08-30,15.906,15.906,14.53,14.53,1200,17436.0,,,,,
2024-09-04,15.734,15.734,14.345,14.808,5600,82924.8,,,,,
2024-09-05,14.808,14.808,14.808,14.808,27,399.816,,,,,
2024-09-06,14.808,14.808,14.808,14.808,0,0.0,,,,,
2024-09-09,14.808,14.808,14.808,14.808,0,0.0,,,,,
2024-09-10,14.808,14.808,14.808,14.808,0,0.0,,,,,
2024-09-11,13.605,13.605,13.605,13.605,715,9727.575,,,,,
2024-09-12,13.605,13.605,13.605,13.605,101,1374.105,,,,,
2024-09-13,13.605,13.605,13.605,13.605,200,2721.0,,,,,
2024-09-16,13.605,13.605,13.605,13.605,0,0.0,,,,,
2024-09-17,14.068,14.068,14.068,14.068,500,7034.0,,,,,
2024-09-18,14.068,14.068,14.068,14.068,0,0.0,,,,,
2024-09-19,14.16,14.16,14.16,14.16,519,7349.04,,,,,
2024-09-20,14.16,14.16,14.16,14.16,700,9912.0,,,,,
2024-09-23,13.883,13.883,13.883,13.883,200,2776.6,,,,,
2024-09-24,13.883,13.883,13.883,13.883,0,0.0,,,,,
2024-09-25,13.883,13.883,13.883,13.883,104,1443.832,,,,,
2024-09-26,13.883,13.883,13.883,13.883,1400,19436.2,,,,,
2024-09-27,13.883,13.883,13.883,13.883,12002,166623.766,,,,,
2024-09-30,13.883,13.883,13.883,13.883,0,0.0,,,,,
2024-10-01,12.957,12.957,12.957,12.957,100,1295.7,,,,,
2024-10-02,12.957,12.957,12.957,12.957,0,0.0,,,,,
2024-10-03,12.957,12.957,12.957,12.957,0,0.0,,,,,
2024-10-04,12.957,12.957,12.957,12.957,0,0.0,,,,,
2024-10-07,12.957,12.957,12.957,12.957,0,0.0,,,,,
2024-10-08,12.957,12.957,12.957,12.957,0,0.0,,,,,
2024-10-09,12.957,12.957,12.957,12.957,0,0.0,,,,,
2024-10-10,12.957,12.957,12.957,12.957,0,0.0,,,,,
2024-10-11,12.957,12.957,12.957,12.957,0,0.0,,,,,
2024-10-14,13.235,13.235,13.235,13.235,100,1323.5,,,,,
2024-10-15,13.235,13.235,13.235,13.235,0,0.0,,,,,
2024-10-16,13.235,13.235,13.235,13.235,1,13.235,,,,,
2024-10-17,13.235,13.235,13.235,13.235,0,0.0,,,,,
2024-10-18,13.235,13.235,13.235,13.235,0,0.0,,,,,
2024-10-21,14.16,14.53,14.16,14.53,401,5826.53,,,,,
2024-10-22,15.919,15.919,15.919,15.919,100,1591.9,,,,,
2024-10-23,15.271,15.271,15.271,15.271,5026,76752.046,,,,,
2024-10-24,15.271,15.271,15.271,15.271,400,6108.400000000001,,,,,
2024-10-25,15.271,15.271,15.271,15.271,3,45.813,,,,,
2024-10-28,15.271,15.271,15.271,15.271,0,0.0,,,,,
2024-10-29,15.271,15.271,15.271,15.271,0,0.0,,,,,
2024-10-30,15.271,15.271,15.271,15.271,100,1527.1,,,,,
2024-10-31,15.271,15.271,15.271,15.271,0,0.0,,,,,
2024-11-01,15.271,15.271,15.271,15.271,0,0.0,,,,,
2024-11-04,15.271,15.271,15.271,15.271,0,0.0,,,,,
2024-11-05,15.271,15.271,15.271,15.271,0,0.0,,,,,
2024-11-06,15.271,15.271,15.271,15.271,0,0.0,,,,,
2024-11-07,15.271,15.271,15.271,15.271,11,167.981,,,,,
2024-11-08,15.271,15.271,15.271,15.271,0,0.0,,,,,
2024-11-11,14.808,14.808,14.808,14.808,200,2961.6,,,,,
2024-11-12,13.883,13.883,13.883,13.883,102,1416.0659999999998,,,,,
2024-11-13,14.345,14.345,14.345,14.345,200,2869.0,,,,,
2024-11-14,14.345,14.345,14.345,14.345,0,0.0,,,,,
2024-11-15,13.883,15.271,13.883,15.271,7300,111478.3,,,,,
2024-11-18,15.271,15.271,15.271,15.271,200,3054.2000000000003,,,,,
2024-11-19,15.271,15.271,15.271,15.271,0,0.0,,,,,
2024-11-20,15.271,15.271,15.271,15.271,0,0.0,,,,,
2024-11-21,15.271,15.271,15.271,15.271,0,0.0,,,,,
2024-11-22,15.271,15.271,15.271,15.271,0,0.0,,,,,
2024-11-25,13.883,14.715,13.79,14.715,300,4414.5,,,,,
2024-11-26,13.883,14.993,13.883,14.715,1200,17658.0,,,,,
2024-11-27,14.715,14.715,14.715,14.715,0,0.0,,,,,
2024-11-28,14.715,14.715,14.715,14.715,0,0.0,,,,,
2024-11-29,14.715,14.715,14.715,14.715,0,0.0,,,,,
2024-12-02,14.715,14.715,14.715,14.715,0,0.0,,,,,
2024-12-03,13.975,14.715,13.975,14.715,2900,42673.5,,,,,
2024-12-04,14.715,14.901,13.512,14.901,600,8940.6,,,,,
2024-12-05,14.901,14.901,14.901,14.901,0,0.0,,,,,
2024-12-06,14.901,14.901,14.901,14.901,0,0.0,,,,,
2024-12-09,14.901,14.901,14.901,14.901,0,0.0,,,,,
2024-12-10,14.901,14.901,14.901,14.901,0,0.0,,,,,
2024-12-11,14.901,14.901,14.901,14.901,0,0.0,,,,,
2024-12-12,14.901,14.901,14.901,14.901,300,4470.3,,,,,
2024-12-13,14.901,14.901,14.901,14.901,0,0.0,,,,,
2024-12-16,13.697,15.086,13.697,15.086,300,4525.8,,,,,
2024-12-17,14.068,15.086,14.068,15.086,300,4525.8,,,,,
2024-12-18,15.086,15.086,15.086,15.086,0,0.0,,,,,
2024-12-19,15.086,15.086,15.086,15.086,0,0.0,,,,,
2024-12-20,13.975,15.086,13.975,15.086,800,12068.8,,,,,
2024-12-23,15.086,15.086,15.086,15.086,0,0.0,,,,,
2024-12-24,15.086,15.086,15.086,15.086,0,0.0,,,,,
2024-12-25,13.697,14.808,13.697,14.808,1000,14808.0,,,,,
2024-12-26,14.808,14.808,14.808,14.808,0,0.0,,,,,
2024-12-27,14.808,14.808,14.808,14.808,0,0.0,,,,,
2024-12-30,14.808,14.808,14.808,14.808,0,0.0,,,,,
2024-12-31,14.808,14.808,14.808,14.808,0,0.0,,,,,
2025-01-02,14.808,14.808,14.808,14.808,0,0.0,,,,,
2025-01-03,14.808,14.808,14.808,14.808,0,0.0,,,,,
2025-01-06,15.178,15.178,15.178,15.178,700,10624.6,,,,,
2025-01-07,15.178,15.178,15.178,15.178,0,0.0,,,,,
2025-01-08,15.178,15.178,15.178,15.178,0,0.0,,,,,
2025-01-09,15.178,15.178,15.178,15.178,0,0.0,,,,,
2025-01-10,15.178,15.178,15.178,15.178,0,0.0,,,,,
2025-01-13,15.178,15.178,15.178,15.178,0,0.0,,,,,
2025-01-14,15.178,15.178,15.178,15.178,0,0.0,,,,,
2025-01-15,13.79,14.808,13.79,14.808,900,13327.2,,,,,
2025-01-16,14.808,14.808,14.808,14.808,0,0.0,,,,,
2025-01-17,14.808,14.808,14.808,14.808,0,0.0,,,,,
2025-01-20,14.808,14.808,14.808,14.808,0,0.0,,,,,
2025-01-21,15.919,15.919,15.919,15.919,100,1591.9,,,,,
2025-01-22,15.919,15.919,15.919,15.919,0,0.0,,,,,
2025-01-23,15.271,15.271,15.271,15.271,200,3054.2000000000003,,,,,
2025-01-24,15.271,15.271,15.271,15.271,0,0.0,,,,,
2025-02-03,15.271,15.271,15.271,15.271,0,0.0,,,,,
2025-02-04,15.548,15.548,15.548,15.548,100,1554.8,,,,,
2025-02-05,15.548,15.548,15.548,15.548,0,0.0,,,,,
2025-02-06,15.548,15.548,15.548,15.548,0,0.0,,,,,
2025-02-07,15.548,15.548,15.548,15.548,0,0.0,,,,,
2025-02-10,15.548,15.548,15.548,15.548,0,0.0,,,,,
2025-02-11,15.548,15.548,15.548,15.548,0,0.0,,,,,
2025-02-12,14.808,14.808,14.253,14.253,1000,14253.0,,,,,
2025-02-13,14.715,14.715,14.715,14.715,100,1471.5,,,,,
2025-02-14,14.715,14.715,14.715,14.715,0,0.0,,,,,
2025-02-17,14.715,14.715,14.715,14.715,0,0.0,,,,,
2025-02-18,13.883,13.975,13.883,13.883,10100,140218.3,,,,,
2025-02-19,13.42,13.883,13.42,13.883,25500,354016.5,,,,,
2025-02-20,13.883,13.883,13.883,13.883,0,0.0,,,,,
2025-02-21,13.883,14.438,13.883,14.253,5100,72690.3,,,,,
2025-02-24,14.53,14.53,14.53,14.53,100,1453.0,,,,,
2025-02-25,15.363,15.363,14.53,14.53,1100,15983.0,,,,,
2025-02-26,14.53,14.53,14.53,14.53,0,0.0,,,,,
2025-02-27,14.068,14.068,14.068,14.068,222,3123.096,,,,,
2025-02-28,14.253,14.253,14.253,14.253,100,1425.3,,,,,
2025-03-03,14.253,14.253,14.253,14.253,0,0.0,,,,,
2025-03-04,13.605,14.068,13.605,14.068,1157,16276.676,,,,,
2025-03-05,14.068,14.068,14.068,14.068,100,1406.8,,,,,
2025-03-06,14.068,14.068,14.068,14.068,127,1786.636,,,,,
2025-03-07,13.883,14.16,13.883,14.16,8000,113280.0,,,,,
2025-03-10,14.16,14.715,13.42,14.345,1101,15793.845,,,,,
2025-03-11,14.345,14.345,14.345,14.345,6,86.07000000000001,,,,,
2025-03-12,14.345,14.345,14.345,14.345,0,0.0,,,,,
2025-03-13,14.345,14.345,14.345,14.345,0,0.0,,,,,
2025-03-14,14.253,14.253,14.253,14.253,100,1425.3,,,,,
2025-03-17,14.253,14.253,14.253,14.253,0,0.0,,,,,
2025-03-18,14.253,14.623,14.253,14.623,200,2924.6,,,,,
2025-03-19,13.883,14.808,13.883,14.808,3000,44424.0,,,,,
2025-03-20,14.808,14.808,14.808,14.808,0,0.0,,,,,
2025-03-21,14.808,14.808,14.808,14.808,6500,96252.0,,,,,
2025-03-24,13.512,13.512,13.512,13.512,100,1351.2,,,,,
2025-03-25,13.883,13.883,13.79,13.883,6500,90239.5,,,,,
2025-03-26,13.883,13.883,13.883,13.883,0,0.0,,,,,
2025-03-27,13.883,13.883,13.883,13.883,0,0.0,,,,,
2025-03-28,13.883,13.975,13.883,13.883,2223,30861.909,,,,,
2025-03-31,13.883,13.883,13.883,13.883,0,0.0,,,,,
2025-04-01,13.883,13.883,13.883,13.883,0,0.0,,,,,
2025-04-02,14.253,14.345,14.253,14.345,2250,32276.25,,,,,
2025-04-03,14.345,14.345,14.345,14.345,0,0.0,,,,,
2025-04-04,14.345,14.345,14.345,14.345,0,0.0,,,,,
2025-04-08,14.345,14.345,14.345,14.345,0,0.0,,,,,
2025-04-09,14.993,14.993,14.808,14.808,1700,25173.6,,,,,
2025-04-10,14.808,14.808,14.808,14.808,200,2961.6,,,,,
2025-04-11,14.808,14.808,14.808,14.808,0,0.0,,,,,
2025-04-14,13.883,13.883,13.883,13.883,500,6941.5,,,,,
2025-04-15,13.883,13.883,13.883,13.883,0,0.0,,,,,
2025-04-16,13.883,13.883,13.883,13.883,0,0.0,,,,,
2025-04-17,12.957,12.957,12.957,12.957,100,1295.7,,,,,
2025-04-18,12.957,12.957,12.957,12.957,0,0.0,,,,,
2025-04-21,12.864,12.864,12.864,12.864,200,2572.8,,,,,
2025-04-22,13.883,13.883,13.883,13.883,400,5553.2,,,,,
2025-04-23,13.883,13.883,13.883,13.883,0,0.0,,,,,
2025-04-24,13.883,13.883,13.883,13.883,200,2776.6,,,,,
2025-04-25,13.883,13.883,13.883,13.883,100,1388.3,,,,,
2025-04-28,13.883,13.883,13.883,13.883,300,4164.9,,,,,
2025-04-29,13.883,13.883,13.883,13.883,100,1388.3,,,,,
2025-05-05,13.883,13.883,13.883,13.883,0,0.0,,,,,
2025-05-06,13.883,13.883,13.883,13.883,0,0.0,,,,,
2025-05-07,13.883,13.883,13.883,13.883,0,0.0,,,,,
2025-05-08,13.883,13.883,13.883,13.883,0,0.0,,,,,
2025-05-09,13.883,13.883,13.883,13.883,0,0.0,,,,,
2025-05-12,13.883,13.883,13.883,13.883,0,0.0,,,,,
2025-05-13,13.883,13.883,13.883,13.883,500,6941.5,,,,,
2025-05-14,13.883,13.883,13.883,13.883,0,0.0,,,,,
2025-05-15,13.883,13.883,13.883,13.883,400,5553.2,,,,,
2025-05-16,13.883,13.883,13.883,13.883,0,0.0,,,,,
2025-05-19,13.883,13.883,13.883,13.883,0,0.0,,,,,
2025-05-20,13.883,13.883,13.883,13.883,100,1388.3,,,,,
2025-05-21,13.883,13.883,13.883,13.883,0,0.0,,,,,
2025-05-22,13.883,13.883,13.883,13.883,0,0.0,,,,,
2025-05-23,13.883,13.883,13.883,13.883,0,0.0,,,,,
2025-05-26,13.883,13.883,13.883,13.883,0,0.0,,,,,
2025-05-27,13.883,13.883,13.883,13.883,0,0.0,,,,,
2025-05-28,13.883,13.883,13.883,13.883,0,0.0,,,,,
2025-05-29,13.79,13.79,13.79,13.79,100,1379.0,,,,,
2025-05-30,13.79,13.79,13.79,13.79,0,0.0,,,,,
2025-06-02,13.79,13.79,13.79,13.79,0,0.0,,,,,
2025-06-03,13.79,14.623,13.79,14.623,600,8773.8,,,,,
2025-06-04,14.623,14.623,14.623,14.623,0,0.0,,,,,
2025-06-05,14.623,14.623,14.623,14.623,0,0.0,,,,,
2025-06-06,14.623,14.623,14.623,14.623,0,0.0,,,,,
2025-06-09,14.623,14.623,14.623,14.623,0,0.0,,,,,
2025-06-10,14.623,14.623,14.623,14.623,0,0.0,,,,,
2025-06-11,14.623,14.623,14.623,14.623,0,0.0,,,,,
2025-06-12,14.623,14.623,14.623,14.623,0,0.0,,,,,
2025-06-13,14.993,14.993,14.993,14.993,100,1499.3,,,,,
2025-06-16,14.993,14.993,14.993,14.993,0,0.0,,,,,
2025-06-17,14.993,14.993,14.993,14.993,3,44.979,,,,,
2025-06-18,14.993,14.993,14.993,14.993,0,0.0,,,,,
2025-06-19,14.993,14.993,14.993,14.993,0,0.0,,,,,
2025-06-20,14.993,14.993,14.993,14.993,1,14.993,,,,,
2025-06-23,13.697,13.697,13.697,13.697,150,2054.55,,,,,
2025-06-24,13.697,13.697,13.697,13.697,0,0.0,,,,,
2025-06-25,13.697,13.697,13.697,13.697,0,0.0,,,,,
2025-06-26,13.883,13.883,13.883,13.883,100,1388.3,,,,,
2025-06-27,13.883,13.883,13.883,13.883,0,0.0,,,,,
2025-06-30,13.883,13.883,13.883,13.883,1320,18325.56,,,,,
2025-07-01,13.883,13.883,13.883,13.883,0,0.0,,,,,
2025-07-02,13.883,13.883,13.883,13.883,0,0.0,,,,,
2025-07-03,13.883,13.883,13.883,13.883,30,416.49,,,,,
2025-07-04,13.883,13.883,13.883,13.883,209,2901.547,,,,,
2025-07-07,13.883,13.883,13.883,13.883,0,0.0,,,,,
2025-07-08,13.142,13.142,12.957,12.957,700,9069.9,,,,,
2025-07-09,14.253,14.253,14.253,14.253,7500,106897.5,,,,,
2025-07-10,15.178,15.548,14.808,14.808,700,10365.6,,,,,
2025-07-11,14.808,14.808,14.808,14.808,0,0.0,,,,,
2025-07-14,14.808,14.808,14.808,14.808,0,0.0,,,,,
2025-07-15,14.808,14.808,14.808,14.808,0,0.0,,,,,
2025-07-16,14.16,14.253,14.16,14.253,2000,28506.0,,,,,
2025-07-17,14.253,14.345,14.253,14.253,3900,55586.7,,,,,
2025-07-18,14.345,14.345,14.345,14.345,1140,16353.3,,,,,
2025-07-21,14.253,15.271,14.253,14.345,4201,60263.345,,,,,
2025-07-22,14.345,14.345,14.345,14.345,100,1434.5,,,,,
2025-07-23,14.345,14.345,14.345,14.345,1000,14345.0,,,,,
2025-07-24,14.345,14.345,14.345,14.345,0,0.0,,,,,
2025-07-25,14.345,14.345,14.345,14.345,0,0.0,,,,,
2025-07-28,14.253,14.253,14.253,14.253,200,2850.6,,,,,
2025-07-29,14.253,14.623,14.253,14.623,300,4386.9,,,,,
2025-07-30,14.345,14.345,14.345,14.345,400,5738.0,,,,,
2025-07-31,14.623,14.623,14.345,14.345,500,7172.5,,,,,
2025-08-01,14.623,14.623,14.623,14.623,155,2266.565,,,,,
2025-08-04,14.623,14.623,14.623,14.623,0,0.0,,,,,
2025-08-05,14.253,14.253,13.42,13.512,4000,54048.0,,,,,
2025-08-06,13.79,14.808,13.79,14.438,1800,25988.4,,,,,
2025-08-07,14.345,14.53,14.345,14.53,1100,15983.0,,,,,
2025-08-08,14.623,14.623,14.623,14.623,2000,29246.0,,,,,
2025-08-11,14.808,14.808,14.715,14.808,5700,84405.6,,,,,
2025-08-12,14.808,14.808,14.345,14.438,2900,41870.2,,,,,
2025-08-13,14.715,14.808,14.253,14.808,9000,133272.0,,,,,
2025-08-14,14.901,15.086,14.808,14.901,11617,173104.917,,,,,
2025-08-15,16.1,16.1,14.6,15.7,6775,106367.5,,,,,
2025-08-18,15.7,15.7,15.7,15.7,2,31.4,,,,,
2025-08-19,15.3,15.3,14.2,15.0,5501,82515.0,,,,,
2025-08-20,14.5,14.5,14.5,14.5,510,7395.0,,,,,
2025-08-21,14.8,14.8,14.5,14.5,205,2972.5,,,,,
2025-08-22,14.5,14.9,14.5,14.9,300,4470.0,,,,,
2025-08-25,14.3,14.3,14.3,14.3,1000,14300.0,,,,,
2025-08-26,14.3,14.3,14.3,14.3,735,10510.5,,,,,
2025-08-27,14.5,14.5,14.5,14.5,1000,14500.0,,,,,
2025-08-28,14.5,14.5,14.5,14.5,0,0.0,,,,,
2025-08-29,13.9,14.2,13.9,14.0,2500,35000.0,,,,,
2025-09-03,13.5,14.2,13.5,14.2,600,8520.0,,,,,
2025-09-04,14.2,14.3,14.2,14.3,800,11440.0,,,,,
2025-09-05,14.3,14.7,14.3,14.4,4422,63676.8,,,,,
2025-09-08,14.5,14.5,14.5,14.5,2000,29000.0,,,,,
2025-09-09,14.4,14.4,14.4,14.4,1400,20160.0,,,,,
2025-09-10,14.4,14.4,14.4,14.4,0,0.0,,,,,
2025-09-11,14.4,14.4,14.4,14.4,300,4320.0,,,,,
2025-09-12,14.4,14.4,14.4,14.4,0,0.0,,,,,
2025-09-15,14.4,14.4,14.4,14.4,10,144.0,,,,,
2025-09-16,14.4,14.4,14.4,14.4,1105,15912.0,,,,,
2025-09-17,14.4,14.4,14.4,14.4,0,0.0,,,,,
2025-09-18,14.6,14.8,14.6,14.6,5509,80431.4,,,,,
2025-09-19,14.6,14.6,14.6,14.6,0,0.0,,,,,
2025-09-22,14.6,14.6,14.6,14.6,10,146.0,,,,,
2025-09-23,14.6,14.6,13.5,13.5,1100,14850.0,,,,,
2025-09-24,13.5,13.5,13.5,13.5,0,0.0,,,,,
2025-09-25,14.8,14.8,14.2,14.2,400,5680.0,,,,,
2025-09-26,14.1,14.1,14.1,14.1,700,9870.0,,,,,
2025-09-29,14.6,14.6,14.6,14.6,1700,24820.0,,,,,
2025-09-30,14.6,14.6,14.6,14.6,0,0.0,,,,,
2025-10-01,14.6,14.7,14.6,14.7,513,7541.099999999999,,,,,
2025-10-02,14.7,14.7,14.6,14.7,900,13230.0,,,,,
2025-10-03,14.4,14.4,14.3,14.3,2700,38610.0,,,,,
2025-10-06,14.3,14.3,14.3,14.3,0,0.0,,,,,
2025-10-07,14.3,14.3,14.3,14.3,6,85.80000000000001,,,,,
2025-10-08,14.3,14.3,14.3,14.3,0,0.0,,,,,
2025-10-09,,0.0,0.0,0.0,0,0.0,0.0,0.0,0.0,0.0,154158.4
2025-10-10,,0.0,0.0,0.0,0,0.0,0.0,0.0,0.0,0.0,154158.4
2025-10-13,14.3,14.3,14.3,14.3,300,4290.0,0.0,0.0,0.0,0.0,154158.4
2025-10-14,,0.0,0.0,0.0,0,0.0,0.0,0.0,0.0,0.0,154158.4
2025-10-15,13.6,13.6,13.6,13.6,100,1360.0,0.0,0.0,0.0,0.0,154158.4
2025-10-16,,0.0,0.0,0.0,0,0.0,0.0,0.0,0.0,0.0,154158.4
2025-10-17,14.4,14.8,14.4,14.5,800,11600.0,0.0,0.0,0.0,0.0,154158.4
2025-10-20,14.5,14.5,14.5,14.5,2100,30450.0,0.0,0.0,0.0,0.0,154158.4
2025-10-21,14.5,14.5,14.5,14.5,100,1450.0,0.0,0.0,0.0,0.0,154158.4
2025-10-22,13.6,13.6,13.5,13.5,500,6750.0,0.0,50.0,0.0,6760.0,154158.4
2025-10-23,13.6,13.6,13.6,13.6,100,1360.0,0.0,0.0,0.0,0.0,154158.4
2025-10-24,,0.0,0.0,0.0,0,0.0,0.0,0.0,0.0,0.0,154158.4
2025-10-27,13.6,14.2,13.6,14.2,3900,55380.0,0.0,0.0,0.0,0.0,154198.4
2025-10-28,14.2,14.2,14.2,14.2,1400,19880.0,0.0,0.0,0.0,0.0,154208.4
2025-10-29,,0.0,0.0,0.0,0,0.0,0.0,0.0,0.0,0.0,154208.4
2025-10-30,,0.0,0.0,0.0,0,0.0,0.0,0.0,0.0,0.0,154208.4
2025-10-31,14.4,14.4,14.4,14.4,100,1440.0,0.0,0.0,0.0,0.0,154208.4
2025-11-03,,0.0,0.0,0.0,0,0.0,0.0,0.0,0.0,0.0,154208.4
2025-11-04,14.4,14.4,14.4,14.4,100,1440.0,0.0,0.0,0.0,0.0,154208.4
2025-11-05,14.0,14.0,14.0,14.0,100,1400.0,0.0,0.0,0.0,0.0,154208.4
2025-11-06,14.4,14.4,14.4,14.4,100,1440.0,0.0,0.0,0.0,0.0,154208.4
2025-11-07,14.4,14.4,14.4,14.4,200,2880.0,0.0,0.0,0.0,0.0,154208.4
2025-11-10,,0.0,0.0,0.0,0,0.0,0.0,0.0,0.0,0.0,154208.4
2025-11-11,,0.0,0.0,0.0,0,0.0,0.0,0.0,0.0,0.0,0.0
2025-11-12,,0.0,0.0,0.0,0,0.0,0.0,0.0,0.0,0.0,154208.4
2025-11-14,,0.0,0.0,0.0,0,0.0,0.0,0.0,0.0,0.0,154208.4
2025-11-17,14.4,14.4,14.4,14.4,500,7200.0,0.0,0.0,0.0,0.0,154208.4
2025-11-18,14.4,14.4,14.4,14.4,3400,48960.0,0.0,70.0,0.0,10080.0,154208.4
2025-11-19,,0.0,0.0,0.0,0,0.0,0.0,0.0,0.0,0.0,154208.4
2025-11-20,14.5,14.5,14.5,14.5,100,1450.0,0.0,0.0,0.0,0.0,154208.4
2025-11-25,13.8,13.8,13.8,13.8,100,1380.0,0.0,0.0,0.0,0.0,154278.4
2025-11-26,,0.0,0.0,0.0,0,0.0,0.0,0.0,0.0,0.0,154278.4
2025-11-27,15.0,15.0,14.5,14.5,200,2900.0,0.0,0.0,0.0,0.0,154278.4
2025-11-28,,0.0,0.0,0.0,0,0.0,0.0,0.0,0.0,0.0,154278.4
2025-12-01,,0.0,0.0,0.0,0,0.0,0.0,0.0,0.0,0.0,154278.4
2025-12-02,,0.0,0.0,0.0,0,0.0,0.0,0.0,0.0,0.0,154278.4
2025-12-03,,0.0,0.0,0.0,0,0.0,0.0,0.0,0.0,0.0,154278.4
2025-12-04,15.3,15.3,15.0,15.0,9100,136500.0,0.0,0.0,0.0,0.0,154278.4
2025-12-05,,0.0,0.0,0.0,0,0.0,0.0,0.0,0.0,0.0,154278.4
2025-12-08,,0.0,0.0,0.0,0,0.0,0.0,0.0,0.0,0.0,154278.4
2025-12-10,,0.0,0.0,0.0,0,0.0,0.0,0.0,0.0,0.0,154278.4
2025-12-11,,0.0,0.0,0.0,0,0.0,0.0,0.0,0.0,0.0,154278.4
2025-12-12,,0.0,0.0,0.0,0,0.0,0.0,0.0,0.0,0.0,154278.4
2025-12-15,,0.0,0.0,0.0,0,0.0,0.0,0.0,0.0,0.0,154278.4
2025-12-23,,0.0,0.0,0.0,0,0.0,0.0,0.0,0.0,0.0,154678.4
2025-12-24,,0.0,0.0,0.0,0,0.0,0.0,0.0,0.0,0.0,154678.4
2025-12-25,,0.0,0.0,0.0,0,0.0,0.0,0.0,0.0,0.0,154678.4
2025-12-26,14.5,14.5,14.5,14.5,200,2900.0,10.0,0.0,1450.0,0.0,154668.4
2025-12-29,,0.0,0.0,0.0,0,0.0,0.0,0.0,0.0,0.0,154668.4
2025-12-30,,0.0,0.0,0.0,0,0.0,0.0,0.0,0.0,0.0,154668.4
2025-12-31,,0.0,0.0,0.0,0,0.0,0.0,0.0,0.0,0.0,154668.4
2026-01-12,14.2,14.2,13.8,13.8,600,8280.0,0.0,0.0,0.0,0.0,154668.4
2026-01-13,,0.0,0.0,0.0,0,0.0,0.0,0.0,0.0,0.0,154668.4
2026-01-14,13.9,13.9,13.9,13.9,100,1390.0,0.0,0.0,0.0,0.0,154668.4
2026-01-15,14.9,14.9,14.9,14.9,200,2980.0,0.0,0.0,0.0,0.0,154668.4
2026-01-16,14.9,0.0,0.0,0.0,0,0.0,0.0,0.0,0.0,0.0,0.0
2026-01-19,14.9,15.4,14.9,15.4,400,6160.0,30.0,0.0,4470.0,0.0,154638.4
2026-01-20,,0.0,0.0,0.0,0,0.0,0.0,0.0,0.0,0.0,154638.4
2026-01-23,13.9,14.1,13.9,14.1,400,5640.0,0.0,0.0,0.0,0.0,154638.4
2026-01-26,,0.0,0.0,0.0,0,0.0,0.0,0.0,0.0,0.0,154638.4
2026-01-29,13.7,13.7,13.0,13.0,600,7800.0,0.0,0.0,0.0,0.0,154638.4
2026-01-30,14.3,14.3,14.3,14.3,100,1430.0,0.0,0.0,0.0,0.0,154638.4
2026-02-02,,0.0,0.0,0.0,0,0.0,0.0,0.0,0.0,0.0,154638.4
2026-02-03,14.3,14.3,14.3,14.3,800,11440.0,0.0,0.0,0.0,0.0,154638.4
2026-02-04,,0.0,0.0,0.0,0,0.0,0.0,0.0,0.0,0.0,154638.4
2026-02-10,14.3,14.3,14.3,14.3,200,2860.0,20.0,0.0,2860.0,0.0,154438.4
2026-02-11,,0.0,0.0,0.0,0,0.0,0.0,0.0,0.0,0.0,154618.4
