time,open,high,low,close,volume,value,foreign_buy_vol,foreign_sell_vol,foreign_buy_val,foreign_sell_val,foreign_room
2021-01-07 00:00:00,21.455,21.455,21.455,21.455,1200,25746.0,,,,,
2021-01-08 00:00:00,21.455,21.455,21.455,21.455,0,0.0,,,,,
2021-01-11 00:00:00,21.455,21.455,21.455,21.455,0,0.0,,,,,
2021-01-12 00:00:00,24.607,24.607,24.607,24.607,200,4921.4,,,,,
2021-01-13 00:00:00,24.607,24.607,24.607,24.607,0,0.0,,,,,
2021-01-14 00:00:00,24.607,24.607,24.607,24.607,0,0.0,,,,,
2021-01-15 00:00:00,24.607,24.607,24.607,24.607,0,0.0,,,,,
2021-01-18 00:00:00,24.607,24.607,24.607,24.607,900,22146.3,,,,,
2021-01-19 00:00:00,24.607,24.607,24.607,24.607,0,0.0,,,,,
2021-01-20 00:00:00,24.607,24.607,24.607,24.607,0,0.0,,,,,
2021-01-21 00:00:00,24.607,24.607,24.607,24.607,0,0.0,,,,,
2021-01-22 00:00:00,28.285,28.285,28.285,28.285,100,2828.5,,,,,
2021-01-25 00:00:00,28.285,28.285,28.285,28.285,0,0.0,,,,,
2021-01-26 00:00:00,28.285,28.285,28.285,28.285,0,0.0,,,,,
2021-01-27 00:00:00,28.285,28.285,28.285,28.285,0,0.0,,,,,
2021-01-28 00:00:00,28.285,28.285,28.285,28.285,0,0.0,,,,,
2021-01-29 00:00:00,28.285,28.285,28.285,28.285,0,0.0,,,,,
2021-02-01 00:00:00,28.285,28.285,28.285,28.285,0,0.0,,,,,
2021-02-02 00:00:00,28.285,28.285,28.285,28.285,0,0.0,,,,,
2021-02-03 00:00:00,28.285,28.285,28.285,28.285,0,0.0,,,,,
2021-02-04 00:00:00,28.285,28.285,28.285,28.285,0,0.0,,,,,
2021-02-05 00:00:00,28.285,28.285,28.285,28.285,0,0.0,,,,,
2021-02-08 00:00:00,28.285,28.285,28.285,28.285,0,0.0,,,,,
2021-02-09 00:00:00,28.285,28.285,28.285,28.285,0,0.0,,,,,
2021-02-17 00:00:00,28.285,28.285,28.285,28.285,0,0.0,,,,,
2021-02-18 00:00:00,28.285,28.285,28.285,28.285,0,0.0,,,,,
2021-02-19 00:00:00,28.11,28.11,28.11,28.11,1000,28110.0,,,,,
2021-02-22 00:00:00,28.11,28.11,28.11,28.11,0,0.0,,,,,
2021-02-23 00:00:00,28.11,28.11,28.11,28.11,0,0.0,,,,,
2021-02-24 00:00:00,23.994,23.994,23.994,23.994,100,2399.4,,,,,
2021-02-25 00:00:00,22.593,22.593,22.593,22.593,100,2259.3,,,,,
2021-02-26 00:00:00,21.017,21.017,21.017,21.017,100,2101.7,,,,,
2021-03-01 00:00:00,21.017,21.017,21.017,21.017,0,0.0,,,,,
2021-03-02 00:00:00,21.017,21.017,21.017,21.017,0,0.0,,,,,
2021-03-03 00:00:00,19.265,19.265,19.265,19.265,100,1926.5,,,,,
2021-03-04 00:00:00,19.265,19.265,19.265,19.265,0,0.0,,,,,
2021-03-05 00:00:00,19.265,19.265,19.265,19.265,0,0.0,,,,,
2021-03-08 00:00:00,19.265,19.265,19.265,19.265,0,0.0,,,,,
2021-03-09 00:00:00,19.265,19.265,19.265,19.265,0,0.0,,,,,
2021-03-10 00:00:00,19.265,19.265,19.265,19.265,0,0.0,,,,,
2021-03-11 00:00:00,19.265,19.265,19.265,19.265,0,0.0,,,,,
2021-03-12 00:00:00,19.265,19.265,19.265,19.265,0,0.0,,,,,
2021-03-15 00:00:00,19.265,19.265,19.265,19.265,0,0.0,,,,,
2021-03-16 00:00:00,19.265,19.265,19.265,19.265,0,0.0,,,,,
2021-03-17 00:00:00,19.265,19.265,19.265,19.265,0,0.0,,,,,
2021-03-18 00:00:00,19.265,19.265,19.265,19.265,0,0.0,,,,,
2021-03-19 00:00:00,19.265,19.265,19.265,19.265,0,0.0,,,,,
2021-03-22 00:00:00,19.265,19.265,19.265,19.265,0,0.0,,,,,
2021-03-23 00:00:00,19.265,19.265,19.265,19.265,0,0.0,,,,,
2021-03-24 00:00:00,19.265,19.265,19.265,19.265,0,0.0,,,,,
2021-03-25 00:00:00,19.265,19.265,19.265,19.265,0,0.0,,,,,
2021-03-26 00:00:00,19.265,19.265,19.265,19.265,0,0.0,,,,,
2021-03-29 01:00:00,19.265,19.265,19.265,19.265,0,0.0,,,,,
2021-03-30 01:00:00,19.265,19.265,19.265,19.265,0,0.0,,,,,
2021-03-31 01:00:00,19.265,19.265,19.265,19.265,0,0.0,,,,,
2021-04-01 01:00:00,19.265,19.265,19.265,19.265,0,0.0,,,,,
2021-04-02 01:00:00,19.265,19.265,19.265,19.265,0,0.0,,,,,
2021-04-05 01:00:00,19.265,19.265,19.265,19.265,0,0.0,,,,,
2021-04-06 01:00:00,19.265,19.265,19.265,19.265,0,0.0,,,,,
2021-04-07 01:00:00,19.265,19.265,19.265,19.265,0,0.0,,,,,
2021-04-08 01:00:00,19.265,19.265,19.265,19.265,0,0.0,,,,,
2021-04-09 01:00:00,19.265,19.265,19.265,19.265,0,0.0,,,,,
2021-04-12 01:00:00,19.265,19.265,19.265,19.265,0,0.0,,,,,
2021-04-13 01:00:00,26.972,26.972,21.017,21.017,200,4203.4,,,,,
2021-04-14 01:00:00,23.994,23.994,23.994,23.994,0,0.0,,,,,
2021-04-15 01:00:00,23.994,23.994,23.994,23.994,0,0.0,,,,,
2021-04-16 01:00:00,23.994,23.994,23.994,23.994,0,0.0,,,,,
2021-04-19 01:00:00,23.994,23.994,23.994,23.994,0,0.0,,,,,
2021-04-20 01:00:00,23.994,23.994,23.994,23.994,0,0.0,,,,,
2021-04-22 01:00:00,23.994,23.994,23.994,23.994,0,0.0,,,,,
2021-04-23 01:00:00,23.994,23.994,23.994,23.994,0,0.0,,,,,
2021-04-26 01:00:00,23.994,23.994,23.994,23.994,0,0.0,,,,,
2021-04-27 01:00:00,23.994,23.994,23.994,23.994,0,0.0,,,,,
2021-04-28 01:00:00,23.994,23.994,23.994,23.994,0,0.0,,,,,
2021-04-29 01:00:00,23.994,23.994,23.994,23.994,0,0.0,,,,,
2021-05-04 01:00:00,23.994,23.994,23.994,23.994,0,0.0,,,,,
2021-05-05 01:00:00,23.994,23.994,23.994,23.994,0,0.0,,,,,
2021-05-06 01:00:00,23.994,23.994,23.994,23.994,0,0.0,,,,,
2021-05-07 01:00:00,23.994,23.994,23.994,23.994,0,0.0,,,,,
2021-05-10 01:00:00,23.994,23.994,23.994,23.994,0,0.0,,,,,
2021-05-11 01:00:00,23.994,23.994,23.994,23.994,0,0.0,,,,,
2021-05-12 01:00:00,23.994,23.994,23.994,23.994,0,0.0,,,,,
2021-05-13 01:00:00,23.994,23.994,23.994,23.994,0,0.0,,,,,
2021-05-14 01:00:00,23.994,23.994,23.994,23.994,0,0.0,,,,,
2021-05-17 01:00:00,23.994,23.994,23.994,23.994,0,0.0,,,,,
2021-05-18 01:00:00,23.994,23.994,23.994,23.994,0,0.0,,,,,
2021-05-19 01:00:00,23.994,23.994,23.994,23.994,0,0.0,,,,,
2021-05-20 01:00:00,23.993,23.993,23.993,23.993,0,0.0,,,,,
2021-05-21 01:00:00,23.993,23.993,23.993,23.993,0,0.0,,,,,
2021-05-24 01:00:00,23.993,23.993,23.993,23.993,0,0.0,,,,,
2021-05-25 01:00:00,23.993,23.993,23.993,23.993,0,0.0,,,,,
2021-05-26 01:00:00,23.993,23.993,23.993,23.993,0,0.0,,,,,
2021-05-27 01:00:00,23.993,23.993,23.993,23.993,0,0.0,,,,,
2021-05-28 01:00:00,23.993,23.993,23.993,23.993,0,0.0,,,,,
2021-05-31 01:00:00,23.993,23.993,23.993,23.993,0,0.0,,,,,
2021-06-01 01:00:00,23.993,23.993,23.993,23.993,0,0.0,,,,,
2021-06-02 01:00:00,23.993,23.993,23.993,23.993,0,0.0,,,,,
2021-06-03 01:00:00,23.993,23.993,23.993,23.993,0,0.0,,,,,
2021-06-04 01:00:00,23.993,23.993,23.993,23.993,0,0.0,,,,,
2021-06-07 01:00:00,23.993,23.993,23.993,23.993,0,0.0,,,,,
2021-06-08 01:00:00,23.993,23.993,23.993,23.993,0,0.0,,,,,
2021-06-09 01:00:00,23.993,23.993,23.993,23.993,0,0.0,,,,,
2021-06-10 01:00:00,23.993,23.993,23.993,23.993,0,0.0,,,,,
2021-06-11 01:00:00,23.993,23.993,23.993,23.993,0,0.0,,,,,
2021-06-14 01:00:00,23.993,23.993,23.993,23.993,0,0.0,,,,,
2021-06-15 01:00:00,23.993,23.993,23.993,23.993,0,0.0,,,,,
2021-06-16 01:00:00,23.993,23.993,23.993,23.993,0,0.0,,,,,
2021-06-17 01:00:00,23.993,23.993,23.993,23.993,0,0.0,,,,,
2021-06-18 01:00:00,23.993,23.993,23.993,23.993,0,0.0,,,,,
2021-06-21 01:00:00,23.993,23.993,23.993,23.993,0,0.0,,,,,
2021-06-22 01:00:00,23.993,23.993,23.993,23.993,0,0.0,,,,,
2021-06-23 01:00:00,23.993,23.993,23.993,23.993,0,0.0,,,,,
2021-06-24 01:00:00,23.993,23.993,23.993,23.993,0,0.0,,,,,
2021-06-25 01:00:00,23.993,23.993,23.993,23.993,0,0.0,,,,,
2021-06-28 01:00:00,23.993,23.993,23.993,23.993,0,0.0,,,,,
2021-06-29 01:00:00,23.993,23.993,23.993,23.993,0,0.0,,,,,
2021-06-30 01:00:00,23.993,23.993,23.993,23.993,0,0.0,,,,,
2021-07-01 01:00:00,23.993,23.993,23.993,23.993,0,0.0,,,,,
2021-07-02 01:00:00,23.993,23.993,23.993,23.993,0,0.0,,,,,
2021-07-05 01:00:00,23.993,23.993,23.993,23.993,0,0.0,,,,,
2021-07-06 01:00:00,23.993,23.993,23.993,23.993,0,0.0,,,,,
2021-07-07 01:00:00,23.993,23.993,23.993,23.993,0,0.0,,,,,
2021-07-08 01:00:00,23.993,23.993,23.993,23.993,0,0.0,,,,,
2021-07-09 01:00:00,23.993,23.993,23.993,23.993,0,0.0,,,,,
2021-07-12 01:00:00,23.993,23.993,23.993,23.993,0,0.0,,,,,
2021-07-13 01:00:00,23.993,23.993,23.993,23.993,0,0.0,,,,,
2021-07-14 01:00:00,23.993,23.993,23.993,23.993,0,0.0,,,,,
2021-07-15 01:00:00,23.993,23.993,23.993,23.993,0,0.0,,,,,
2021-07-16 01:00:00,23.993,23.993,23.993,23.993,0,0.0,,,,,
2021-07-19 01:00:00,23.993,23.993,23.993,23.993,0,0.0,,,,,
2021-07-20 01:00:00,23.993,23.993,23.993,23.993,0,0.0,,,,,
2021-07-21 01:00:00,23.993,23.993,23.993,23.993,0,0.0,,,,,
2021-07-22 01:00:00,23.993,23.993,23.993,23.993,0,0.0,,,,,
2021-07-23 01:00:00,23.993,23.993,23.993,23.993,0,0.0,,,,,
2021-07-26 01:00:00,23.993,23.993,23.993,23.993,0,0.0,,,,,
2021-07-27 01:00:00,23.993,23.993,23.993,23.993,0,0.0,,,,,
2021-07-28 01:00:00,23.993,23.993,23.993,23.993,0,0.0,,,,,
2021-07-29 01:00:00,23.993,23.993,23.993,23.993,0,0.0,,,,,
2021-07-30 01:00:00,23.993,23.993,23.993,23.993,0,0.0,,,,,
2021-08-02 01:00:00,23.993,23.993,23.993,23.993,0,0.0,,,,,
2021-08-03 01:00:00,23.993,23.993,23.993,23.993,0,0.0,,,,,
2021-08-04 01:00:00,23.993,23.993,23.993,23.993,0,0.0,,,,,
2021-08-05 01:00:00,23.993,23.993,23.993,23.993,0,0.0,,,,,
2021-08-06 01:00:00,23.993,23.993,23.993,23.993,0,0.0,,,,,
2021-08-09 01:00:00,23.993,23.993,23.993,23.993,0,0.0,,,,,
2021-08-10 01:00:00,23.993,23.993,23.993,23.993,0,0.0,,,,,
2021-08-11 01:00:00,23.993,23.993,23.993,23.993,0,0.0,,,,,
2021-08-12 01:00:00,23.993,23.993,23.993,23.993,0,0.0,,,,,
2021-08-13 01:00:00,23.993,23.993,23.993,23.993,0,0.0,,,,,
2021-08-16 01:00:00,23.993,23.993,23.993,23.993,0,0.0,,,,,
2021-08-17 01:00:00,23.993,23.993,23.993,23.993,0,0.0,,,,,
2021-08-18 01:00:00,23.993,23.993,23.993,23.993,0,0.0,,,,,
2021-08-19 01:00:00,23.993,23.993,23.993,23.993,0,0.0,,,,,
2021-08-20 01:00:00,23.993,23.993,23.993,23.993,0,0.0,,,,,
2021-08-23 01:00:00,23.993,23.993,23.993,23.993,0,0.0,,,,,
2021-08-24 01:00:00,23.993,23.993,23.993,23.993,0,0.0,,,,,
2021-08-25 01:00:00,23.993,23.993,23.993,23.993,0,0.0,,,,,
2021-08-26 01:00:00,23.993,23.993,23.993,23.993,0,0.0,,,,,
2021-08-27 01:00:00,23.993,23.993,23.993,23.993,0,0.0,,,,,
2021-08-30 01:00:00,23.993,23.993,23.993,23.993,0,0.0,,,,,
2021-08-31 01:00:00,23.993,23.993,23.993,23.993,0,0.0,,,,,
2021-09-01 01:00:00,23.993,23.993,23.993,23.993,0,0.0,,,,,
2021-09-06 01:00:00,23.993,23.993,23.993,23.993,0,0.0,,,,,
2021-09-07 01:00:00,23.993,23.993,23.993,23.993,0,0.0,,,,,
2021-09-08 01:00:00,23.993,23.993,23.993,23.993,0,0.0,,,,,
2021-09-09 01:00:00,23.993,23.993,23.993,23.993,0,0.0,,,,,
2021-09-10 01:00:00,23.993,23.993,23.993,23.993,0,0.0,,,,,
2021-09-13 01:00:00,23.993,23.993,23.993,23.993,0,0.0,,,,,
2021-09-14 01:00:00,23.993,23.993,23.993,23.993,0,0.0,,,,,
2021-09-15 01:00:00,23.993,23.993,23.993,23.993,0,0.0,,,,,
2021-09-16 01:00:00,23.993,23.993,23.993,23.993,0,0.0,,,,,
2021-09-17 01:00:00,33.554,33.554,33.554,33.554,200,6710.8,,,,,
2021-09-20 01:00:00,38.518,38.518,38.518,38.518,100,3851.8,,,,,
2021-09-21 01:00:00,38.518,38.518,38.518,38.518,0,0.0,,,,,
2021-09-22 01:00:00,38.518,38.518,38.518,38.518,0,0.0,,,,,
2021-09-23 01:00:00,38.518,38.518,38.518,38.518,0,0.0,,,,,
2021-09-24 01:00:00,38.518,38.518,38.518,38.518,0,0.0,,,,,
2021-09-27 01:00:00,38.518,38.518,38.518,38.518,0,0.0,,,,,
2021-09-28 01:00:00,38.518,38.518,38.518,38.518,0,0.0,,,,,
2021-09-29 01:00:00,38.518,38.518,38.518,38.518,0,0.0,,,,,
2021-09-30 01:00:00,38.518,38.518,38.518,38.518,0,0.0,,,,,
2021-10-01 01:00:00,38.518,38.518,38.518,38.518,0,0.0,,,,,
2021-10-04 01:00:00,38.518,38.518,38.518,38.518,1,38.518,,,,,
2021-10-05 01:00:00,38.518,38.518,38.518,38.518,0,0.0,,,,,
2021-10-06 01:00:00,38.518,38.518,38.518,38.518,0,0.0,,,,,
2021-10-07 01:00:00,38.518,38.518,38.518,38.518,0,0.0,,,,,
2021-10-08 01:00:00,38.518,38.518,38.518,38.518,1,38.518,,,,,
2021-10-11 01:00:00,38.518,38.518,38.518,38.518,0,0.0,,,,,
2021-10-12 01:00:00,38.518,38.518,38.518,38.518,0,0.0,,,,,
2021-10-13 01:00:00,38.518,38.518,38.518,38.518,0,0.0,,,,,
2021-10-14 01:00:00,38.518,38.518,38.518,38.518,0,0.0,,,,,
2021-10-15 01:00:00,38.518,38.518,38.518,38.518,0,0.0,,,,,
2021-10-18 01:00:00,38.518,38.518,38.518,38.518,0,0.0,,,,,
2021-10-19 01:00:00,38.518,38.518,38.518,38.518,0,0.0,,,,,
2021-10-20 01:00:00,38.518,38.518,38.518,38.518,0,0.0,,,,,
2021-10-21 01:00:00,38.518,38.518,38.518,38.518,0,0.0,,,,,
2021-10-22 01:00:00,38.518,38.518,38.518,38.518,0,0.0,,,,,
2021-10-25 01:00:00,38.518,38.518,38.518,38.518,0,0.0,,,,,
2021-10-26 01:00:00,38.518,38.518,38.518,38.518,0,0.0,,,,,
2021-10-27 01:00:00,38.518,38.518,38.518,38.518,0,0.0,,,,,
2021-10-28 01:00:00,38.518,38.518,38.518,38.518,0,0.0,,,,,
2021-10-29 01:00:00,38.518,38.518,38.518,38.518,0,0.0,,,,,
2021-11-01 00:00:00,38.518,38.518,38.518,38.518,0,0.0,,,,,
2021-11-02 00:00:00,38.518,38.518,38.518,38.518,0,0.0,,,,,
2021-11-03 00:00:00,38.518,38.518,38.518,38.518,0,0.0,,,,,
2021-11-04 00:00:00,38.518,38.518,38.518,38.518,0,0.0,,,,,
2021-11-05 00:00:00,38.518,38.518,38.518,38.518,0,0.0,,,,,
2021-11-08 00:00:00,38.518,38.518,38.518,38.518,0,0.0,,,,,
2021-11-09 00:00:00,38.518,38.518,38.518,38.518,0,0.0,,,,,
2021-11-10 00:00:00,38.518,38.518,38.518,38.518,0,0.0,,,,,
2021-11-11 00:00:00,38.518,38.518,38.518,38.518,0,0.0,,,,,
2021-11-12 00:00:00,38.518,38.518,38.518,38.518,0,0.0,,,,,
2021-11-15 00:00:00,38.518,38.518,38.518,38.518,0,0.0,,,,,
2021-11-16 00:00:00,38.518,38.518,38.518,38.518,0,0.0,,,,,
2021-11-17 00:00:00,38.518,38.518,38.518,38.518,0,0.0,,,,,
2021-11-18 00:00:00,38.518,38.518,38.518,38.518,0,0.0,,,,,
2021-11-19 00:00:00,38.518,38.518,38.518,38.518,0,0.0,,,,,
2021-11-22 00:00:00,38.518,38.518,38.518,38.518,0,0.0,,,,,
2021-11-23 00:00:00,38.518,38.518,38.518,38.518,0,0.0,,,,,
2021-11-24 00:00:00,38.518,38.518,38.518,38.518,0,0.0,,,,,
2021-11-25 00:00:00,38.518,38.518,38.518,38.518,0,0.0,,,,,
2021-11-26 00:00:00,38.518,38.518,38.518,38.518,0,0.0,,,,,
2021-11-29 00:00:00,38.518,38.518,38.518,38.518,0,0.0,,,,,
2021-11-30 00:00:00,38.518,38.518,38.518,38.518,0,0.0,,,,,
2021-12-01 00:00:00,38.518,38.518,38.518,38.518,0,0.0,,,,,
2021-12-02 00:00:00,38.518,38.518,38.518,38.518,0,0.0,,,,,
2021-12-03 00:00:00,38.518,38.518,38.518,38.518,0,0.0,,,,,
2021-12-06 00:00:00,38.518,38.518,38.518,38.518,0,0.0,,,,,
2021-12-07 00:00:00,38.518,38.518,38.518,38.518,0,0.0,,,,,
2021-12-08 00:00:00,38.518,38.518,38.518,38.518,0,0.0,,,,,
2021-12-09 00:00:00,38.518,38.518,38.518,38.518,0,0.0,,,,,
2021-12-10 00:00:00,38.518,38.518,38.518,38.518,0,0.0,,,,,
2021-12-13 00:00:00,38.518,38.518,38.518,38.518,0,0.0,,,,,
2021-12-14 00:00:00,38.518,38.518,38.518,38.518,0,0.0,,,,,
2021-12-15 00:00:00,38.518,38.518,38.518,38.518,0,0.0,,,,,
2021-12-16 00:00:00,38.518,38.518,38.518,38.518,0,0.0,,,,,
2021-12-17 00:00:00,38.518,38.518,38.518,38.518,0,0.0,,,,,
2021-12-20 00:00:00,38.518,38.518,38.518,38.518,0,0.0,,,,,
2021-12-21 00:00:00,38.518,38.518,38.518,38.518,0,0.0,,,,,
2021-12-22 00:00:00,38.518,38.518,38.518,38.518,0,0.0,,,,,
2021-12-23 00:00:00,38.518,38.518,38.518,38.518,0,0.0,,,,,
2021-12-24 00:00:00,38.518,38.518,38.518,38.518,0,0.0,,,,,
2021-12-27 00:00:00,38.518,38.518,38.518,38.518,0,0.0,,,,,
2021-12-28 00:00:00,38.518,38.518,38.518,38.518,0,0.0,,,,,
2021-12-29 00:00:00,38.518,38.518,38.518,38.518,0,0.0,,,,,
2021-12-30 00:00:00,38.518,38.518,38.518,38.518,0,0.0,,,,,
2021-12-31 00:00:00,38.518,38.518,38.518,38.518,0,0.0,,,,,
2022-01-04 00:00:00,38.518,38.518,38.518,38.518,0,0.0,,,,,
2022-01-05 00:00:00,38.518,38.518,38.518,38.518,0,0.0,,,,,
2022-01-06 00:00:00,38.518,38.518,38.518,38.518,0,0.0,,,,,
2022-01-07 00:00:00,38.518,38.518,38.518,38.518,0,0.0,,,,,
2022-01-10 00:00:00,38.518,38.518,38.518,38.518,0,0.0,,,,,
2022-01-11 00:00:00,38.518,38.518,38.518,38.518,0,0.0,,,,,
2022-01-12 00:00:00,38.518,38.518,38.518,38.518,0,0.0,,,,,
2022-01-13 00:00:00,38.518,38.518,38.518,38.518,0,0.0,,,,,
2022-01-14 00:00:00,38.518,38.518,38.518,38.518,0,0.0,,,,,
2022-01-17 00:00:00,38.518,38.518,38.518,38.518,0,0.0,,,,,
2022-01-18 00:00:00,38.518,38.518,38.518,38.518,0,0.0,,,,,
2022-01-19 00:00:00,38.518,38.518,38.518,38.518,0,0.0,,,,,
2022-01-20 00:00:00,38.518,38.518,29.417,29.417,200,5883.400000000001,,,,,
2022-01-21 00:00:00,34.013,34.013,34.013,34.013,0,0.0,,,,,
2022-01-24 00:00:00,34.013,34.013,34.013,34.013,0,0.0,,,,,
2022-01-25 00:00:00,34.013,34.013,34.013,34.013,0,0.0,,,,,
2022-01-26 00:00:00,34.013,34.013,34.013,34.013,0,0.0,,,,,
2022-01-27 00:00:00,34.013,34.013,34.013,34.013,0,0.0,,,,,
2022-01-28 00:00:00,34.013,34.013,34.013,34.013,0,0.0,,,,,
2022-02-07 00:00:00,34.013,34.013,34.013,34.013,0,0.0,,,,,
2022-02-08 00:00:00,34.013,34.013,34.013,34.013,0,0.0,,,,,
2022-02-09 00:00:00,34.013,34.013,34.013,34.013,0,0.0,,,,,
2022-02-10 00:00:00,34.013,34.013,34.013,34.013,0,0.0,,,,,
2022-02-11 00:00:00,34.013,34.013,34.013,34.013,0,0.0,,,,,
2022-02-14 00:00:00,34.013,34.013,34.013,34.013,0,0.0,,,,,
2022-02-15 00:00:00,34.013,34.013,34.013,34.013,0,0.0,,,,,
2022-02-16 00:00:00,34.013,34.013,34.013,34.013,0,0.0,,,,,
2022-02-17 00:00:00,34.013,34.013,34.013,34.013,0,0.0,,,,,
2022-02-18 00:00:00,34.013,34.013,34.013,34.013,0,0.0,,,,,
2022-02-21 00:00:00,34.013,34.013,34.013,34.013,0,0.0,,,,,
2022-02-22 00:00:00,34.013,34.013,34.013,34.013,2000,68026.0,,,,,
2022-02-23 00:00:00,34.013,34.013,34.013,34.013,0,0.0,,,,,
2022-02-24 00:00:00,34.013,34.013,34.013,34.013,0,0.0,,,,,
2022-02-25 00:00:00,34.013,34.013,34.013,34.013,0,0.0,,,,,
2022-02-28 00:00:00,34.932,34.932,31.255,31.255,1000,31255.0,,,,,
2022-03-01 00:00:00,33.094,33.094,33.094,33.094,0,0.0,,,,,
2022-03-02 00:00:00,33.094,33.094,33.094,33.094,0,0.0,,,,,
2022-03-03 00:00:00,33.094,33.094,33.094,33.094,0,0.0,,,,,
2022-03-04 00:00:00,33.094,33.094,33.094,33.094,0,0.0,,,,,
2022-03-07 00:00:00,33.094,33.094,33.094,33.094,0,0.0,,,,,
2022-03-08 00:00:00,33.094,33.094,33.094,33.094,0,0.0,,,,,
2022-03-09 00:00:00,33.094,33.094,33.094,33.094,4000,132376.0,,,,,
2022-03-10 00:00:00,29.417,29.417,29.417,29.417,100,2941.7000000000003,,,,,
2022-03-11 00:00:00,29.417,29.417,29.417,29.417,0,0.0,,,,,
2022-03-14 00:00:00,29.417,29.417,29.417,29.417,0,0.0,,,,,
2022-03-15 00:00:00,29.417,29.417,29.417,29.417,0,0.0,,,,,
2022-03-16 00:00:00,29.417,29.417,29.417,29.417,0,0.0,,,,,
2022-03-17 00:00:00,30.336,30.336,30.336,30.336,2000,60672.0,,,,,
2022-03-18 00:00:00,30.336,30.336,30.336,30.336,0,0.0,,,,,
2022-03-21 00:00:00,30.336,30.336,30.336,30.336,0,0.0,,,,,
2022-03-22 00:00:00,30.336,30.336,30.336,30.336,0,0.0,,,,,
2022-03-23 00:00:00,30.336,30.336,30.336,30.336,0,0.0,,,,,
2022-03-24 00:00:00,30.336,30.336,30.336,30.336,0,0.0,,,,,
2022-03-25 00:00:00,30.336,30.336,30.336,30.336,0,0.0,,,,,
2022-03-28 01:00:00,30.336,30.336,30.336,30.336,0,0.0,,,,,
2022-03-29 01:00:00,30.336,30.336,30.336,30.336,0,0.0,,,,,
2022-03-30 01:00:00,30.336,30.336,30.336,30.336,0,0.0,,,,,
2022-03-31 01:00:00,30.336,30.336,30.336,30.336,0,0.0,,,,,
2022-04-01 01:00:00,30.336,30.336,30.336,30.336,0,0.0,,,,,
2022-04-04 01:00:00,30.336,30.336,30.336,30.336,0,0.0,,,,,
2022-04-05 01:00:00,30.336,30.336,30.336,30.336,0,0.0,,,,,
2022-04-06 01:00:00,30.336,30.336,30.336,30.336,0,0.0,,,,,
2022-04-07 01:00:00,30.336,30.336,30.336,30.336,0,0.0,,,,,
2022-04-08 01:00:00,30.336,30.336,30.336,30.336,0,0.0,,,,,
2022-04-12 01:00:00,30.336,30.336,30.336,30.336,0,0.0,,,,,
2022-04-13 01:00:00,30.336,30.336,30.336,30.336,0,0.0,,,,,
2022-04-14 01:00:00,30.336,30.336,30.336,30.336,0,0.0,,,,,
2022-04-15 01:00:00,30.336,30.336,30.336,30.336,0,0.0,,,,,
2022-04-18 01:00:00,30.336,30.336,30.336,30.336,0,0.0,,,,,
2022-04-19 01:00:00,30.336,30.336,30.336,30.336,0,0.0,,,,,
2022-04-20 01:00:00,30.336,30.336,30.336,30.336,0,0.0,,,,,
2022-04-21 01:00:00,30.336,30.336,30.336,30.336,0,0.0,,,,,
2022-04-22 01:00:00,30.336,30.336,30.336,30.336,0,0.0,,,,,
2022-04-25 01:00:00,30.336,30.336,30.336,30.336,0,0.0,,,,,
2022-04-26 01:00:00,30.336,30.336,30.336,30.336,0,0.0,,,,,
2022-04-27 01:00:00,30.336,30.336,30.336,30.336,0,0.0,,,,,
2022-04-28 01:00:00,30.336,30.336,30.336,30.336,0,0.0,,,,,
2022-04-29 01:00:00,30.336,30.336,30.336,30.336,0,0.0,,,,,
2022-05-04 01:00:00,30.336,30.336,30.336,30.336,0,0.0,,,,,
2022-05-05 01:00:00,30.336,30.336,30.336,30.336,0,0.0,,,,,
2022-05-06 01:00:00,30.336,30.336,30.336,30.336,0,0.0,,,,,
2022-05-09 01:00:00,30.336,30.336,30.336,30.336,0,0.0,,,,,
2022-05-10 01:00:00,30.336,30.336,30.336,30.336,0,0.0,,,,,
2022-05-11 01:00:00,30.336,30.336,30.336,30.336,0,0.0,,,,,
2022-05-12 01:00:00,30.336,30.336,30.336,30.336,0,0.0,,,,,
2022-05-13 01:00:00,30.336,30.336,30.336,30.336,0,0.0,,,,,
2022-05-16 01:00:00,30.336,30.336,30.336,30.336,0,0.0,,,,,
2022-05-17 01:00:00,30.336,30.336,30.336,30.336,0,0.0,,,,,
2022-05-18 01:00:00,30.336,30.336,30.336,30.336,0,0.0,,,,,
2022-05-19 01:00:00,30.336,30.336,30.336,30.336,0,0.0,,,,,
2022-05-20 01:00:00,30.336,30.336,30.336,30.336,0,0.0,,,,,
2022-05-23 01:00:00,30.336,30.336,30.336,30.336,0,0.0,,,,,
2022-05-24 01:00:00,30.336,30.336,30.336,30.336,0,0.0,,,,,
2022-05-25 01:00:00,30.336,30.336,30.336,30.336,0,0.0,,,,,
2022-05-26 01:00:00,30.336,30.336,30.336,30.336,0,0.0,,,,,
2022-05-27 01:00:00,30.336,30.336,30.336,30.336,0,0.0,,,,,
2022-05-30 01:00:00,30.336,30.336,30.336,30.336,0,0.0,,,,,
2022-05-31 01:00:00,30.336,30.336,30.336,30.336,0,0.0,,,,,
2022-06-01 01:00:00,30.336,30.336,30.336,30.336,0,0.0,,,,,
2022-06-02 01:00:00,30.336,30.336,30.336,30.336,0,0.0,,,,,
2022-06-03 01:00:00,30.336,30.336,30.336,30.336,0,0.0,,,,,
2022-06-06 01:00:00,30.336,30.336,30.336,30.336,0,0.0,,,,,
2022-06-07 01:00:00,30.336,30.336,30.336,30.336,0,0.0,,,,,
2022-06-08 01:00:00,30.336,30.336,30.336,30.336,0,0.0,,,,,
2022-06-09 01:00:00,30.336,30.336,30.336,30.336,0,0.0,,,,,
2022-06-10 01:00:00,30.336,30.336,30.336,30.336,0,0.0,,,,,
2022-06-13 01:00:00,30.336,30.336,30.336,30.336,0,0.0,,,,,
2022-06-14 01:00:00,30.336,30.336,30.336,30.336,0,0.0,,,,,
2022-06-15 01:00:00,30.336,30.336,30.336,30.336,0,0.0,,,,,
2022-06-16 01:00:00,30.336,30.336,30.336,30.336,0,0.0,,,,,
2022-06-17 01:00:00,30.336,30.336,30.336,30.336,0,0.0,,,,,
2022-06-20 01:00:00,30.336,30.336,30.336,30.336,0,0.0,,,,,
2022-06-21 01:00:00,30.337,30.337,30.337,30.337,0,0.0,,,,,
2022-06-22 01:00:00,30.337,30.337,30.337,30.337,0,0.0,,,,,
2022-06-23 01:00:00,30.337,30.337,30.337,30.337,0,0.0,,,,,
2022-06-24 01:00:00,30.337,30.337,30.337,30.337,0,0.0,,,,,
2022-06-27 01:00:00,30.337,30.337,30.337,30.337,0,0.0,,,,,
2022-06-28 01:00:00,30.337,30.337,30.337,30.337,0,0.0,,,,,
2022-06-29 01:00:00,30.337,30.337,30.337,30.337,0,0.0,,,,,
2022-06-30 01:00:00,30.337,30.337,30.337,30.337,0,0.0,,,,,
2022-07-01 01:00:00,30.337,30.337,30.337,30.337,0,0.0,,,,,
2022-07-04 01:00:00,30.337,30.337,30.337,30.337,0,0.0,,,,,
2022-07-05 01:00:00,30.337,30.337,30.337,30.337,0,0.0,,,,,
2022-07-06 01:00:00,30.337,30.337,30.337,30.337,0,0.0,,,,,
2022-07-07 01:00:00,30.337,30.337,30.337,30.337,0,0.0,,,,,
2022-07-08 01:00:00,30.337,30.337,30.337,30.337,0,0.0,,,,,
2022-07-11 01:00:00,30.337,30.337,30.337,30.337,0,0.0,,,,,
2022-07-12 01:00:00,30.337,30.337,30.337,30.337,0,0.0,,,,,
2022-07-13 01:00:00,30.337,30.337,30.337,30.337,0,0.0,,,,,
2022-07-14 01:00:00,30.337,30.337,30.337,30.337,0,0.0,,,,,
2022-07-15 01:00:00,30.337,30.337,30.337,30.337,0,0.0,,,,,
2022-07-18 01:00:00,30.337,30.337,30.337,30.337,0,0.0,,,,,
2022-07-19 01:00:00,30.337,30.337,30.337,30.337,0,0.0,,,,,
2022-07-20 01:00:00,30.337,30.337,30.337,30.337,0,0.0,,,,,
2022-07-21 01:00:00,30.337,30.337,30.337,30.337,0,0.0,,,,,
2022-07-22 01:00:00,30.337,30.337,30.337,30.337,0,0.0,,,,,
2022-07-25 01:00:00,30.337,30.337,30.337,30.337,0,0.0,,,,,
2022-07-26 01:00:00,30.337,30.337,30.337,30.337,0,0.0,,,,,
2022-07-27 01:00:00,30.337,30.337,30.337,30.337,0,0.0,,,,,
2022-07-28 01:00:00,30.337,30.337,30.337,30.337,0,0.0,,,,,
2022-07-29 01:00:00,30.337,30.337,30.337,30.337,0,0.0,,,,,
2022-08-01 01:00:00,30.337,30.337,30.337,30.337,0,0.0,,,,,
2022-08-02 01:00:00,30.337,30.337,30.337,30.337,0,0.0,,,,,
2022-08-03 01:00:00,30.337,30.337,30.337,30.337,0,0.0,,,,,
2022-08-04 01:00:00,30.337,30.337,30.337,30.337,0,0.0,,,,,
2022-08-05 01:00:00,30.337,30.337,30.337,30.337,0,0.0,,,,,
2022-08-08 01:00:00,30.337,30.337,30.337,30.337,0,0.0,,,,,
2022-08-09 01:00:00,30.337,30.337,30.337,30.337,0,0.0,,,,,
2022-08-10 01:00:00,30.337,30.337,30.337,30.337,0,0.0,,,,,
2022-08-11 01:00:00,30.337,30.337,30.337,30.337,0,0.0,,,,,
2022-08-12 01:00:00,30.337,30.337,30.337,30.337,0,0.0,,,,,
2022-08-15 01:00:00,30.337,30.337,30.337,30.337,0,0.0,,,,,
2022-08-16 01:00:00,30.337,30.337,30.337,30.337,0,0.0,,,,,
2022-08-17 01:00:00,30.337,30.337,30.337,30.337,0,0.0,,,,,
2022-08-18 01:00:00,30.337,30.337,30.337,30.337,0,0.0,,,,,
2022-08-19 01:00:00,30.337,30.337,30.337,30.337,0,0.0,,,,,
2022-08-22 01:00:00,30.337,30.337,30.337,30.337,0,0.0,,,,,
2022-08-23 01:00:00,30.337,30.337,30.337,30.337,0,0.0,,,,,
2022-08-24 01:00:00,30.337,30.337,30.337,30.337,0,0.0,,,,,
2022-08-25 01:00:00,30.337,30.337,30.337,30.337,0,0.0,,,,,
2022-08-26 01:00:00,30.337,30.337,30.337,30.337,0,0.0,,,,,
2022-08-29 01:00:00,30.337,30.337,30.337,30.337,0,0.0,,,,,
2022-08-30 01:00:00,30.337,30.337,30.337,30.337,0,0.0,,,,,
2022-08-31 01:00:00,30.337,30.337,30.337,30.337,0,0.0,,,,,
2022-09-05 01:00:00,30.337,30.337,30.337,30.337,0,0.0,,,,,
2022-09-06 01:00:00,30.337,30.337,30.337,30.337,0,0.0,,,,,
2022-09-07 01:00:00,30.337,30.337,30.337,30.337,0,0.0,,,,,
2022-09-08 01:00:00,30.337,30.337,30.337,30.337,0,0.0,,,,,
2022-09-09 01:00:00,30.337,30.337,30.337,30.337,0,0.0,,,,,
2022-09-12 01:00:00,30.337,30.337,30.337,30.337,0,0.0,,,,,
2022-09-13 01:00:00,30.337,30.337,30.337,30.337,0,0.0,,,,,
2022-09-14 01:00:00,30.337,30.337,30.337,30.337,0,0.0,,,,,
2022-09-15 01:00:00,30.337,30.337,30.337,30.337,0,0.0,,,,,
2022-09-16 01:00:00,30.337,30.337,30.337,30.337,0,0.0,,,,,
2022-09-19 01:00:00,30.337,30.337,30.337,30.337,0,0.0,,,,,
2022-09-20 01:00:00,30.337,30.337,30.337,30.337,0,0.0,,,,,
2022-09-21 01:00:00,30.337,30.337,30.337,30.337,0,0.0,,,,,
2022-09-22 01:00:00,30.337,30.337,30.337,30.337,0,0.0,,,,,
2022-09-23 01:00:00,30.337,30.337,30.337,30.337,0,0.0,,,,,
2022-09-26 01:00:00,30.337,30.337,30.337,30.337,0,0.0,,,,,
2022-09-27 01:00:00,30.337,30.337,30.337,30.337,0,0.0,,,,,
2022-09-28 01:00:00,30.337,30.337,30.337,30.337,0,0.0,,,,,
2022-09-29 01:00:00,30.337,30.337,30.337,30.337,0,0.0,,,,,
2022-09-30 01:00:00,30.337,30.337,30.337,30.337,0,0.0,,,,,
2022-10-03 01:00:00,30.337,30.337,30.337,30.337,0,0.0,,,,,
2022-10-04 01:00:00,30.337,30.337,30.337,30.337,0,0.0,,,,,
2022-10-05 01:00:00,30.337,30.337,30.337,30.337,0,0.0,,,,,
2022-10-06 01:00:00,30.337,30.337,30.337,30.337,0,0.0,,,,,
2022-10-07 01:00:00,30.337,30.337,30.337,30.337,0,0.0,,,,,
2022-10-10 01:00:00,30.337,30.337,30.337,30.337,0,0.0,,,,,
2022-10-11 01:00:00,30.337,30.337,30.337,30.337,0,0.0,,,,,
2022-10-12 01:00:00,30.337,30.337,30.337,30.337,0,0.0,,,,,
2022-10-13 01:00:00,30.337,30.337,30.337,30.337,0,0.0,,,,,
2022-10-14 01:00:00,30.337,30.337,30.337,30.337,0,0.0,,,,,
2022-10-17 01:00:00,30.337,30.337,30.337,30.337,0,0.0,,,,,
2022-10-18 01:00:00,30.337,30.337,30.337,30.337,0,0.0,,,,,
2022-10-19 01:00:00,30.337,30.337,30.337,30.337,0,0.0,,,,,
2022-10-20 01:00:00,30.337,30.337,30.337,30.337,0,0.0,,,,,
2022-10-21 01:00:00,30.337,30.337,30.337,30.337,0,0.0,,,,,
2022-10-24 01:00:00,30.337,30.337,30.337,30.337,0,0.0,,,,,
2022-10-25 01:00:00,30.337,30.337,30.337,30.337,0,0.0,,,,,
2022-10-26 01:00:00,30.337,30.337,30.337,30.337,0,0.0,,,,,
2022-10-27 01:00:00,30.337,30.337,30.337,30.337,0,0.0,,,,,
2022-10-28 01:00:00,30.337,30.337,30.337,30.337,0,0.0,,,,,
2022-10-31 00:00:00,30.337,30.337,30.337,30.337,0,0.0,,,,,
2022-11-01 00:00:00,30.337,30.337,30.337,30.337,0,0.0,,,,,
2022-11-02 00:00:00,30.337,30.337,30.337,30.337,0,0.0,,,,,
2022-11-03 00:00:00,30.337,30.337,30.337,30.337,0,0.0,,,,,
2022-11-04 00:00:00,30.337,30.337,30.337,30.337,0,0.0,,,,,
2022-11-07 00:00:00,30.337,30.337,30.337,30.337,0,0.0,,,,,
2022-11-08 00:00:00,30.337,30.337,30.337,30.337,0,0.0,,,,,
2022-11-09 00:00:00,30.337,30.337,30.337,30.337,0,0.0,,,,,
2022-11-10 00:00:00,30.337,30.337,30.337,30.337,0,0.0,,,,,
2022-11-11 00:00:00,30.337,30.337,30.337,30.337,0,0.0,,,,,
2022-11-14 00:00:00,30.337,30.337,30.337,30.337,0,0.0,,,,,
2022-11-15 00:00:00,30.337,30.337,30.337,30.337,0,0.0,,,,,
2022-11-16 00:00:00,30.337,30.337,30.337,30.337,0,0.0,,,,,
2022-11-17 00:00:00,30.337,30.337,30.337,30.337,0,0.0,,,,,
2022-11-18 00:00:00,30.337,30.337,30.337,30.337,0,0.0,,,,,
2022-11-21 00:00:00,30.337,30.337,30.337,30.337,0,0.0,,,,,
2022-11-22 00:00:00,30.337,30.337,30.337,30.337,0,0.0,,,,,
2022-11-23 00:00:00,30.337,30.337,30.337,30.337,0,0.0,,,,,
2022-11-24 00:00:00,30.337,30.337,30.337,30.337,0,0.0,,,,,
2022-11-25 00:00:00,30.337,30.337,30.337,30.337,0,0.0,,,,,
2022-11-28 00:00:00,30.337,30.337,30.337,30.337,0,0.0,,,,,
2022-11-29 00:00:00,30.337,30.337,30.337,30.337,0,0.0,,,,,
2022-11-30 00:00:00,30.337,30.337,30.337,30.337,0,0.0,,,,,
2022-12-01 00:00:00,30.337,30.337,30.337,30.337,0,0.0,,,,,
2022-12-02 00:00:00,30.337,30.337,30.337,30.337,0,0.0,,,,,
2022-12-05 00:00:00,30.337,30.337,30.337,30.337,0,0.0,,,,,
2022-12-06 00:00:00,30.337,30.337,30.337,30.337,0,0.0,,,,,
2022-12-07 00:00:00,30.337,30.337,30.337,30.337,0,0.0,,,,,
2022-12-08 00:00:00,30.337,30.337,30.337,30.337,0,0.0,,,,,
2022-12-09 00:00:00,30.337,30.337,30.337,30.337,0,0.0,,,,,
2022-12-12 00:00:00,30.337,30.337,30.337,30.337,0,0.0,,,,,
2022-12-13 00:00:00,30.337,30.337,30.337,30.337,0,0.0,,,,,
2022-12-14 00:00:00,30.337,30.337,30.337,30.337,0,0.0,,,,,
2022-12-15 00:00:00,30.337,30.337,30.337,30.337,0,0.0,,,,,
2022-12-16 00:00:00,30.337,30.337,30.337,30.337,0,0.0,,,,,
2022-12-19 00:00:00,30.337,30.337,30.337,30.337,0,0.0,,,,,
2022-12-20 00:00:00,30.337,30.337,30.337,30.337,0,0.0,,,,,
2022-12-21 00:00:00,30.337,30.337,30.337,30.337,0,0.0,,,,,
2022-12-22 00:00:00,30.337,30.337,30.337,30.337,0,0.0,,,,,
2022-12-23 00:00:00,30.337,30.337,30.337,30.337,0,0.0,,,,,
2022-12-26 00:00:00,30.337,30.337,30.337,30.337,0,0.0,,,,,
2022-12-27 00:00:00,30.337,30.337,30.337,30.337,0,0.0,,,,,
2022-12-28 00:00:00,30.337,30.337,30.337,30.337,0,0.0,,,,,
2022-12-29 00:00:00,30.337,30.337,30.337,30.337,0,0.0,,,,,
2022-12-30 00:00:00,30.337,30.337,30.337,30.337,0,0.0,,,,,
2023-01-03 00:00:00,30.337,30.337,30.337,30.337,0,0.0,,,,,
2023-01-04 00:00:00,30.337,30.337,30.337,30.337,0,0.0,,,,,
2023-01-05 00:00:00,30.337,30.337,30.337,30.337,0,0.0,,,,,
2023-01-06 00:00:00,30.337,30.337,30.337,30.337,0,0.0,,,,,
2023-01-09 00:00:00,30.337,30.337,30.337,30.337,0,0.0,,,,,
2023-01-10 00:00:00,30.337,30.337,30.337,30.337,0,0.0,,,,,
2023-01-11 00:00:00,30.337,30.337,30.337,30.337,0,0.0,,,,,
2023-01-12 00:00:00,30.337,30.337,30.337,30.337,0,0.0,,,,,
2023-01-13 00:00:00,30.337,30.337,30.337,30.337,0,0.0,,,,,
2023-01-16 00:00:00,30.337,30.337,30.337,30.337,0,0.0,,,,,
2023-01-17 00:00:00,30.337,30.337,30.337,30.337,0,0.0,,,,,
2023-01-18 00:00:00,30.337,30.337,30.337,30.337,0,0.0,,,,,
2023-01-19 00:00:00,30.337,30.337,30.337,30.337,0,0.0,,,,,
2023-01-27 00:00:00,30.337,30.337,30.337,30.337,0,0.0,,,,,
2023-01-30 00:00:00,30.337,30.337,30.337,30.337,0,0.0,,,,,
2023-01-31 00:00:00,30.337,30.337,30.337,30.337,0,0.0,,,,,
2023-02-01 00:00:00,30.337,30.337,30.337,30.337,0,0.0,,,,,
2023-02-02 00:00:00,30.337,30.337,30.337,30.337,0,0.0,,,,,
2023-02-03 00:00:00,30.337,30.337,30.337,30.337,0,0.0,,,,,
2023-02-06 00:00:00,30.337,30.337,30.337,30.337,0,0.0,,,,,
2023-02-07 00:00:00,30.337,30.337,30.337,30.337,0,0.0,,,,,
2023-02-08 00:00:00,30.337,30.337,30.337,30.337,0,0.0,,,,,
2023-02-09 00:00:00,30.337,30.337,30.337,30.337,0,0.0,,,,,
2023-02-10 00:00:00,30.337,30.337,30.337,30.337,0,0.0,,,,,
2023-02-13 00:00:00,30.337,30.337,30.337,30.337,0,0.0,,,,,
2023-02-14 00:00:00,30.337,30.337,30.337,30.337,0,0.0,,,,,
2023-02-15 00:00:00,30.337,30.337,30.337,30.337,0,0.0,,,,,
2023-02-16 00:00:00,30.337,30.337,30.337,30.337,0,0.0,,,,,
2023-02-17 00:00:00,30.337,30.337,30.337,30.337,0,0.0,,,,,
2023-02-20 00:00:00,30.337,30.337,30.337,30.337,0,0.0,,,,,
2023-02-21 00:00:00,30.337,30.337,30.337,30.337,0,0.0,,,,,
2023-02-22 00:00:00,30.337,30.337,30.337,30.337,0,0.0,,,,,
2023-02-23 00:00:00,30.337,30.337,30.337,30.337,0,0.0,,,,,
2023-02-24 00:00:00,30.337,30.337,30.337,30.337,0,0.0,,,,,
2023-02-27 00:00:00,30.337,30.337,30.337,30.337,0,0.0,,,,,
2023-02-28 00:00:00,30.337,30.337,30.337,30.337,0,0.0,,,,,
2023-03-01 00:00:00,30.337,30.337,30.337,30.337,0,0.0,,,,,
2023-03-02 00:00:00,30.337,30.337,30.337,30.337,0,0.0,,,,,
2023-03-03 00:00:00,30.337,30.337,30.337,30.337,0,0.0,,,,,
2023-03-06 00:00:00,30.337,30.337,30.337,30.337,0,0.0,,,,,
2023-03-07 00:00:00,30.337,30.337,30.337,30.337,0,0.0,,,,,
2023-03-08 00:00:00,30.337,30.337,30.337,30.337,0,0.0,,,,,
2023-03-09 00:00:00,30.337,30.337,30.337,30.337,0,0.0,,,,,
2023-03-10 00:00:00,30.337,30.337,30.337,30.337,0,0.0,,,,,
2023-03-13 00:00:00,30.337,30.337,30.337,30.337,0,0.0,,,,,
2023-03-14 00:00:00,30.337,30.337,30.337,30.337,0,0.0,,,,,
2023-03-15 00:00:00,30.337,30.337,30.337,30.337,0,0.0,,,,,
2023-03-16 00:00:00,30.337,30.337,30.337,30.337,0,0.0,,,,,
2023-03-17 00:00:00,30.337,30.337,30.337,30.337,0,0.0,,,,,
2023-03-20 00:00:00,30.337,30.337,30.337,30.337,0,0.0,,,,,
2023-03-21 00:00:00,30.337,30.337,30.337,30.337,0,0.0,,,,,
2023-03-22 00:00:00,30.337,30.337,30.337,30.337,0,0.0,,,,,
2023-03-23 00:00:00,30.337,30.337,30.337,30.337,0,0.0,,,,,
2023-03-24 00:00:00,30.337,30.337,30.337,30.337,0,0.0,,,,,
2023-03-27 01:00:00,30.337,30.337,30.337,30.337,0,0.0,,,,,
2023-03-28 01:00:00,30.337,30.337,30.337,30.337,0,0.0,,,,,
2023-03-29 01:00:00,30.337,30.337,30.337,30.337,0,0.0,,,,,
2023-03-30 01:00:00,30.337,30.337,30.337,30.337,0,0.0,,,,,
2023-03-31 01:00:00,30.337,30.337,30.337,30.337,0,0.0,,,,,
2023-04-03 01:00:00,30.337,30.337,30.337,30.337,0,0.0,,,,,
2023-04-04 01:00:00,30.337,30.337,30.337,30.337,0,0.0,,,,,
2023-04-05 01:00:00,30.337,30.337,30.337,30.337,0,0.0,,,,,
2023-04-06 01:00:00,30.337,30.337,30.337,30.337,0,0.0,,,,,
2023-04-07 01:00:00,30.337,30.337,30.337,30.337,0,0.0,,,,,
2023-04-10 01:00:00,30.337,30.337,30.337,30.337,0,0.0,,,,,
2023-04-11 01:00:00,30.337,30.337,30.337,30.337,0,0.0,,,,,
2023-04-12 01:00:00,30.337,30.337,30.337,30.337,0,0.0,,,,,
2023-04-13 01:00:00,30.337,30.337,30.337,30.337,0,0.0,,,,,
2023-04-14 01:00:00,30.337,30.337,30.337,30.337,0,0.0,,,,,
2023-04-17 01:00:00,30.337,30.337,30.337,30.337,0,0.0,,,,,
2023-04-18 01:00:00,30.337,30.337,30.337,30.337,0,0.0,,,,,
2023-04-19 01:00:00,30.337,30.337,30.337,30.337,0,0.0,,,,,
2023-04-20 01:00:00,30.337,30.337,30.337,30.337,0,0.0,,,,,
2023-04-21 01:00:00,30.337,30.337,30.337,30.337,0,0.0,,,,,
2023-04-24 01:00:00,30.337,30.337,30.337,30.337,0,0.0,,,,,
2023-04-25 01:00:00,30.337,30.337,30.337,30.337,0,0.0,,,,,
2023-04-26 01:00:00,30.337,30.337,30.337,30.337,0,0.0,,,,,
2023-04-27 01:00:00,30.337,30.337,30.337,30.337,0,0.0,,,,,
2023-04-28 01:00:00,30.337,30.337,30.337,30.337,0,0.0,,,,,
2023-05-04 01:00:00,30.337,30.337,30.337,30.337,0,0.0,,,,,
2023-05-05 01:00:00,30.337,30.337,30.337,30.337,0,0.0,,,,,
2023-05-08 01:00:00,30.337,30.337,30.337,30.337,0,0.0,,,,,
2023-05-09 01:00:00,30.337,30.337,30.337,30.337,0,0.0,,,,,
2023-05-10 01:00:00,30.337,30.337,30.337,30.337,12300,373145.1,,,,,
2023-05-11 01:00:00,30.337,30.337,30.337,30.337,22,667.414,,,,,
2023-05-12 01:00:00,30.337,30.337,30.337,30.337,0,0.0,,,,,
2023-05-15 01:00:00,30.337,30.337,30.337,30.337,0,0.0,,,,,
2023-05-16 01:00:00,30.337,30.337,30.337,30.337,0,0.0,,,,,
2023-05-17 01:00:00,30.337,30.337,30.337,30.337,0,0.0,,,,,
2023-05-18 01:00:00,30.337,30.337,30.337,30.337,0,0.0,,,,,
2023-05-19 01:00:00,30.337,30.337,30.337,30.337,0,0.0,,,,,
2023-05-22 01:00:00,30.337,30.337,30.337,30.337,0,0.0,,,,,
2023-05-23 01:00:00,30.337,30.337,30.337,30.337,0,0.0,,,,,
2023-05-24 01:00:00,30.337,30.337,30.337,30.337,0,0.0,,,,,
2023-05-25 01:00:00,30.337,30.337,30.337,30.337,0,0.0,,,,,
2023-05-26 01:00:00,30.337,30.337,30.337,30.337,0,0.0,,,,,
2023-05-29 01:00:00,30.337,30.337,30.337,30.337,0,0.0,,,,,
2023-05-30 01:00:00,30.337,30.337,30.337,30.337,0,0.0,,,,,
2023-05-31 01:00:00,30.337,30.337,30.337,30.337,0,0.0,,,,,
2023-06-01 01:00:00,30.337,30.337,30.337,30.337,0,0.0,,,,,
2023-06-02 01:00:00,30.337,30.337,30.337,30.337,0,0.0,,,,,
2023-06-05 01:00:00,30.337,30.337,30.337,30.337,0,0.0,,,,,
2023-06-06 01:00:00,30.337,30.337,30.337,30.337,0,0.0,,,,,
2023-06-07 01:00:00,30.337,30.337,30.337,30.337,0,0.0,,,,,
2023-06-08 01:00:00,30.337,30.337,30.337,30.337,0,0.0,,,,,
2023-06-09 01:00:00,30.337,30.337,30.337,30.337,0,0.0,,,,,
2023-06-12 01:00:00,30.337,30.337,30.337,30.337,0,0.0,,,,,
2023-06-13 01:00:00,30.337,30.337,30.337,30.337,0,0.0,,,,,
2023-06-14 01:00:00,30.337,30.337,30.337,30.337,0,0.0,,,,,
2023-06-15 01:00:00,30.337,30.337,30.337,30.337,0,0.0,,,,,
2023-06-16 01:00:00,30.336,30.336,30.336,30.336,0,0.0,,,,,
2023-06-19 01:00:00,30.336,30.336,30.336,30.336,0,0.0,,,,,
2023-06-20 01:00:00,30.336,30.336,30.336,30.336,0,0.0,,,,,
2023-06-21 01:00:00,30.336,30.336,30.336,30.336,0,0.0,,,,,
2023-06-22 01:00:00,30.336,30.336,30.336,30.336,0,0.0,,,,,
2023-06-23 01:00:00,30.336,30.336,30.336,30.336,0,0.0,,,,,
2023-06-26 01:00:00,30.336,30.336,30.336,30.336,0,0.0,,,,,
2023-06-27 01:00:00,30.336,30.336,30.336,30.336,0,0.0,,,,,
2023-06-28 01:00:00,30.336,30.336,30.336,30.336,0,0.0,,,,,
2023-06-29 01:00:00,30.336,30.336,30.336,30.336,0,0.0,,,,,
2023-06-30 01:00:00,18.474,18.474,18.474,18.474,100,1847.4,,,,,
2023-07-03 01:00:00,18.474,18.474,18.474,18.474,0,0.0,,,,,
2023-07-04 01:00:00,18.474,18.474,18.474,18.474,0,0.0,,,,,
2023-07-05 01:00:00,18.474,18.474,18.474,18.474,0,0.0,,,,,
2023-07-06 01:00:00,18.474,18.474,18.474,18.474,0,0.0,,,,,
2023-07-07 01:00:00,18.474,18.474,18.474,18.474,0,0.0,,,,,
2023-07-10 01:00:00,18.474,18.474,18.474,18.474,0,0.0,,,,,
2023-07-11 01:00:00,18.474,18.474,18.474,18.474,0,0.0,,,,,
2023-07-12 01:00:00,21.196,21.196,21.196,21.196,7100,150491.6,,,,,
2023-07-13 01:00:00,24.308,24.308,24.308,24.308,100,2430.8,,,,,
2023-07-14 01:00:00,24.308,24.308,24.308,24.308,0,0.0,,,,,
2023-07-17 01:00:00,24.308,24.308,24.308,24.308,0,0.0,,,,,
2023-07-18 01:00:00,24.308,24.308,24.308,24.308,0,0.0,,,,,
2023-07-19 01:00:00,24.308,24.308,24.308,24.308,0,0.0,,,,,
2023-07-20 01:00:00,24.308,24.308,24.308,24.308,0,0.0,,,,,
2023-07-21 01:00:00,24.308,24.308,24.308,24.308,0,0.0,,,,,
2023-07-24 01:00:00,24.308,24.308,24.308,24.308,0,0.0,,,,,
2023-07-25 01:00:00,24.308,24.308,24.308,24.308,0,0.0,,,,,
2023-07-26 01:00:00,24.308,24.308,24.308,24.308,0,0.0,,,,,
2023-07-27 01:00:00,24.308,24.308,24.308,24.308,0,0.0,,,,,
2023-07-28 01:00:00,24.308,24.308,24.308,24.308,0,0.0,,,,,
2023-07-31 01:00:00,24.308,24.308,24.308,24.308,0,0.0,,,,,
2023-08-01 01:00:00,24.308,24.308,24.308,24.308,0,0.0,,,,,
2023-08-02 01:00:00,24.308,24.308,24.308,24.308,0,0.0,,,,,
2023-08-03 01:00:00,24.308,24.308,24.308,24.308,0,0.0,,,,,
2023-08-04 01:00:00,24.308,24.308,24.308,24.308,0,0.0,,,,,
2023-08-07 01:00:00,24.308,24.308,24.308,24.308,0,0.0,,,,,
2023-08-08 01:00:00,24.308,24.308,24.308,24.308,0,0.0,,,,,
2023-08-09 01:00:00,24.308,24.308,24.308,24.308,0,0.0,,,,,
2023-08-10 01:00:00,24.308,24.308,24.308,24.308,0,0.0,,,,,
2023-08-11 01:00:00,24.308,24.308,24.308,24.308,0,0.0,,,,,
2023-08-14 01:00:00,24.308,24.308,24.308,24.308,0,0.0,,,,,
2023-08-15 01:00:00,24.308,24.308,24.308,24.308,0,0.0,,,,,
2023-08-16 01:00:00,24.308,24.308,24.308,24.308,0,0.0,,,,,
2023-08-17 01:00:00,24.308,24.308,24.308,24.308,0,0.0,,,,,
2023-08-18 01:00:00,24.308,24.308,24.308,24.308,0,0.0,,,,,
2023-08-21 01:00:00,24.308,24.308,24.308,24.308,0,0.0,,,,,
2023-08-22 01:00:00,24.308,24.308,24.308,24.308,0,0.0,,,,,
2023-08-23 01:00:00,24.308,24.308,24.308,24.308,0,0.0,,,,,
2023-08-24 01:00:00,24.308,24.308,24.308,24.308,0,0.0,,,,,
2023-08-25 01:00:00,24.308,24.308,24.308,24.308,0,0.0,,,,,
2023-08-28 01:00:00,24.308,24.308,24.308,24.308,0,0.0,,,,,
2023-08-29 01:00:00,24.308,24.308,24.308,24.308,0,0.0,,,,,
2023-08-30 01:00:00,24.308,24.308,24.308,24.308,0,0.0,,,,,
2023-08-31 01:00:00,24.308,24.308,24.308,24.308,0,0.0,,,,,
2023-09-05 01:00:00,24.308,24.308,24.308,24.308,0,0.0,,,,,
2023-09-06 01:00:00,24.308,24.308,24.308,24.308,0,0.0,,,,,
2023-09-07 01:00:00,24.308,24.308,24.308,24.308,0,0.0,,,,,
2023-09-08 01:00:00,24.308,24.308,24.308,24.308,0,0.0,,,,,
2023-09-11 01:00:00,24.308,24.308,24.308,24.308,0,0.0,,,,,
2023-09-12 01:00:00,24.308,24.308,24.308,24.308,0,0.0,,,,,
2023-09-13 01:00:00,15.557,15.557,15.557,15.557,200,3111.4,,,,,
2023-09-14 01:00:00,15.557,15.557,15.557,15.557,0,0.0,,,,,
2023-09-15 01:00:00,15.557,15.557,15.557,15.557,0,0.0,,,,,
2023-09-18 01:00:00,15.557,15.557,15.557,15.557,0,0.0,,,,,
2023-09-19 01:00:00,15.557,15.557,15.557,15.557,0,0.0,,,,,
2023-09-20 01:00:00,15.557,15.557,15.557,15.557,0,0.0,,,,,
2023-09-21 01:00:00,15.557,15.557,15.557,15.557,0,0.0,,,,,
2023-09-22 01:00:00,15.557,15.557,15.557,15.557,0,0.0,,,,,
2023-09-25 01:00:00,15.557,15.557,15.557,15.557,0,0.0,,,,,
2023-09-26 01:00:00,15.557,15.557,15.557,15.557,0,0.0,,,,,
2023-09-27 01:00:00,15.557,15.557,15.557,15.557,0,0.0,,,,,
2023-09-28 01:00:00,15.557,15.557,15.557,15.557,0,0.0,,,,,
2023-09-29 01:00:00,15.557,15.557,15.557,15.557,0,0.0,,,,,
2023-10-02 01:00:00,15.557,15.557,15.557,15.557,0,0.0,,,,,
2023-10-03 01:00:00,15.557,15.557,15.557,15.557,0,0.0,,,,,
2023-10-04 01:00:00,15.557,15.557,15.557,15.557,0,0.0,,,,,
2023-10-05 01:00:00,15.557,15.557,15.557,15.557,0,0.0,,,,,
2023-10-06 01:00:00,15.557,15.557,15.557,15.557,0,0.0,,,,,
2023-10-09 01:00:00,15.557,15.557,15.557,15.557,0,0.0,,,,,
2023-10-10 01:00:00,15.557,15.557,15.557,15.557,0,0.0,,,,,
2023-10-11 01:00:00,15.557,15.557,15.557,15.557,0,0.0,,,,,
2023-10-12 01:00:00,15.557,15.557,15.557,15.557,0,0.0,,,,,
2023-10-13 01:00:00,15.557,15.557,15.557,15.557,0,0.0,,,,,
2023-10-16 01:00:00,15.557,15.557,15.557,15.557,0,0.0,,,,,
2023-10-17 01:00:00,15.557,15.557,15.557,15.557,0,0.0,,,,,
2023-10-18 01:00:00,15.557,15.557,15.557,15.557,0,0.0,,,,,
2023-10-19 01:00:00,15.557,15.557,15.557,15.557,0,0.0,,,,,
2023-10-20 01:00:00,15.557,15.557,15.557,15.557,0,0.0,,,,,
2023-10-23 01:00:00,15.557,15.557,15.557,15.557,0,0.0,,,,,
2023-10-24 01:00:00,15.557,15.557,15.557,15.557,0,0.0,,,,,
2023-10-25 01:00:00,15.557,15.557,15.557,15.557,0,0.0,,,,,
2023-10-26 01:00:00,15.557,15.557,15.557,15.557,0,0.0,,,,,
2023-10-27 01:00:00,15.557,15.557,15.557,15.557,0,0.0,,,,,
2023-10-30 00:00:00,15.557,15.557,15.557,15.557,0,0.0,,,,,
2023-10-31 00:00:00,15.557,15.557,15.557,15.557,0,0.0,,,,,
2023-11-01 00:00:00,15.557,15.557,15.557,15.557,0,0.0,,,,,
2023-11-02 00:00:00,15.557,15.557,15.557,15.557,0,0.0,,,,,
2023-11-03 00:00:00,15.557,15.557,15.557,15.557,0,0.0,,,,,
2023-11-06 00:00:00,15.557,15.557,15.557,15.557,0,0.0,,,,,
2023-11-07 00:00:00,15.557,15.557,15.557,15.557,0,0.0,,,,,
2023-11-08 00:00:00,15.557,15.557,15.557,15.557,0,0.0,,,,,
2023-11-09 00:00:00,15.557,15.557,15.557,15.557,0,0.0,,,,,
2023-11-10 00:00:00,15.557,15.557,15.557,15.557,0,0.0,,,,,
2023-11-13 00:00:00,15.557,15.557,15.557,15.557,0,0.0,,,,,
2023-11-14 00:00:00,15.557,15.557,15.557,15.557,0,0.0,,,,,
2023-11-15 00:00:00,15.557,15.557,15.557,15.557,0,0.0,,,,,
2023-11-16 00:00:00,15.557,15.557,15.557,15.557,0,0.0,,,,,
2023-11-17 00:00:00,15.557,15.557,15.557,15.557,0,0.0,,,,,
2023-11-20 00:00:00,15.557,15.557,15.557,15.557,0,0.0,,,,,
2023-11-21 00:00:00,15.557,15.557,15.557,15.557,0,0.0,,,,,
2023-11-22 00:00:00,15.557,15.557,15.557,15.557,0,0.0,,,,,
2023-11-23 00:00:00,15.557,15.557,15.557,15.557,0,0.0,,,,,
2023-11-24 00:00:00,15.557,15.557,15.557,15.557,0,0.0,,,,,
2023-11-27 00:00:00,15.557,15.557,15.557,15.557,0,0.0,,,,,
2023-11-28 00:00:00,15.557,15.557,15.557,15.557,0,0.0,,,,,
2023-11-29 00:00:00,9.334,9.334,9.334,9.334,12100,112941.4,,,,,
2023-11-30 00:00:00,9.334,9.334,9.334,9.334,50,466.7,,,,,
2023-12-01 00:00:00,9.334,9.334,9.334,9.334,0,0.0,,,,,
2023-12-04 00:00:00,9.334,9.334,9.334,9.334,0,0.0,,,,,
2023-12-05 00:00:00,9.334,9.334,9.334,9.334,0,0.0,,,,,
2023-12-06 00:00:00,9.334,9.334,9.334,9.334,0,0.0,,,,,
2023-12-07 00:00:00,9.334,9.334,9.334,9.334,0,0.0,,,,,
2023-12-08 00:00:00,9.334,9.334,9.334,9.334,0,0.0,,,,,
2023-12-11 00:00:00,9.334,9.334,9.334,9.334,0,0.0,,,,,
2023-12-12 00:00:00,9.334,9.334,9.334,9.334,0,0.0,,,,,
2023-12-13 00:00:00,9.334,9.334,9.334,9.334,0,0.0,,,,,
2023-12-14 00:00:00,9.334,9.334,9.334,9.334,0,0.0,,,,,
2023-12-15 00:00:00,9.334,9.334,9.334,9.334,0,0.0,,,,,
2023-12-18 00:00:00,9.334,9.334,9.334,9.334,0,0.0,,,,,
2023-12-19 00:00:00,9.334,9.334,9.334,9.334,0,0.0,,,,,
2023-12-20 00:00:00,9.334,9.334,9.334,9.334,0,0.0,,,,,
2023-12-21 00:00:00,9.334,9.334,9.334,9.334,0,0.0,,,,,
2023-12-22 00:00:00,9.334,9.334,9.334,9.334,0,0.0,,,,,
2023-12-25 00:00:00,9.334,9.334,9.334,9.334,0,0.0,,,,,
2023-12-26 00:00:00,9.334,9.334,9.334,9.334,0,0.0,,,,,
2023-12-27 00:00:00,9.334,9.334,9.334,9.334,0,0.0,,,,,
2023-12-28 00:00:00,9.334,9.334,9.334,9.334,0,0.0,,,,,
2023-12-29 00:00:00,9.334,9.334,9.334,9.334,0,0.0,,,,,
2024-01-02 00:00:00,9.334,9.334,9.334,9.334,0,0.0,,,,,
2024-01-03 00:00:00,9.334,9.334,9.334,9.334,0,0.0,,,,,
2024-01-04 00:00:00,9.334,9.334,9.334,9.334,0,0.0,,,,,
2024-01-05 00:00:00,9.334,9.334,9.334,9.334,0,0.0,,,,,
2024-01-08 00:00:00,9.334,9.334,9.334,9.334,0,0.0,,,,,
2024-01-09 00:00:00,9.334,9.334,9.334,9.334,0,0.0,,,,,
2024-01-10 00:00:00,9.334,9.334,9.334,9.334,0,0.0,,,,,
2024-01-11 00:00:00,9.334,9.334,9.334,9.334,0,0.0,,,,,
2024-01-12 00:00:00,9.334,9.334,9.334,9.334,0,0.0,,,,,
2024-01-15 00:00:00,9.334,9.334,9.334,9.334,0,0.0,,,,,
2024-01-16 00:00:00,9.334,9.334,9.334,9.334,0,0.0,,,,,
2024-01-17 00:00:00,9.334,9.334,9.334,9.334,0,0.0,,,,,
2024-01-18 00:00:00,9.334,9.334,9.334,9.334,0,0.0,,,,,
2024-01-19 00:00:00,9.334,9.334,9.334,9.334,0,0.0,,,,,
2024-01-22 00:00:00,9.334,9.334,9.334,9.334,0,0.0,,,,,
2024-01-23 00:00:00,9.334,9.334,9.334,9.334,0,0.0,,,,,
2024-01-24 00:00:00,9.334,9.334,9.334,9.334,0,0.0,,,,,
2024-01-25 00:00:00,9.334,9.334,9.334,9.334,0,0.0,,,,,
2024-01-26 00:00:00,9.334,9.334,9.334,9.334,0,0.0,,,,,
2024-01-29 00:00:00,9.334,9.334,9.334,9.334,0,0.0,,,,,
2024-01-30 00:00:00,9.334,9.334,9.334,9.334,0,0.0,,,,,
2024-01-31 00:00:00,9.334,9.334,9.334,9.334,0,0.0,,,,,
2024-02-01 00:00:00,9.334,9.334,9.334,9.334,0,0.0,,,,,
2024-02-02 00:00:00,9.334,9.334,9.334,9.334,0,0.0,,,,,
2024-02-05 00:00:00,9.334,9.334,9.334,9.334,0,0.0,,,,,
2024-02-06 00:00:00,9.334,9.334,9.334,9.334,0,0.0,,,,,
2024-02-07 00:00:00,9.334,9.334,9.334,9.334,0,0.0,,,,,
2024-02-15 00:00:00,9.334,9.334,9.334,9.334,0,0.0,,,,,
2024-02-16 00:00:00,9.334,9.334,9.334,9.334,0,0.0,,,,,
2024-02-19 00:00:00,9.334,9.334,9.334,9.334,0,0.0,,,,,
2024-02-20 00:00:00,9.334,9.334,9.334,9.334,0,0.0,,,,,
2024-02-21 00:00:00,9.334,9.334,9.334,9.334,0,0.0,,,,,
2024-02-22 00:00:00,9.334,9.334,9.334,9.334,0,0.0,,,,,
2024-02-23 00:00:00,9.334,9.334,9.334,9.334,0,0.0,,,,,
2024-02-26 00:00:00,9.334,9.334,9.334,9.334,0,0.0,,,,,
2024-02-27 00:00:00,9.334,9.334,9.334,9.334,0,0.0,,,,,
2024-02-28 00:00:00,9.334,9.334,9.334,9.334,0,0.0,,,,,
2024-02-29 00:00:00,9.334,9.334,9.334,9.334,0,0.0,,,,,
2024-03-01 00:00:00,9.334,9.334,9.334,9.334,0,0.0,,,,,
2024-03-04 00:00:00,9.334,9.334,9.334,9.334,0,0.0,,,,,
2024-03-05 00:00:00,9.334,9.334,9.334,9.334,0,0.0,,,,,
2024-03-06 00:00:00,9.334,9.334,9.334,9.334,0,0.0,,,,,
2024-03-07 00:00:00,9.334,9.334,9.334,9.334,0,0.0,,,,,
2024-03-08 00:00:00,9.334,9.334,9.334,9.334,0,0.0,,,,,
2024-03-11 00:00:00,9.334,9.334,9.334,9.334,0,0.0,,,,,
2024-03-12 00:00:00,9.334,9.334,9.334,9.334,0,0.0,,,,,
2024-03-13 00:00:00,9.334,9.334,9.334,9.334,0,0.0,,,,,
2024-03-14 00:00:00,9.334,9.334,9.334,9.334,0,0.0,,,,,
2024-03-15 00:00:00,9.334,9.334,9.334,9.334,0,0.0,,,,,
2024-03-18 00:00:00,9.334,9.334,9.334,9.334,0,0.0,,,,,
2024-03-19 00:00:00,9.334,9.334,9.334,9.334,0,0.0,,,,,
2024-03-20 00:00:00,9.334,9.334,9.334,9.334,0,0.0,,,,,
2024-03-21 00:00:00,9.334,9.334,9.334,9.334,0,0.0,,,,,
2024-03-22 00:00:00,9.334,9.334,9.334,9.334,0,0.0,,,,,
2024-03-25 00:00:00,9.334,9.334,9.334,9.334,0,0.0,,,,,
2024-03-26 00:00:00,9.334,9.334,9.334,9.334,0,0.0,,,,,
2024-03-27 00:00:00,9.334,9.334,9.334,9.334,0,0.0,,,,,
2024-03-28 00:00:00,9.334,9.334,9.334,9.334,0,0.0,,,,,
2024-03-29 00:00:00,9.334,9.334,9.334,9.334,0,0.0,,,,,
2024-04-01 01:00:00,9.334,9.334,9.334,9.334,0,0.0,,,,,
2024-04-02 01:00:00,9.334,9.334,9.334,9.334,0,0.0,,,,,
2024-04-03 01:00:00,9.334,9.334,9.334,9.334,0,0.0,,,,,
2024-04-04 01:00:00,9.334,9.334,9.334,9.334,0,0.0,,,,,
2024-04-05 01:00:00,9.334,9.334,9.334,9.334,0,0.0,,,,,
2024-04-08 01:00:00,9.334,9.334,9.334,9.334,0,0.0,,,,,
2024-04-09 01:00:00,9.334,9.334,9.334,9.334,0,0.0,,,,,
2024-04-10 01:00:00,9.334,9.334,9.334,9.334,0,0.0,,,,,
2024-04-11 01:00:00,9.334,9.334,9.334,9.334,0,0.0,,,,,
2024-04-12 01:00:00,9.334,9.334,9.334,9.334,0,0.0,,,,,
2024-04-15 01:00:00,9.334,9.334,9.334,9.334,0,0.0,,,,,
2024-04-16 01:00:00,9.334,9.334,9.334,9.334,0,0.0,,,,,
2024-04-17 01:00:00,9.334,9.334,9.334,9.334,0,0.0,,,,,
2024-04-19 01:00:00,9.334,9.334,9.334,9.334,0,0.0,,,,,
2024-04-22 01:00:00,9.334,9.334,9.334,9.334,0,0.0,,,,,
2024-04-23 01:00:00,9.334,9.334,9.334,9.334,0,0.0,,,,,
2024-04-24 01:00:00,9.334,9.334,9.334,9.334,0,0.0,,,,,
2024-04-25 01:00:00,9.334,9.334,9.334,9.334,0,0.0,,,,,
2024-04-26 01:00:00,9.334,9.334,9.334,9.334,0,0.0,,,,,
2024-05-02 01:00:00,9.334,9.334,9.334,9.334,0,0.0,,,,,
2024-05-03 01:00:00,9.334,9.334,9.334,9.334,0,0.0,,,,,
2024-05-06 01:00:00,9.334,9.334,9.334,9.334,0,0.0,,,,,
2024-05-07 01:00:00,9.334,9.334,9.334,9.334,0,0.0,,,,,
2024-05-08 01:00:00,9.334,9.334,9.334,9.334,0,0.0,,,,,
2024-05-09 01:00:00,9.334,9.334,9.334,9.334,0,0.0,,,,,
2024-05-10 01:00:00,9.334,9.334,9.334,9.334,0,0.0,,,,,
2024-05-13 01:00:00,9.334,9.334,9.334,9.334,0,0.0,,,,,
2024-05-14 01:00:00,9.334,9.334,9.334,9.334,0,0.0,,,,,
2024-05-15 01:00:00,9.334,9.334,9.334,9.334,0,0.0,,,,,
2024-05-16 01:00:00,9.334,9.334,9.334,9.334,0,0.0,,,,,
2024-05-17 01:00:00,9.334,9.334,9.334,9.334,0,0.0,,,,,
2024-05-20 01:00:00,9.334,9.334,9.334,9.334,0,0.0,,,,,
2024-05-21 01:00:00,9.334,9.334,9.334,9.334,0,0.0,,,,,
2024-05-22 01:00:00,9.334,9.334,9.334,9.334,0,0.0,,,,,
2024-05-23 01:00:00,9.334,9.334,9.334,9.334,0,0.0,,,,,
2024-05-24 01:00:00,9.334,9.334,9.334,9.334,0,0.0,,,,,
2024-05-27 01:00:00,9.334,9.334,9.334,9.334,0,0.0,,,,,
2024-05-28 01:00:00,9.334,9.334,9.334,9.334,0,0.0,,,,,
2024-05-29 01:00:00,9.334,9.334,9.334,9.334,0,0.0,,,,,
2024-05-30 01:00:00,9.334,9.334,9.334,9.334,0,0.0,,,,,
2024-05-31 01:00:00,9.334,9.334,9.334,9.334,0,0.0,,,,,
2024-06-03 01:00:00,9.334,9.334,9.334,9.334,0,0.0,,,,,
2024-06-04 01:00:00,9.334,9.334,9.334,9.334,0,0.0,,,,,
2024-06-05 01:00:00,9.334,9.334,9.334,9.334,0,0.0,,,,,
2024-06-06 01:00:00,9.334,9.334,9.334,9.334,0,0.0,,,,,
2024-06-07 01:00:00,9.334,9.334,9.334,9.334,0,0.0,,,,,
2024-06-10 01:00:00,9.334,9.334,9.334,9.334,0,0.0,,,,,
2024-06-11 01:00:00,9.334,9.334,9.334,9.334,0,0.0,,,,,
2024-06-12 01:00:00,9.334,9.334,9.334,9.334,0,0.0,,,,,
2024-06-13 01:00:00,9.334,9.334,9.334,9.334,0,0.0,,,,,
2024-06-14 01:00:00,9.334,9.334,9.334,9.334,0,0.0,,,,,
2024-06-17 01:00:00,9.334,9.334,9.334,9.334,0,0.0,,,,,
2024-06-18 01:00:00,9.334,9.334,9.334,9.334,0,0.0,,,,,
2024-06-19 01:00:00,9.334,9.334,9.334,9.334,0,0.0,,,,,
2024-06-20 01:00:00,9.334,9.334,9.334,9.334,0,0.0,,,,,
2024-06-21 01:00:00,9.334,9.334,9.334,9.334,0,0.0,,,,,
2024-06-24 01:00:00,9.334,9.334,9.334,9.334,0,0.0,,,,,
2024-06-25 01:00:00,9.334,9.334,9.334,9.334,0,0.0,,,,,
2024-06-26 01:00:00,9.334,9.334,9.334,9.334,0,0.0,,,,,
2024-06-27 01:00:00,9.334,9.334,9.334,9.334,0,0.0,,,,,
2024-06-28 01:00:00,9.334,9.334,9.334,9.334,0,0.0,,,,,
2024-07-01 01:00:00,9.334,9.334,9.334,9.334,0,0.0,,,,,
2024-07-02 01:00:00,9.334,9.334,9.334,9.334,0,0.0,,,,,
2024-07-03 01:00:00,9.334,9.334,9.334,9.334,0,0.0,,,,,
2024-07-04 01:00:00,9.334,9.334,9.334,9.334,0,0.0,,,,,
2024-07-05 01:00:00,9.334,9.334,9.334,9.334,0,0.0,,,,,
2024-07-08 01:00:00,9.334,9.334,9.334,9.334,0,0.0,,,,,
2024-07-09 01:00:00,9.334,9.334,9.334,9.334,0,0.0,,,,,
2024-07-10 01:00:00,9.334,9.334,9.334,9.334,0,0.0,,,,,
2024-07-11 01:00:00,9.334,9.334,9.334,9.334,0,0.0,,,,,
2024-07-12 01:00:00,9.334,9.334,9.334,9.334,0,0.0,,,,,
2024-07-15 01:00:00,9.334,9.334,9.334,9.334,0,0.0,,,,,
2024-07-16 01:00:00,9.334,9.334,9.334,9.334,0,0.0,,,,,
2024-07-17 01:00:00,9.334,9.334,9.334,9.334,0,0.0,,,,,
2024-07-18 01:00:00,9.334,9.334,9.334,9.334,0,0.0,,,,,
2024-07-19 01:00:00,9.334,9.334,9.334,9.334,0,0.0,,,,,
2024-07-22 01:00:00,9.334,9.334,9.334,9.334,0,0.0,,,,,
2024-07-23 01:00:00,9.334,9.334,9.334,9.334,0,0.0,,,,,
2024-07-24 01:00:00,9.334,9.334,9.334,9.334,0,0.0,,,,,
2024-07-25 01:00:00,9.334,9.334,9.334,9.334,0,0.0,,,,,
2024-07-26 01:00:00,9.334,9.334,9.334,9.334,0,0.0,,,,,
2024-07-29 01:00:00,9.334,9.334,9.334,9.334,0,0.0,,,,,
2024-07-30 01:00:00,9.334,9.334,9.334,9.334,0,0.0,,,,,
2024-07-31 01:00:00,9.334,9.334,9.334,9.334,0,0.0,,,,,
2024-08-01 01:00:00,9.334,9.334,9.334,9.334,0,0.0,,,,,
2024-08-02 01:00:00,9.334,9.334,9.334,9.334,0,0.0,,,,,
2024-08-05 01:00:00,9.334,9.334,9.334,9.334,0,0.0,,,,,
2024-08-06 01:00:00,9.334,9.334,9.334,9.334,0,0.0,,,,,
2024-08-07 01:00:00,9.334,9.334,9.334,9.334,0,0.0,,,,,
2024-08-08 01:00:00,9.334,9.334,9.334,9.334,0,0.0,,,,,
2024-08-09 01:00:00,9.334,9.334,9.334,9.334,0,0.0,,,,,
2024-08-12 01:00:00,9.334,9.334,9.334,9.334,0,0.0,,,,,
2024-08-13 01:00:00,9.334,9.334,9.334,9.334,0,0.0,,,,,
2024-08-14 01:00:00,9.334,9.334,9.334,9.334,0,0.0,,,,,
2024-08-15 01:00:00,9.334,9.334,9.334,9.334,0,0.0,,,,,
2024-08-16 01:00:00,9.334,9.334,9.334,9.334,0,0.0,,,,,
2024-08-19 01:00:00,9.334,9.334,9.334,9.334,0,0.0,,,,,
2024-08-20 01:00:00,9.334,9.334,9.334,9.334,0,0.0,,,,,
2024-08-21 01:00:00,9.334,9.334,9.334,9.334,0,0.0,,,,,
2024-08-22 01:00:00,9.334,9.334,9.334,9.334,0,0.0,,,,,
2024-08-23 01:00:00,9.334,9.334,9.334,9.334,0,0.0,,,,,
2024-08-26 01:00:00,9.334,9.334,9.334,9.334,0,0.0,,,,,
2024-08-27 01:00:00,9.334,9.334,9.334,9.334,0,0.0,,,,,
2024-08-28 01:00:00,9.334,9.334,9.334,9.334,0,0.0,,,,,
2024-08-29 01:00:00,9.334,9.334,9.334,9.334,0,0.0,,,,,
2024-08-30 01:00:00,9.334,9.334,9.334,9.334,0,0.0,,,,,
2024-09-04 01:00:00,9.334,9.334,9.334,9.334,0,0.0,,,,,
2024-09-05 01:00:00,9.334,9.334,9.334,9.334,0,0.0,,,,,
2024-09-06 01:00:00,9.334,9.334,9.334,9.334,0,0.0,,,,,
2024-09-09 01:00:00,9.334,9.334,9.334,9.334,0,0.0,,,,,
2024-09-10 01:00:00,9.334,9.334,9.334,9.334,0,0.0,,,,,
2024-09-11 01:00:00,9.334,9.334,9.334,9.334,0,0.0,,,,,
2024-09-12 01:00:00,9.334,9.334,9.334,9.334,0,0.0,,,,,
2024-09-13 01:00:00,9.334,9.334,9.334,9.334,0,0.0,,,,,
2024-09-16 01:00:00,9.334,9.334,9.334,9.334,0,0.0,,,,,
2024-09-17 01:00:00,9.334,9.334,9.334,9.334,0,0.0,,,,,
2024-09-18 01:00:00,9.334,9.334,9.334,9.334,0,0.0,,,,,
2024-09-19 01:00:00,9.334,9.334,9.334,9.334,0,0.0,,,,,
2024-09-20 01:00:00,9.334,9.334,9.334,9.334,0,0.0,,,,,
2024-09-23 01:00:00,9.334,9.334,9.334,9.334,0,0.0,,,,,
2024-09-24 01:00:00,9.334,9.334,9.334,9.334,0,0.0,,,,,
2024-09-25 01:00:00,9.334,9.334,9.334,9.334,0,0.0,,,,,
2024-09-26 01:00:00,9.334,9.334,9.334,9.334,0,0.0,,,,,
2024-09-27 01:00:00,9.334,9.334,9.334,9.334,0,0.0,,,,,
2024-09-30 01:00:00,9.334,9.334,9.334,9.334,0,0.0,,,,,
2024-10-01 01:00:00,9.334,9.334,9.334,9.334,0,0.0,,,,,
2024-10-02 01:00:00,13.029,13.029,13.029,13.029,100,1302.9,,,,,
2024-10-03 01:00:00,13.029,13.029,13.029,13.029,0,0.0,,,,,
2024-10-04 01:00:00,13.029,13.029,13.029,13.029,0,0.0,,,,,
2024-10-07 01:00:00,13.029,13.029,13.029,13.029,0,0.0,,,,,
2024-10-08 01:00:00,13.029,13.029,13.029,13.029,0,0.0,,,,,
2024-10-09 01:00:00,13.029,13.029,13.029,13.029,0,0.0,,,,,
2024-10-10 01:00:00,13.029,13.029,13.029,13.029,0,0.0,,,,,
2024-10-11 01:00:00,13.029,13.029,13.029,13.029,0,0.0,,,,,
2024-10-14 01:00:00,13.029,13.029,13.029,13.029,0,0.0,,,,,
2024-10-15 01:00:00,13.029,13.029,13.029,13.029,0,0.0,,,,,
2024-10-16 01:00:00,13.029,13.029,13.029,13.029,0,0.0,,,,,
2024-10-17 01:00:00,13.029,13.029,13.029,13.029,0,0.0,,,,,
2024-10-18 01:00:00,13.029,13.029,13.029,13.029,0,0.0,,,,,
2024-10-21 01:00:00,13.029,13.029,13.029,13.029,0,0.0,,,,,
2024-10-22 01:00:00,13.029,13.029,13.029,13.029,0,0.0,,,,,
2024-10-23 01:00:00,13.029,13.029,13.029,13.029,0,0.0,,,,,
2024-10-24 01:00:00,13.029,13.029,13.029,13.029,0,0.0,,,,,
2024-10-25 01:00:00,13.029,13.029,13.029,13.029,0,0.0,,,,,
2024-10-28 00:00:00,13.029,13.029,13.029,13.029,0,0.0,,,,,
2024-10-29 00:00:00,13.029,13.029,13.029,13.029,0,0.0,,,,,
2024-10-30 00:00:00,13.029,13.029,13.029,13.029,0,0.0,,,,,
2024-10-31 00:00:00,13.029,13.029,13.029,13.029,0,0.0,,,,,
2024-11-01 00:00:00,13.029,13.029,13.029,13.029,0,0.0,,,,,
2024-11-04 00:00:00,13.029,13.029,13.029,13.029,0,0.0,,,,,
2024-11-05 00:00:00,13.029,13.029,13.029,13.029,0,0.0,,,,,
2024-11-06 00:00:00,13.029,13.029,13.029,13.029,0,0.0,,,,,
2024-11-07 00:00:00,13.029,13.029,13.029,13.029,0,0.0,,,,,
2024-11-08 00:00:00,13.029,13.029,13.029,13.029,0,0.0,,,,,
2024-11-11 00:00:00,13.029,13.029,13.029,13.029,0,0.0,,,,,
2024-11-12 00:00:00,13.029,13.029,13.029,13.029,0,0.0,,,,,
2024-11-13 00:00:00,13.029,13.029,13.029,13.029,0,0.0,,,,,
2024-11-14 00:00:00,13.029,13.029,13.029,13.029,0,0.0,,,,,
2024-11-15 00:00:00,13.029,13.029,13.029,13.029,0,0.0,,,,,
2024-11-18 00:00:00,13.029,13.029,13.029,13.029,0,0.0,,,,,
2024-11-19 00:00:00,13.029,13.029,13.029,13.029,0,0.0,,,,,
2024-11-20 00:00:00,13.029,13.029,13.029,13.029,0,0.0,,,,,
2024-11-21 00:00:00,13.029,13.029,13.029,13.029,0,0.0,,,,,
2024-11-22 00:00:00,13.029,13.029,13.029,13.029,0,0.0,,,,,
2024-11-25 00:00:00,13.029,13.029,13.029,13.029,0,0.0,,,,,
2024-11-26 00:00:00,13.029,13.029,13.029,13.029,0,0.0,,,,,
2024-11-27 00:00:00,13.029,13.029,13.029,13.029,0,0.0,,,,,
2024-11-28 00:00:00,13.029,13.029,13.029,13.029,0,0.0,,,,,
2024-11-29 00:00:00,13.029,13.029,13.029,13.029,0,0.0,,,,,
2024-12-02 00:00:00,13.029,13.029,13.029,13.029,0,0.0,,,,,
2024-12-03 00:00:00,13.029,13.029,13.029,13.029,0,0.0,,,,,
2024-12-04 00:00:00,13.029,13.029,13.029,13.029,0,0.0,,,,,
2024-12-05 00:00:00,13.029,13.029,13.029,13.029,0,0.0,,,,,
2024-12-06 00:00:00,13.029,13.029,13.029,13.029,0,0.0,,,,,
2024-12-09 00:00:00,13.029,13.029,13.029,13.029,0,0.0,,,,,
2024-12-10 00:00:00,13.029,13.029,13.029,13.029,0,0.0,,,,,
2024-12-11 00:00:00,13.029,13.029,13.029,13.029,0,0.0,,,,,
2024-12-12 00:00:00,13.029,13.029,13.029,13.029,0,0.0,,,,,
2024-12-13 00:00:00,13.029,13.029,13.029,13.029,0,0.0,,,,,
2024-12-16 00:00:00,13.029,13.029,13.029,13.029,0,0.0,,,,,
2024-12-17 00:00:00,13.029,13.029,13.029,13.029,0,0.0,,,,,
2024-12-18 00:00:00,13.029,13.029,13.029,13.029,0,0.0,,,,,
2024-12-19 00:00:00,13.029,13.029,13.029,13.029,0,0.0,,,,,
2024-12-20 00:00:00,13.029,13.029,13.029,13.029,0,0.0,,,,,
2024-12-23 00:00:00,13.029,13.029,13.029,13.029,0,0.0,,,,,
2024-12-24 00:00:00,13.029,13.029,13.029,13.029,0,0.0,,,,,
2024-12-25 00:00:00,13.029,13.029,13.029,13.029,0,0.0,,,,,
2024-12-26 00:00:00,13.029,13.029,13.029,13.029,0,0.0,,,,,
2024-12-27 00:00:00,13.029,13.029,13.029,13.029,0,0.0,,,,,
2024-12-30 00:00:00,13.029,13.029,13.029,13.029,0,0.0,,,,,
2024-12-31 00:00:00,13.029,13.029,13.029,13.029,0,0.0,,,,,
2025-01-02 00:00:00,13.029,13.029,13.029,13.029,0,0.0,,,,,
2025-01-03 00:00:00,13.029,13.029,13.029,13.029,0,0.0,,,,,
2025-01-06 00:00:00,13.029,13.029,13.029,13.029,0,0.0,,,,,
2025-01-07 00:00:00,13.029,13.029,13.029,13.029,0,0.0,,,,,
2025-01-08 00:00:00,13.029,13.029,13.029,13.029,0,0.0,,,,,
2025-01-09 00:00:00,13.029,13.029,13.029,13.029,0,0.0,,,,,
2025-01-10 00:00:00,13.029,13.029,13.029,13.029,0,0.0,,,,,
2025-01-13 00:00:00,13.029,13.029,13.029,13.029,0,0.0,,,,,
2025-01-14 00:00:00,13.029,13.029,13.029,13.029,0,0.0,,,,,
2025-01-15 00:00:00,13.029,13.029,13.029,13.029,0,0.0,,,,,
2025-01-16 00:00:00,13.029,13.029,13.029,13.029,0,0.0,,,,,
2025-01-17 00:00:00,13.029,13.029,13.029,13.029,0,0.0,,,,,
2025-01-20 00:00:00,13.029,13.029,13.029,13.029,0,0.0,,,,,
2025-01-21 00:00:00,13.029,13.029,13.029,13.029,0,0.0,,,,,
2025-01-22 00:00:00,13.029,13.029,13.029,13.029,0,0.0,,,,,
2025-01-23 00:00:00,13.029,13.029,13.029,13.029,0,0.0,,,,,
2025-01-24 00:00:00,13.029,13.029,13.029,13.029,0,0.0,,,,,
2025-02-03 00:00:00,13.029,13.029,13.029,13.029,0,0.0,,,,,
2025-02-04 00:00:00,13.029,13.029,13.029,13.029,0,0.0,,,,,
2025-02-05 00:00:00,13.029,13.029,13.029,13.029,0,0.0,,,,,
2025-02-06 00:00:00,13.029,13.029,13.029,13.029,0,0.0,,,,,
2025-02-07 00:00:00,13.029,13.029,13.029,13.029,0,0.0,,,,,
2025-02-10 00:00:00,13.029,13.029,13.029,13.029,0,0.0,,,,,
2025-02-11 00:00:00,13.029,13.029,13.029,13.029,0,0.0,,,,,
2025-02-12 00:00:00,13.029,13.029,13.029,13.029,0,0.0,,,,,
2025-02-13 00:00:00,13.029,13.029,13.029,13.029,0,0.0,,,,,
2025-02-14 00:00:00,13.029,13.029,13.029,13.029,0,0.0,,,,,
2025-02-17 00:00:00,13.029,13.029,13.029,13.029,0,0.0,,,,,
2025-02-18 00:00:00,13.029,13.029,13.029,13.029,0,0.0,,,,,
2025-02-19 00:00:00,13.029,13.029,13.029,13.029,0,0.0,,,,,
2025-02-20 00:00:00,13.029,13.029,13.029,13.029,0,0.0,,,,,
2025-02-21 00:00:00,13.029,13.029,13.029,13.029,0,0.0,,,,,
2025-02-24 00:00:00,13.029,13.029,13.029,13.029,0,0.0,,,,,
2025-02-25 00:00:00,13.029,13.029,13.029,13.029,0,0.0,,,,,
2025-02-26 00:00:00,13.029,13.029,13.029,13.029,0,0.0,,,,,
2025-02-27 00:00:00,13.029,13.029,13.029,13.029,0,0.0,,,,,
2025-02-28 00:00:00,13.029,13.029,13.029,13.029,0,0.0,,,,,
2025-03-03 00:00:00,13.029,13.029,13.029,13.029,0,0.0,,,,,
2025-03-04 00:00:00,13.029,13.029,13.029,13.029,0,0.0,,,,,
2025-03-05 00:00:00,13.029,13.029,13.029,13.029,0,0.0,,,,,
2025-03-06 00:00:00,13.029,13.029,13.029,13.029,0,0.0,,,,,
2025-03-07 00:00:00,13.029,13.029,13.029,13.029,0,0.0,,,,,
2025-03-10 00:00:00,13.029,13.029,13.029,13.029,0,0.0,,,,,
2025-03-11 00:00:00,13.029,13.029,13.029,13.029,0,0.0,,,,,
2025-03-12 00:00:00,13.029,13.029,13.029,13.029,0,0.0,,,,,
2025-03-13 00:00:00,13.029,13.029,13.029,13.029,0,0.0,,,,,
2025-03-14 00:00:00,13.029,13.029,13.029,13.029,0,0.0,,,,,
2025-03-17 00:00:00,13.029,13.029,13.029,13.029,0,0.0,,,,,
2025-03-18 00:00:00,13.029,13.029,13.029,13.029,0,0.0,,,,,
2025-03-19 00:00:00,13.029,13.029,13.029,13.029,0,0.0,,,,,
2025-03-20 00:00:00,13.029,13.029,13.029,13.029,0,0.0,,,,,
2025-03-21 00:00:00,13.029,13.029,13.029,13.029,0,0.0,,,,,
2025-03-24 00:00:00,13.029,13.029,13.029,13.029,0,0.0,,,,,
2025-03-25 00:00:00,13.029,13.029,13.029,13.029,0,0.0,,,,,
2025-03-26 00:00:00,13.029,13.029,13.029,13.029,0,0.0,,,,,
2025-03-27 00:00:00,13.029,13.029,13.029,13.029,0,0.0,,,,,
2025-03-28 00:00:00,13.029,13.029,13.029,13.029,0,0.0,,,,,
2025-03-31 01:00:00,13.029,13.029,13.029,13.029,0,0.0,,,,,
2025-04-01 01:00:00,13.029,13.029,13.029,13.029,0,0.0,,,,,
2025-04-02 01:00:00,13.029,13.029,13.029,13.029,0,0.0,,,,,
2025-04-03 01:00:00,13.029,13.029,13.029,13.029,0,0.0,,,,,
2025-04-04 01:00:00,13.029,13.029,13.029,13.029,0,0.0,,,,,
2025-04-08 01:00:00,13.029,13.029,13.029,13.029,0,0.0,,,,,
2025-04-09 01:00:00,13.029,13.029,13.029,13.029,0,0.0,,,,,
2025-04-10 01:00:00,13.029,13.029,13.029,13.029,0,0.0,,,,,
2025-04-11 01:00:00,13.029,13.029,13.029,13.029,0,0.0,,,,,
2025-04-14 01:00:00,13.029,13.029,13.029,13.029,0,0.0,,,,,
2025-04-15 01:00:00,13.029,13.029,13.029,13.029,0,0.0,,,,,
2025-04-16 01:00:00,13.029,13.029,13.029,13.029,0,0.0,,,,,
2025-04-17 01:00:00,13.029,13.029,13.029,13.029,0,0.0,,,,,
2025-04-18 01:00:00,13.029,13.029,13.029,13.029,0,0.0,,,,,
2025-04-21 01:00:00,13.029,13.029,13.029,13.029,0,0.0,,,,,
2025-04-22 01:00:00,13.029,13.029,13.029,13.029,0,0.0,,,,,
2025-04-23 01:00:00,13.029,13.029,13.029,13.029,0,0.0,,,,,
2025-04-24 01:00:00,13.029,13.029,13.029,13.029,0,0.0,,,,,
2025-04-25 01:00:00,13.029,13.029,13.029,13.029,0,0.0,,,,,
2025-04-28 01:00:00,13.029,13.029,13.029,13.029,0,0.0,,,,,
2025-04-29 01:00:00,13.029,13.029,13.029,13.029,0,0.0,,,,,
2025-05-05 01:00:00,13.029,13.029,13.029,13.029,0,0.0,,,,,
2025-05-06 01:00:00,13.029,13.029,13.029,13.029,0,0.0,,,,,
2025-05-07 01:00:00,13.029,13.029,13.029,13.029,0,0.0,,,,,
2025-05-08 01:00:00,13.029,13.029,13.029,13.029,0,0.0,,,,,
2025-05-09 01:00:00,13.029,13.029,13.029,13.029,0,0.0,,,,,
2025-05-12 01:00:00,13.029,13.029,13.029,13.029,0,0.0,,,,,
2025-05-13 01:00:00,13.029,13.029,13.029,13.029,0,0.0,,,,,
2025-05-14 01:00:00,13.029,13.029,13.029,13.029,0,0.0,,,,,
2025-05-15 01:00:00,13.029,13.029,13.029,13.029,0,0.0,,,,,
2025-05-16 01:00:00,13.029,13.029,13.029,13.029,0,0.0,,,,,
2025-05-19 01:00:00,13.029,13.029,13.029,13.029,0,0.0,,,,,
2025-05-20 01:00:00,13.029,13.029,13.029,13.029,0,0.0,,,,,
2025-05-21 01:00:00,13.029,13.029,13.029,13.029,0,0.0,,,,,
2025-05-22 01:00:00,13.029,13.029,13.029,13.029,0,0.0,,,,,
2025-05-23 01:00:00,13.029,13.029,13.029,13.029,0,0.0,,,,,
2025-05-26 01:00:00,13.029,13.029,13.029,13.029,0,0.0,,,,,
2025-05-27 01:00:00,13.029,13.029,13.029,13.029,0,0.0,,,,,
2025-05-28 01:00:00,13.029,13.029,13.029,13.029,0,0.0,,,,,
2025-05-29 01:00:00,13.029,13.029,13.029,13.029,0,0.0,,,,,
2025-05-30 01:00:00,13.029,13.029,13.029,13.029,0,0.0,,,,,
2025-06-02 01:00:00,13.029,13.029,13.029,13.029,0,0.0,,,,,
2025-06-03 01:00:00,13.029,13.029,13.029,13.029,0,0.0,,,,,
2025-06-04 01:00:00,13.029,13.029,13.029,13.029,0,0.0,,,,,
2025-06-05 01:00:00,13.029,13.029,13.029,13.029,0,0.0,,,,,
2025-06-06 01:00:00,13.029,13.029,13.029,13.029,0,0.0,,,,,
2025-06-09 01:00:00,13.029,13.029,13.029,13.029,0,0.0,,,,,
2025-06-10 01:00:00,13.029,13.029,13.029,13.029,0,0.0,,,,,
2025-06-11 01:00:00,13.029,13.029,13.029,13.029,0,0.0,,,,,
2025-06-12 01:00:00,18.182,18.182,18.182,18.182,100,1818.2,,,,,
2025-06-13 01:00:00,18.182,18.182,18.182,18.182,0,0.0,,,,,
2025-06-16 01:00:00,18.182,18.182,18.182,18.182,0,0.0,,,,,
2025-06-17 01:00:00,18.182,18.182,18.182,18.182,0,0.0,,,,,
2025-06-18 01:00:00,20.904,20.904,20.904,20.904,1002,20945.808,,,,,
2025-06-19 01:00:00,20.904,20.904,20.904,20.904,0,0.0,,,,,
2025-06-20 01:00:00,20.904,20.904,20.904,20.904,0,0.0,,,,,
2025-06-23 01:00:00,20.904,20.904,20.904,20.904,0,0.0,,,,,
2025-06-24 01:00:00,20.904,20.904,20.904,20.904,0,0.0,,,,,
2025-06-25 01:00:00,24.016,24.016,24.016,24.016,300,7204.799999999999,,,,,
2025-06-26 01:00:00,27.613,27.613,27.613,27.613,100,2761.3,,,,,
2025-06-27 01:00:00,31.697,31.697,31.697,31.697,100,3169.7,,,,,
2025-06-30 01:00:00,36.267,36.267,32.086,32.086,400,12834.4,,,,,
2025-07-01 01:00:00,37.822,37.92,37.822,37.92,200,7584.0,,,,,
2025-07-02 01:00:00,32.28,37.434,32.28,37.434,200,7486.799999999999,,,,,
2025-07-03 01:00:00,33.058,33.058,33.058,33.058,600,19834.8,,,,,
2025-07-04 01:00:00,33.058,33.058,33.058,33.058,0,0.0,,,,,
2025-07-07 01:00:00,33.058,33.058,33.058,33.058,100,3305.8,,,,,
2025-07-08 01:00:00,33.058,33.058,33.058,33.058,0,0.0,,,,,
2025-07-09 01:00:00,33.058,33.058,33.058,33.058,0,0.0,,,,,
2025-07-10 01:00:00,32.572,33.058,32.572,33.058,900,29752.2,,,,,
2025-07-11 01:00:00,32.961,32.961,32.961,32.961,0,0.0,,,,,
2025-07-14 01:00:00,32.572,32.572,32.572,32.572,1200,39086.4,,,,,
2025-07-15 01:00:00,29.266,29.266,29.266,29.266,300,8779.8,,,,,
2025-07-16 01:00:00,31.891,32.669,31.891,32.669,4000,130676.0,,,,,
2025-07-17 01:00:00,31.211,31.211,31.211,31.211,200,6242.2,,,,,
2025-07-18 01:00:00,31.211,31.211,31.211,31.211,0,0.0,,,,,
2025-07-21 01:00:00,30.239,30.239,30.239,30.239,700,21167.3,,,,,
2025-07-22 01:00:00,31.114,32.572,31.016,32.572,2700,87944.40000000001,,,,,
2025-07-23 01:00:00,31.6,31.6,31.6,31.6,0,0.0,,,,,
2025-07-24 01:00:00,31.6,31.6,31.6,31.6,0,0.0,,,,,
2025-07-25 01:00:00,31.6,31.6,31.6,31.6,0,0.0,,,,,
2025-07-28 01:00:00,31.6,31.6,31.6,31.6,0,0.0,,,,,
2025-07-29 01:00:00,31.6,31.6,31.6,31.6,0,0.0,,,,,
2025-07-30 01:00:00,31.6,31.6,31.6,31.6,0,0.0,,,,,
2025-07-31 01:00:00,31.6,31.6,31.6,31.6,0,0.0,,,,,
2025-08-01 01:00:00,31.6,31.6,31.6,31.6,0,0.0,,,,,
2025-08-04 01:00:00,31.6,31.6,31.6,31.6,0,0.0,,,,,
2025-08-05 01:00:00,31.6,31.6,31.6,31.6,0,0.0,,,,,
2025-08-06 01:00:00,31.6,31.6,31.6,31.6,0,0.0,,,,,
2025-08-07 01:00:00,31.6,31.6,31.6,31.6,0,0.0,,,,,
2025-08-08 01:00:00,31.6,31.6,31.6,31.6,0,0.0,,,,,
2025-08-11 01:00:00,31.6,31.6,31.6,31.6,0,0.0,,,,,
2025-08-12 01:00:00,31.6,31.6,31.6,31.6,0,0.0,,,,,
2025-08-13 01:00:00,31.6,31.6,31.6,31.6,0,0.0,,,,,
2025-08-14 01:00:00,31.6,31.6,31.6,31.6,0,0.0,,,,,
2025-08-15 01:00:00,31.6,31.6,31.6,31.6,0,0.0,,,,,
2025-08-18 01:00:00,36.3,36.3,36.2,36.3,1600,58079.99999999999,,,,,
2025-08-19 01:00:00,39.0,41.7,39.0,41.7,2700,112590.0,,,,,
2025-08-20 01:00:00,45.0,45.8,45.0,45.8,1000,45800.0,,,,,
2025-08-21 01:00:00,49.4,52.4,49.4,52.4,2000,104800.0,,,,,
2025-08-22 01:00:00,52.1,52.1,52.1,52.1,0,0.0,,,,,
2025-08-25 01:00:00,52.1,52.1,52.1,52.1,0,0.0,,,,,
2025-08-26 01:00:00,52.1,52.1,52.1,52.1,0,0.0,,,,,
2025-08-27 01:00:00,52.1,52.1,52.1,52.1,0,0.0,,,,,
2025-08-28 01:00:00,52.0,52.0,52.0,52.0,200,10400.0,,,,,
2025-08-29 01:00:00,52.0,52.0,52.0,52.0,0,0.0,,,,,
2025-09-03 01:00:00,52.0,52.0,52.0,52.0,1,52.0,,,,,
2025-09-04 01:00:00,52.0,52.0,52.0,52.0,0,0.0,,,,,
2025-09-05 01:00:00,52.5,52.5,52.5,52.5,100,5250.0,,,,,
2025-09-08 01:00:00,52.5,52.5,52.5,52.5,0,0.0,,,,,
2025-09-09 01:00:00,52.5,52.5,52.5,52.5,0,0.0,,,,,
2025-09-10 01:00:00,52.5,52.5,52.5,52.5,0,0.0,,,,,
2025-09-11 01:00:00,52.5,52.5,52.5,52.5,0,0.0,,,,,
2025-09-12 01:00:00,52.5,52.5,52.5,52.5,0,0.0,,,,,
2025-09-15 01:00:00,52.5,52.5,52.5,52.5,0,0.0,,,,,
2025-09-16 01:00:00,52.5,52.5,52.5,52.5,0,0.0,,,,,
2025-09-17 01:00:00,52.5,52.5,52.5,52.5,0,0.0,,,,,
2025-09-18 01:00:00,52.5,52.5,52.5,52.5,0,0.0,,,,,
2025-09-19 01:00:00,52.5,52.5,52.5,52.5,0,0.0,,,,,
2025-09-22 01:00:00,52.5,52.5,52.5,52.5,0,0.0,,,,,
2025-09-23 01:00:00,52.5,52.5,52.5,52.5,0,0.0,,,,,
2025-09-24 01:00:00,52.5,52.5,52.5,52.5,0,0.0,,,,,
2025-09-25 01:00:00,52.5,52.5,52.5,52.5,0,0.0,,,,,
2025-09-26 01:00:00,52.5,52.5,52.5,52.5,0,0.0,,,,,
2025-09-29 01:00:00,52.5,52.5,52.5,52.5,0,0.0,,,,,
2025-09-30 01:00:00,52.5,52.5,52.5,52.5,0,0.0,,,,,
2025-10-01 01:00:00,52.5,52.5,52.5,52.5,0,0.0,,,,,
2025-10-02 01:00:00,52.5,52.5,52.5,52.5,0,0.0,,,,,
2025-10-03 01:00:00,52.5,52.5,52.5,52.5,0,0.0,,,,,
2025-10-06 01:00:00,50.0,50.0,50.0,50.0,700,35000.0,,,,,
2025-10-07 01:00:00,50.0,50.0,50.0,50.0,0,0.0,,,,,
2025-10-08 01:00:00,50.0,50.0,50.0,50.0,0,0.0,,,,,
2025-10-09 00:00:00,52.0,52.0,52.0,52.0,800,41600.0,0.0,0.0,0.0,0.0,0.0
2025-10-10 00:00:00,,0.0,0.0,0.0,0,0.0,0.0,0.0,0.0,0.0,0.0
2025-10-13 00:00:00,,0.0,0.0,0.0,0,0.0,0.0,0.0,0.0,0.0,0.0
2025-10-14 00:00:00,45.0,45.0,45.0,45.0,3000,135000.0,0.0,0.0,0.0,0.0,0.0
2025-10-15 00:00:00,,0.0,0.0,0.0,0,0.0,0.0,0.0,0.0,0.0,0.0
2025-10-16 00:00:00,45.0,45.0,45.0,45.0,200,9000.0,0.0,0.0,0.0,0.0,0.0
2025-10-17 00:00:00,,0.0,0.0,0.0,0,0.0,0.0,0.0,0.0,0.0,0.0
2025-10-20 00:00:00,,0.0,0.0,0.0,0,0.0,0.0,0.0,0.0,0.0,0.0
2025-10-21 00:00:00,,0.0,0.0,0.0,0,0.0,0.0,0.0,0.0,0.0,0.0
2025-10-22 00:00:00,,0.0,0.0,0.0,0,0.0,0.0,0.0,0.0,0.0,0.0
2025-10-23 00:00:00,,0.0,0.0,0.0,0,0.0,0.0,0.0,0.0,0.0,0.0
2025-10-24 00:00:00,,0.0,0.0,0.0,0,0.0,0.0,0.0,0.0,0.0,0.0
2025-10-27 00:00:00,,0.0,0.0,0.0,0,0.0,0.0,0.0,0.0,0.0,0.0
2025-10-28 00:00:00,,0.0,0.0,0.0,0,0.0,0.0,0.0,0.0,0.0,0.0
2025-10-29 00:00:00,,0.0,0.0,0.0,0,0.0,0.0,0.0,0.0,0.0,0.0
2025-10-30 00:00:00,,0.0,0.0,0.0,0,0.0,0.0,0.0,0.0,0.0,0.0
2025-10-31 00:00:00,,0.0,0.0,0.0,0,0.0,0.0,0.0,0.0,0.0,0.0
2025-11-03 00:00:00,,0.0,0.0,0.0,0,0.0,0.0,0.0,0.0,0.0,0.0
2025-11-04 00:00:00,,0.0,0.0,0.0,0,0.0,0.0,0.0,0.0,0.0,0.0
2025-11-05 00:00:00,,0.0,0.0,0.0,0,0.0,0.0,0.0,0.0,0.0,0.0
2025-11-06 00:00:00,,0.0,0.0,0.0,0,0.0,0.0,0.0,0.0,0.0,0.0
2025-11-07 00:00:00,,0.0,0.0,0.0,0,0.0,0.0,0.0,0.0,0.0,0.0
2025-11-10 00:00:00,,0.0,0.0,0.0,0,0.0,0.0,0.0,0.0,0.0,0.0
2025-11-11 00:00:00,,0.0,0.0,0.0,0,0.0,0.0,0.0,0.0,0.0,0.0
2025-11-12 00:00:00,,0.0,0.0,0.0,0,0.0,0.0,0.0,0.0,0.0,0.0
2025-11-14 00:00:00,,0.0,0.0,0.0,0,0.0,0.0,0.0,0.0,0.0,0.0
2025-11-17 00:00:00,,0.0,0.0,0.0,0,0.0,0.0,0.0,0.0,0.0,0.0
2025-11-18 00:00:00,,0.0,0.0,0.0,0,0.0,0.0,0.0,0.0,0.0,0.0
2025-11-19 00:00:00,,0.0,0.0,0.0,0,0.0,0.0,0.0,0.0,0.0,0.0
2025-11-20 00:00:00,,0.0,0.0,0.0,0,0.0,0.0,0.0,0.0,0.0,0.0
2025-11-25 00:00:00,,0.0,0.0,0.0,0,0.0,0.0,0.0,0.0,0.0,0.0
2025-11-26 00:00:00,,0.0,0.0,0.0,0,0.0,0.0,0.0,0.0,0.0,0.0
2025-11-27 00:00:00,,0.0,0.0,0.0,0,0.0,0.0,0.0,0.0,0.0,0.0
2025-11-28 00:00:00,,0.0,0.0,0.0,0,0.0,0.0,0.0,0.0,0.0,0.0
2025-12-01 00:00:00,,0.0,0.0,0.0,0,0.0,0.0,0.0,0.0,0.0,0.0
2025-12-02 00:00:00,,0.0,0.0,0.0,0,0.0,0.0,0.0,0.0,0.0,0.0
2025-12-03 00:00:00,,0.0,0.0,0.0,0,0.0,0.0,0.0,0.0,0.0,0.0
2025-12-04 00:00:00,62.5,62.5,62.5,62.5,100,6250.0,0.0,0.0,0.0,0.0,0.0
2025-12-05 00:00:00,,0.0,0.0,0.0,0,0.0,0.0,0.0,0.0,0.0,0.0
2025-12-08 00:00:00,,0.0,0.0,0.0,0,0.0,0.0,0.0,0.0,0.0,0.0
2025-12-10 00:00:00,,0.0,0.0,0.0,0,0.0,0.0,0.0,0.0,0.0,0.0
2025-12-11 00:00:00,,0.0,0.0,0.0,0,0.0,0.0,0.0,0.0,0.0,0.0
2025-12-12 00:00:00,,0.0,0.0,0.0,0,0.0,0.0,0.0,0.0,0.0,0.0
2025-12-15 00:00:00,,0.0,0.0,0.0,0,0.0,0.0,0.0,0.0,0.0,0.0
2025-12-23,,0.0,0.0,0.0,0,0.0,0.0,0.0,0.0,0.0,0.0
2025-12-24,,0.0,0.0,0.0,0,0.0,0.0,0.0,0.0,0.0,0.0
2025-12-25,,0.0,0.0,0.0,0,0.0,0.0,0.0,0.0,0.0,0.0
2025-12-26,,0.0,0.0,0.0,0,0.0,0.0,0.0,0.0,0.0,0.0
2025-12-29,,0.0,0.0,0.0,0,0.0,0.0,0.0,0.0,0.0,0.0
2025-12-30,,0.0,0.0,0.0,0,0.0,0.0,0.0,0.0,0.0,0.0
2025-12-31,,0.0,0.0,0.0,0,0.0,0.0,0.0,0.0,0.0,0.0
2026-01-01,,0.0,0.0,0.0,0,0.0,0.0,0.0,0.0,0.0,0.0
2026-01-02,,0.0,0.0,0.0,0,0.0,0,0,0.0,0.0,0.00
